CREATE TABLE Affiliation (aff_id Integer NOT NULL,
title varchar(20),
description varchar(50),
PRIMARY KEY (aff_id));

CREATE TABLE SecurityClearance (sc_id Integer NOT NULL,
sc_level varchar(20),
description varchar(50),
PRIMARY KEY (sc_id));

CREATE TABLE Agent (agent_id Integer NOT NULL,
first varchar(20), 
middle varchar(20), 
last varchar(20),
address varchar(50),
city varchar(20),
country  varchar(20), 
salary  Integer, 
clearance_id Integer,
PRIMARY KEY (agent_id),
FOREIGN KEY (clearance_id) REFERENCES SecurityClearance);

CREATE TABLE AffiliationRel (aff_id Integer NOT NULL,
agent_id Integer,
affiliation_strength varchar(10),
PRIMARY KEY (aff_id,agent_id),
FOREIGN KEY (aff_id) REFERENCES Affiliation,
FOREIGN KEY (agent_id) REFERENCES Agent);

CREATE TABLE Team (team_id Integer NOT NULL,
name varchar(20),
meeting_frequency varchar(20),
PRIMARY KEY (team_id));

CREATE TABLE  Mission (mission_id Integer NOT NULL,
name varchar(20), 
access_id Integer, 
team_id Integer,
mission_status varchar(20),
PRIMARY KEY (mission_id),
FOREIGN KEY (access_id) REFERENCES SecurityClearance,
FOREIGN KEY (team_id) REFERENCES Team);

CREATE TABLE Language (lang_id Integer NOT NULL,
language varchar(20),
PRIMARY KEY (lang_id));

CREATE TABLE LanguageRel (lang_id Integer NOT NULL,
agent_id Integer NOT NULL,
PRIMARY KEY (lang_id,agent_id),
FOREIGN KEY(lang_id) REFERENCES Language,
FOREIGN KEY(agent_id) REFERENCES Agent);

CREATE TABLE Skill (skill_id Integer NOT NULL,
skill varchar(20),
PRIMARY KEY (skill_id));

CREATE TABLE SkillRel (skill_id Integer NOT NULL,
agent_id Integer NOT NULL,
PRIMARY KEY (skill_id,agent_id),
FOREIGN KEY(skill_id) REFERENCES Skill,
FOREIGN KEY(agent_id) REFERENCES Agent);

CREATE TABLE TeamRel (team_id Integer NOT NULL,
agent_id Integer NOT NULL,
PRIMARY KEY (team_id,agent_id),
FOREIGN KEY(team_id) REFERENCES Team,
FOREIGN KEY(agent_id) REFERENCES Agent);

INSERT INTO Affiliation VALUES (1, 'CSIS', 'Canadian Security Intelligence Service');
INSERT INTO Affiliation VALUES (2, 'ASIO', 'Australian Security Intelligence Organization');
INSERT INTO Affiliation VALUES (3, 'MI6', 'British Secret Service');
INSERT INTO Affiliation VALUES (4, 'KGB', 'Russian Secret Service');
INSERT INTO Affiliation VALUES (5, 'Mossad', 'Israeli Secret Service Agency');
INSERT INTO Affiliation VALUES (6, 'GSG-9', 'German Counterterrorism Group');
INSERT INTO Affiliation VALUES (7, 'SBC', 'Security Service of Ukraine');
INSERT INTO Affiliation VALUES (8, 'Interpol', 'International Police Organisation');
INSERT INTO Affiliation VALUES (9, 'CIA', 'Central Intelligence Agency');
INSERT INTO Affiliation VALUES (10, 'FBI', 'Federal Bureau of Intelligence');
INSERT INTO Affiliation VALUES (11, 'NSA', 'National Security Agency (Communications)');
INSERT INTO Affiliation VALUES (12, 'FSB', 'Russian Federal Security Service');
INSERT INTO Affiliation VALUES (13, 'AIVD', 'Dutch General Intelligence');
INSERT INTO Affiliation VALUES (14, 'MIVD', 'Dutch Millitary Intelligence');
INSERT INTO Affiliation VALUES (15, 'FSV', 'Russian Foreign Intelligence');
INSERT INTO Affiliation VALUES (16, 'MI5', 'British Intelligence');
INSERT INTO Affiliation VALUES (17, 'ECHELON', 'World Electronic Spy Network');
INSERT INTO Affiliation VALUES (18, 'BOSS', 'South African Special Service Agency');
INSERT INTO Affiliation VALUES (19, 'EGI', 'Egyptian General Intelligence');
INSERT INTO Affiliation VALUES (20, 'IGI', 'Iraqi General Intelligence');
INSERT INTO Affiliation VALUES (21, 'JGI', 'Jordanian General Intelligence');
INSERT INTO Affiliation VALUES (22, 'SGI', 'Syrian General Intelligence');
INSERT INTO Affiliation VALUES (23, 'Mafia', 'Secret terrorist group in Sicily');
INSERT INTO Affiliation VALUES (24, 'Al-Kaida', 'Secret islamic terrorist group');
INSERT INTO Affiliation VALUES (25, 'Hezzbollah', 'Secret Palestinian terrorist group');
INSERT INTO Affiliation VALUES (26, 'Redneck Knights', 'Secret Texas terrorist group');
INSERT INTO Affiliation VALUES (27, 'Michigan Militia', 'Secret society for Arms dealers');
INSERT INTO Affiliation VALUES (28, 'Hamas', 'Palestinian Terrorist group');
INSERT INTO Affiliation VALUES (29, 'Red Brigade', 'Russian Communist terrorist group');
INSERT INTO Affiliation VALUES (30, 'Columbian Cartel', 'Secret Columbian Narcotics Dealers');
INSERT INTO Affiliation VALUES (31, 'Hells Angels', 'Secret USA Motorcycle group');
INSERT INTO Affiliation VALUES (32, 'Black Panthers', 'Secret USA militant activist group');
INSERT INTO Affiliation VALUES (33, 'PAGAD', 'People against gansterism and drugs');
INSERT INTO Affiliation VALUES (34, 'IRA', 'Irish Republican Army');
INSERT INTO SecurityClearance VALUES (1, 'Presidential', 'Highest level of access');
INSERT INTO SecurityClearance VALUES (2, 'Majestic', 'Second highest level of access');
INSERT INTO SecurityClearance VALUES (3, 'Magellon', 'Third highest level of access');
INSERT INTO SecurityClearance VALUES (4, 'Top Secret', 'Fourth highest level of access');
INSERT INTO SecurityClearance VALUES (5, 'Secret', 'Fifth highest level of access');
INSERT INTO SecurityClearance VALUES (6, 'Classified', 'Second lowest clearance');
INSERT INTO SecurityClearance VALUES (7, 'Unclassified', 'Lowest level of clearance');
INSERT INTO Agent VALUES (1, 'Nick', 'Jim', 'Black', '44 1st Avenue', 'Athens', 'USA', 50553, 5);
INSERT INTO Agent VALUES (2, 'Bill', NULL, 'Bundt', '34 2nd Avenue', 'Paris', 'France', 50955, 6);
INSERT INTO Agent VALUES (3, 'Mathew', NULL, 'Cohen', '45 3rd Avenue', 'New York', 'USA', 55920, 5);
INSERT INTO Agent VALUES (4, 'Jim', NULL, 'Cowan', '1 4th Avenue', 'Athens', 'USA', 66554, 6);
INSERT INTO Agent VALUES (5, 'George', NULL, 'Fairley', '17 5th Avenue', 'New York', 'USA', 76396, 5);
INSERT INTO Agent VALUES (7, 'Bill', NULL, 'Heeman', '54 6th Avenue', 'San Francisco', 'USA', 51564, 4);
INSERT INTO Agent VALUES (8, 'Andrew', NULL, 'James', '3 7th Avenue', 'Paris', 'France', 53357, 3);
INSERT INTO Agent VALUES (12, 'Kristin', NULL, 'Delcambre', '2-6 8th Avenue', 'Athens', 'USA', 50503, 5);
INSERT INTO Agent VALUES (14, 'John', NULL, 'Johnston', '8 9th Avenue', 'Seattle', 'USA', 54479, 4);
INSERT INTO Agent VALUES (20, 'George', NULL, 'Jones', '8 10th Avenue', 'Paris', 'France', 50171, 6);
INSERT INTO Agent VALUES (21, 'Jim', NULL, 'Kieburtz', '55 11th Avenue', 'Baghdad', 'Iraq', 54492, 6);
INSERT INTO Agent VALUES (22, 'George', NULL, 'Launchbury', '44 12th Avenue', 'Hong Kong', 'China', 54453, 2);
INSERT INTO Agent VALUES (24, 'Chris', NULL, 'Leen', '7 13th Avenue', 'Athens', 'USA', 56719, 2);
INSERT INTO Agent VALUES (25, 'Jim', NULL, 'Maier', '92-94 14th Avenue', 'Hong Kong', 'China', 50662, 5);
INSERT INTO Agent VALUES (27, 'George', NULL, 'McNamee', '44 15th Avenue', 'Warsaw', 'Poland', 54453, 2);
INSERT INTO Agent VALUES (30, 'Kristin', NULL, 'Moody', '34 16th Avenue', 'Milan', 'Italy', 54803, 5);
INSERT INTO Agent VALUES (31, 'Lois', NULL, 'Oviat', '33 17th Avenue', 'Seattle', 'USA', 54802, 3);
INSERT INTO Agent VALUES (33, 'Mathew', NULL, 'Pu', '18 18th Avenue', 'Athens', 'USA', 54266, 3);
INSERT INTO Agent VALUES (35, 'Jonathan', NULL, 'Sheard', '24 19th Avenue', 'Warsaw', 'Poland', 52297, 2);
INSERT INTO Agent VALUES (36, 'Nick', NULL, 'Steere', '15 20th Avenue', 'San Francisco', 'USA', 56702, 5);
INSERT INTO Agent VALUES (37, 'John', NULL, 'Walpole', '4 21st Avenue', 'New York', 'USA', 54519, 6);
INSERT INTO Agent VALUES (39, 'Nicolas', NULL, 'Barnard', '17 22nd Avenue', 'Seattle', 'USA', 55622, 2);
INSERT INTO Agent VALUES (43, 'Jim', NULL, 'Novick', '33 23rd Avenue', 'Athens', 'USA', 54803, 6);
INSERT INTO Agent VALUES (45, 'Pete', NULL, 'Consel', '42 24th Avenue', 'Athens', 'USA', 53612, 5);
INSERT INTO Agent VALUES (48, 'Bill', NULL, 'Bellegarde', '27 25th Avenue', 'Seattle', 'USA', 54512, 6);
INSERT INTO Agent VALUES (49, 'Jonathan', NULL, 'Hammerstrom', '89 26th Avenue', 'Paris', 'France', 58864, 5);
INSERT INTO Agent VALUES (50, 'Helen', NULL, 'Hermansky', '74 27th Avenue', 'Athens', 'USA', 57574, 5);
INSERT INTO Agent VALUES (55, 'John', NULL, 'House', '35 28th Avenue', 'Seattle', 'USA', 54803, 5);
INSERT INTO Agent VALUES (56, 'Nicolas', NULL, 'Macon', '27 29th Avenue', 'San Francisco', 'USA', 55261, 5);
INSERT INTO Agent VALUES (58, 'Jason', NULL, 'Pavel', '17A 30th Avenue', 'Baghdad', 'Iraq', 54264, 5);
INSERT INTO Agent VALUES (59, 'David', NULL, 'Shapiro', '15 31st Avenue', 'Sydney', 'Austrailia', 52302, 6);
INSERT INTO Agent VALUES (61, 'Matt', NULL, 'Song', '5 32nd Avenue', 'Sydney', 'Austrailia', 82018, 2);
INSERT INTO Agent VALUES (62, 'Tim', NULL, 'Tolmach', '52 33rd Avenue', 'Athens', 'USA', 55151, 3);
INSERT INTO Agent VALUES (64, 'George', NULL, 'van Santen', '40 34th Avenue', 'Paris', 'France', 55263, 4);
INSERT INTO Agent VALUES (65, 'Jonh', NULL, 'Wan', '32 35th Avenue', 'San Francisco', 'USA', 56853, 6);
INSERT INTO Agent VALUES (69, 'Nick', NULL, 'Yan', '15 36th Avenue', 'Seattle', 'USA', 56702, 5);
INSERT INTO Agent VALUES (70, 'George', NULL, 'Yang', '12 37th Avenue', 'New York', 'USA', 67392, 5);
INSERT INTO Agent VALUES (71, 'Jim', NULL, 'Atckinson', '2 38th Avenue', 'Warsaw', 'Poland', 55779, 3);
INSERT INTO Agent VALUES (72, 'George', NULL, 'Day', '12 39th Avenue', 'Paris', 'France', 54801, 2);
INSERT INTO Agent VALUES (74, 'Tim', NULL, 'Fisher', '83 40th Avenue', 'Athens', 'USA', 54547, 5);
INSERT INTO Agent VALUES (76, 'Jonathan', NULL, 'Gent', '2 41st Avenue', 'Sydney', 'Austrailia', 53153, 3);
INSERT INTO Agent VALUES (78, 'Bill', NULL, 'Gill', '13 42nd Avenue', 'Baghdad', 'Iraq', 51926, 6);
INSERT INTO Agent VALUES (80, 'Mathew', NULL, 'Hakanson', '20 43rd Avenue', 'San Francisco', 'USA', 51273, 5);
INSERT INTO Agent VALUES (81, 'Pete', 'Jim', 'Heinlein', '6 44th Avenue', 'Paris', 'France', 54263, 1);
INSERT INTO Agent VALUES (82, 'Charlene', NULL, 'Ai', '6 45th Avenue', 'Athens', 'USA', 57980, 5);
INSERT INTO Agent VALUES (83, 'Jason', NULL, 'Amezcua', '11 46th Avenue', 'New York', 'USA', 51272, 5);
INSERT INTO Agent VALUES (84, 'George', NULL, 'Cohen', '12 47th Avenue', 'Seattle', 'USA', 57994, 5);
INSERT INTO Agent VALUES (85, 'Nick', NULL, 'Coeckx', '105 48th Avenue', 'Warsaw', 'Poland', 57933, 5);
INSERT INTO Agent VALUES (86, 'Leonidas', NULL, 'Galanis', '27 49th Avenue', 'Baghdad', 'Iraq', 52126, 6);
INSERT INTO Agent VALUES (87, 'Tim', NULL, 'Brock', '45 50th Avenue', 'Milan', 'Italy', 56704, 6);
INSERT INTO Agent VALUES (88, 'David', NULL, 'Dymock', '3 51st Avenue', 'Hong Kong', 'China', 50175, 5);
INSERT INTO Agent VALUES (89, 'George', NULL, 'Frazier', '146 52nd Avenue', 'San Francisco', 'USA', 58824, 4);
INSERT INTO Agent VALUES (90, 'John', NULL, 'Freitag', '5 53rd Avenue', 'Paris', 'France', 54722, 5);
INSERT INTO Agent VALUES (91, 'Chris', NULL, 'Glen', '21 54th Avenue', 'Seattle', 'USA', 55860, 4);
INSERT INTO Agent VALUES (92, 'Nickolas', NULL, 'Godfrey', '96 55th Avenue', 'Baghdad', 'Iraq', 50008, 2);
INSERT INTO Agent VALUES (93, 'Jonathan', NULL, 'Hoffman', '1 56th Avenue', 'San Francisco', 'USA', 54699, 6);
INSERT INTO Agent VALUES (94, 'David', NULL, 'Kadam', '22 57th Avenue', 'San Francisco', 'USA', 51126, 3);
INSERT INTO Agent VALUES (95, 'Allon', NULL, 'Kuhn', '22 58th Avenue', 'Athens', 'USA', 55093, 4);
INSERT INTO Agent VALUES (96, 'Tom', NULL, 'Lymar', '12 59th Avenue', 'Paris', 'France', 56485, 5);
INSERT INTO Agent VALUES (97, 'Jason', NULL, 'McGill', '15 60th Avenue', 'New York', 'USA', 90785, 5);
INSERT INTO Agent VALUES (99, 'Charles', NULL, 'Mou', NULL, 'Warsaw', 'Poland', 71207, 5);
INSERT INTO Agent VALUES (100, 'Pete', NULL, 'Pickering', '4 61st Avenue', 'Los Angeles', 'USA', 56702, 5);
INSERT INTO Agent VALUES (101, 'Julien', NULL, 'Sibbett', '23 62nd Avenue', 'Bangalore', 'India', 52152, 3);
INSERT INTO Agent VALUES (102, 'Robert', NULL, 'Smith', '9 63rd Avenue', 'Seattle', 'USA', 53922, 6);
INSERT INTO Agent VALUES (104, 'Bill', NULL, 'Spadaro', '10 64th Avenue', 'Paris', 'France', 78904, 6);
INSERT INTO Agent VALUES (105, 'Mary', NULL, 'Subramaniam', '2 65th Avenue', 'Warsaw', 'Poland', 50551, 6);
INSERT INTO Agent VALUES (106, 'Helen', NULL, 'Thamann', NULL, 'San Jose', 'USA', 71214, 2);
INSERT INTO Agent VALUES (107, 'Socrates', NULL, 'Yamada', '2 66th Avenue', 'Athens', 'USA', 57152, 5);
INSERT INTO Agent VALUES (108, 'Michail', NULL, 'Yu', '156 67th Avenue', 'San Francisco', 'USA', 56323, 6);
INSERT INTO Agent VALUES (112, 'Natalie', NULL, 'Zhao', '30 68th Avenue', 'Hong Kong', 'China', 89649, 2);
INSERT INTO Agent VALUES (113, 'Mary', NULL, 'Baker', '7 69th Avenue', 'Milan', 'Italy', 53152, 2);
INSERT INTO Agent VALUES (115, 'George', 'Jim', 'Bahr', '1 70th Avenue', 'Istanbul', 'Turkey', 58075, 3);
INSERT INTO Agent VALUES (116, 'George', NULL, 'Berkling', '3 71st Avenue', 'Tokyo', 'Japan', 50885, 5);
INSERT INTO Agent VALUES (121, 'Theo', NULL, 'Bell', '17 72nd Avenue', 'Seattle', 'USA', 72541, 2);
INSERT INTO Agent VALUES (122, 'Kristin', NULL, 'Bull', '18 73rd Avenue', 'Baghdad', 'Iraq', 89364, 5);
INSERT INTO Agent VALUES (123, 'Richard', NULL, 'Chakpapani', '37 74th Avenue', 'Athens', 'USA', 56078, 5);
INSERT INTO Agent VALUES (124, 'Michail', NULL, 'Cushing', NULL, 'Paris', 'France', 71232, 4);
INSERT INTO Agent VALUES (125, 'Bill', NULL, 'DiLiberty', '9-11 75th Avenue', 'New York', 'USA', 55262, 4);
INSERT INTO Agent VALUES (126, 'Kristin', NULL, 'DiNucci', '7 76th Avenue', 'Athens', 'USA', 52252, 5);
INSERT INTO Agent VALUES (127, 'Jason', NULL, 'Ege', NULL, 'San Francisco', 'USA', 71235, 4);
INSERT INTO Agent VALUES (128, 'Chris', NULL, 'Eklund', '19 77th Avenue', 'Seattle', 'USA', 54864, 5);
INSERT INTO Agent VALUES (129, 'Anne', NULL, 'Elliott', '45 78th Avenue', 'Baghdad', 'Iraq', 50008, 4);
INSERT INTO Agent VALUES (130, 'Nick', NULL, 'Fessler', '21 79th Avenue', 'Paris', 'France', 69120, 6);
INSERT INTO Agent VALUES (131, 'Bob', NULL, 'Foster', '12 80th Avenue', 'Shanghai', 'China', 57975, 5);
INSERT INTO Agent VALUES (132, 'Nickolas', NULL, 'Faenov', '27 81st Avenue', 'Baghdad', 'Iraq', 78034, 5);
INSERT INTO Agent VALUES (133, 'George', NULL, 'Gerk', '33 82nd Avenue', 'Athens', 'USA', 57964, 6);
INSERT INTO Agent VALUES (134, 'George', NULL, 'Moschovitis', '64 83rd Avenue', 'Hong Kong', 'China', 54263, 5);
INSERT INTO Agent VALUES (136, 'Michail', NULL, 'Giri', '24-26 84th Avenue', 'Baghdad', 'Iraq', 50556, 3);
INSERT INTO Agent VALUES (137, 'Thanassis', NULL, 'Godbole', '100 85th Avenue', 'Seattle', 'USA', 51167, 2);
INSERT INTO Agent VALUES (138, 'Pete', NULL, 'Gupta', NULL, 'London', 'England', 71246, 5);
INSERT INTO Agent VALUES (139, 'George', NULL, 'Hakansson', '73 86th Avenue', 'Paris', 'France', 54154, 2);
INSERT INTO Agent VALUES (140, 'John', NULL, 'Hansen', NULL, 'Hong Kong', 'China', 71248, 6);
INSERT INTO Agent VALUES (141, 'Nick', NULL, 'House', '34 87th Avenue', 'Baghdad', 'Iraq', 58108, 4);
INSERT INTO Agent VALUES (142, 'Nick', NULL, 'Hunter', '37 88th Avenue', 'San Francisco', 'USA', 90795, 5);
INSERT INTO Agent VALUES (143, 'Nick', NULL, 'Jagla', '11 89th Avenue', 'Seattle', 'USA', 55370, 6);
INSERT INTO Agent VALUES (144, 'Charles', NULL, 'Larrabee', '105 90th Avenue', 'Baghdad', 'Iraq', 128956, 5);
INSERT INTO Agent VALUES (145, 'Jim', NULL, 'Platis', '28 91st Avenue', 'Baghdad', 'Iraq', 90674, 6);
INSERT INTO Agent VALUES (146, 'Travis', NULL, 'Loney', '31 92nd Avenue', 'Warsaw', 'Poland', 89473, 3);
INSERT INTO Agent VALUES (148, 'George', NULL, 'Mak', '46 93rd Avenue', 'New York', 'USA', 90674, 3);
INSERT INTO Agent VALUES (149, 'Tim', NULL, 'Miller', '18 94th Avenue', 'Berlin', 'Germany', 78903, 3);
INSERT INTO Agent VALUES (150, 'John', NULL, 'Muthusamy', '23 95th Avenue', 'Hong Kong', 'China', 67946, 5);
INSERT INTO Agent VALUES (151, 'Rozalie', NULL, 'Nadimpalli', '71 96th Avenue', 'Rome', 'Greece', 50172, 5);
INSERT INTO Agent VALUES (152, 'Jason', NULL, 'Noel', '6 97th Avenue', 'Warsaw', 'Poland', 72403, 5);
INSERT INTO Agent VALUES (153, 'David', NULL, 'Parekh', '9 98th Avenue', 'Athens', 'USA', 90764, 6);
INSERT INTO Agent VALUES (154, 'Jim', NULL, 'Pellet', '7 99th Avenue', 'Jerusalem', 'Israel', 96784, 2);
INSERT INTO Agent VALUES (155, 'Pete', NULL, 'Porter', '3 100th Avenue', 'Seattle', 'USA', 57484, 3);
INSERT INTO Agent VALUES (157, 'Mary', NULL, 'Proell', '23 1st Avenue', 'Paris', 'France', 54358, 5);
INSERT INTO Agent VALUES (159, 'Charles', NULL, 'Schaefer', '30 2nd Avenue', 'Baghdad', 'Iraq', 54152, 5);
INSERT INTO Agent VALUES (160, 'George', NULL, 'Singh', '23 3rd Avenue', 'Tokyo', 'Japan', 54265, 3);
INSERT INTO Agent VALUES (161, 'Richard', NULL, 'Staehli', '18 4th Avenue', 'Cairo', 'Egypt', 90673, 2);
INSERT INTO Agent VALUES (163, 'Jim', NULL, 'Stoltzt', '13 5th Avenue', 'Rome', 'Greece', 54152, 5);
INSERT INTO Agent VALUES (164, 'Andrew', NULL, 'Stuber', '55 6th Avenue', 'Seattle', 'USA', 90785, 4);
INSERT INTO Agent VALUES (165, 'Tim', NULL, 'Tenneti', NULL, 'New York', 'USA', 71273, 5);
INSERT INTO Agent VALUES (166, 'Tom', NULL, 'Vengataraman', '34 7th Avenue', 'Cairo', 'Egypt', 90867, 2);
INSERT INTO Agent VALUES (167, 'Michail', NULL, 'Vireday', '2 8th Avenue', 'Baghdad', 'Iraq', 67894, 4);
INSERT INTO Agent VALUES (168, 'Richard', NULL, 'Venkatesh', '47-49 9th Avenue', 'San Francisco', 'USA', 56592, 2);
INSERT INTO Agent VALUES (169, 'Nick', NULL, 'Wu', '20 10th Avenue', 'Warsaw', 'Poland', 89647, 4);
INSERT INTO Agent VALUES (170, 'Theodore', 'Xia', 'Vireday', '61 11th Avenue', 'Baghdad', 'Iraq', 71278, 5);
INSERT INTO Agent VALUES (172, 'Nick', NULL, 'Avendano', '29 12th Avenue', 'Seattle', 'USA', 90856, 2);
INSERT INTO Agent VALUES (173, 'Ethan', NULL, 'Baker', '7 13th Avenue', 'Sydney', 'Austrailia', 98693, 3);
INSERT INTO Agent VALUES (174, 'Travis', NULL, 'Balasubramanian', '7 14th Avenue', 'Toronto', 'Canada', 67893, 5);
INSERT INTO Agent VALUES (175, 'Luke', NULL, 'Barklay', '2 15th Avenue', 'Rome', 'Greece', 54264, 1);
INSERT INTO Agent VALUES (177, 'Chris', NULL, 'Bedell', '2 16th Avenue', 'Paris', 'France', 57893, 3);
INSERT INTO Agent VALUES (178, 'Lucie', NULL, 'Bozack', '45 17th Avenue', 'Sydney', 'Austrailia', 55683, 5);
INSERT INTO Agent VALUES (179, 'Alex', NULL, 'Brunner', '1 18th Avenue', 'Baghdad', 'Iraq', 54262, 1);
INSERT INTO Agent VALUES (180, 'Mary', NULL, 'Chen', '29 19th Avenue', 'Warsaw', 'Poland', 67893, 2);
INSERT INTO Agent VALUES (181, 'Tim', NULL, 'Churnside', '29 20th Avenue', 'Warsaw', 'Poland', 72771, 1);
INSERT INTO Agent VALUES (182, 'Ethan', 'Jim', 'Cloninger', '29 21st Avenue', 'San Francisco', 'USA', 89647, 3);
INSERT INTO Agent VALUES (183, 'George', NULL, 'DeFreez', '17 22nd Avenue', 'Athens', 'USA', 50552, 3);
INSERT INTO Agent VALUES (184, 'Jim', NULL, 'Ducosdray', '12 23rd Avenue', 'New York', 'USA', 78967, 5);
INSERT INTO Agent VALUES (185, 'Josef', NULL, 'Ellis', '29 24th Avenue', 'Seattle', 'USA', 90785, 5);
INSERT INTO Agent VALUES (186, 'Bob', NULL, 'Ferguson', NULL, 'Baghdad', 'Iraq', 71294, 5);
INSERT INTO Agent VALUES (187, 'George', NULL, 'Fossey', '43 25th Avenue', 'Cairo', 'Egypt', 51492, 3);
INSERT INTO Agent VALUES (188, 'Ethan', NULL, 'Anderson', '8 26th Avenue', 'Warsaw', 'Poland', 50173, 2);
INSERT INTO Agent VALUES (189, 'Jim', NULL, 'Ganta', NULL, 'Paris', 'France', 71297, 4);
INSERT INTO Agent VALUES (190, 'Andrew', NULL, 'Gesley', '31 27th Avenue', 'San Francisco', 'USA', 96300, 1);
INSERT INTO Agent VALUES (191, 'Nickolas', NULL, 'Huynh', '149 31 28th Avenue', 'Warsaw', 'Poland', 56923, 4);
INSERT INTO Agent VALUES (192, 'Lilly', NULL, 'Li', '117 31 29th Avenue', 'Athens', 'USA', 67893, 3);
INSERT INTO Agent VALUES (193, 'Shawn', NULL, 'Lin', '51 31 30th Avenue', 'Maine', 'USA', 57333, 5);
INSERT INTO Agent VALUES (198, 'Crispin', NULL, 'Liu', '197 31 31st Avenue', 'Maine', 'USA', 56703, 2);
INSERT INTO Agent VALUES (199, 'David', NULL, 'Lyu', '83 31 32nd Avenue', 'Baghdad', 'Iraq', 54672, 5);
INSERT INTO Agent VALUES (200, 'Gregory', NULL, 'Maker', '60 31 33rd Avenue', 'Seattle', 'USA', 54329, 5);
INSERT INTO Agent VALUES (201, 'Charlene', NULL, 'McCormick', NULL, 'Warsaw', 'Poland', 71309, 3);
INSERT INTO Agent VALUES (202, 'Marie', NULL, 'McKinney', '3 31 34th Avenue', 'San Francisco', 'USA', 57577, 5);
INSERT INTO Agent VALUES (203, 'George', NULL, 'Pardy', '43 31 35th Avenue', 'Istanbul', 'Turkey', 51492, 3);
INSERT INTO Agent VALUES (204, 'Jason', NULL, 'Pitts', '2 36th Avenue', 'Maine', 'USA', 89674, 3);
INSERT INTO Agent VALUES (205, 'Ethan', NULL, 'Plummer', '6 37th Avenue', 'Paris', 'France', 89674, 5);
INSERT INTO Agent VALUES (206, 'Lucie', NULL, 'Quintona', '67 38th Avenue', 'Toronto', 'Canada', 67894, 6);
INSERT INTO Agent VALUES (207, 'Kate', NULL, 'Rask', '32 39th Avenue', 'Baghdad', 'Iraq', 54482, 6);
INSERT INTO Agent VALUES (209, 'Chris', NULL, 'Rangarayan', '5 40th Avenue', 'San Francisco', 'USA', 50177, 3);
INSERT INTO Agent VALUES (210, 'Zoe', NULL, 'Richards', '60 41st Avenue', 'New York', 'USA', 53373, 3);
INSERT INTO Agent VALUES (211, 'Marie', NULL, 'Robinson', '4 42nd Avenue', 'Athens', 'USA', 78904, 4);
INSERT INTO Agent VALUES (212, 'Tom', NULL, 'Sathyam', '30 43rd Avenue', 'Tokyo', 'Japan', 90745, 3);
INSERT INTO Agent VALUES (217, 'Jim', NULL, 'Skinner', '29 44th Avenue', 'Seattle', 'USA', 78945, 6);
INSERT INTO Agent VALUES (219, 'Valerie', NULL, 'Sykes', '3 45th Avenue', 'Maine', 'USA', 77777, 5);
INSERT INTO Agent VALUES (220, 'Andrew', NULL, 'Tamjidi', '6 46th Avenue', 'Hong Kong', 'China', 50501, 4);
INSERT INTO Agent VALUES (221, 'Ethan', NULL, 'Viator', '114 47th Avenue', 'Warsaw', 'Poland', 89543, 1);
INSERT INTO Agent VALUES (223, 'Kate', NULL, 'Wu', '7 48th Avenue', 'Madrid', 'Spain', 52152, 5);
INSERT INTO Agent VALUES (226, 'Cecile', NULL, 'Zu', NULL, 'Baghdad', 'Iraq', 71334, 5);
INSERT INTO Agent VALUES (227, 'George', NULL, 'Barnack', '15-17 49th Avenue', 'Toronto', 'Canada', 54691, 3);
INSERT INTO Agent VALUES (228, 'Pete', NULL, 'Baron', '47 50th Avenue', 'San Francisco', 'USA', 89745, 3);
INSERT INTO Agent VALUES (229, 'Jason', NULL, 'Beeks', '29 51st Avenue', 'Seattle', 'USA', 54152, 5);
INSERT INTO Agent VALUES (230, 'Travis', NULL, 'Dye', NULL, 'Baghdad', 'Iraq', 71338, 4);
INSERT INTO Agent VALUES (232, 'JING WEN', NULL, 'Xiao Ting', NULL, 'New York', 'USA', 71340, 5);
INSERT INTO Agent VALUES (233, 'Pluto', NULL, 'Anderson', '3 52nd Avenue', 'Athens', 'USA', 54999, 1);
INSERT INTO Agent VALUES (235, 'Hembert-Glen', NULL, 'Tanner', '85 53rd Avenue', 'Paris', 'France', 54264, 5);
INSERT INTO Agent VALUES (236, 'David', NULL, 'Lewis', '62 54th Avenue', 'Maine', 'USA', 57375, 1);
INSERT INTO Agent VALUES (237, 'Serguie', NULL, 'Bikkenning', '6 55th Avenue', 'Warsaw', 'Poland', 67893, 5);
INSERT INTO Agent VALUES (238, 'Sophie', NULL, 'Dodin', '17 56th Avenue', 'San Francisco', 'USA', 56593, 3);
INSERT INTO Agent VALUES (239, 'Jonathan', NULL, 'Szilangui', '24 57th Avenue', 'Paris', 'France', 50393, 2);
INSERT INTO Agent VALUES (240, 'Tim', NULL, 'Hsu', '3 58th Avenue', 'Seattle', 'USA', 56151, 4);
INSERT INTO Agent VALUES (243, 'Chris', NULL, 'Peevy', '13 59th Avenue', 'New York', 'USA', 90745, 2);
INSERT INTO Agent VALUES (244, 'Bob', NULL, 'Sanchez', '41 60th Avenue', 'Baghdad', 'Iraq', 90784, 5);
INSERT INTO Agent VALUES (245, 'Charles', NULL, 'Sietos', '37 61st Avenue', 'San Jose', 'USA', 55482, 1);
INSERT INTO Agent VALUES (246, 'Ethan', NULL, 'Escamilla', '6 62nd Avenue', 'Tokyo', 'Japan', 54950, 5);
INSERT INTO Agent VALUES (247, 'Julien', NULL, 'Weber', '42 63rd Avenue', 'Madrid', 'Spain', 55262, 1);
INSERT INTO Agent VALUES (248, 'George', NULL, 'Kuzas', '34 64th Avenue', 'Warsaw', 'Poland', 56593, 5);
INSERT INTO Agent VALUES (249, 'Aristidis', NULL, 'Chung', '17 65th Avenue', 'Seattle', 'USA', 78904, 3);
INSERT INTO Agent VALUES (250, 'Bob', NULL, 'Mathews', '37 66th Avenue', 'New York', 'USA', 78904, 3);
INSERT INTO Agent VALUES (251, 'Tom', NULL, 'Popp', '8 67th Avenue', 'Paris', 'France', 57973, 3);
INSERT INTO Agent VALUES (252, 'Ethan', NULL, 'Petallas', '85-87 68th Avenue', 'Athens', 'USA', 90784, 5);
INSERT INTO Agent VALUES (254, 'John', NULL, 'Bailey', '12 69th Avenue', 'San Francisco', 'USA', 78934, 3);
INSERT INTO Agent VALUES (256, 'Pete', NULL, 'Ward', '10 70th Avenue', 'Toronto', 'Canada', 50393, 4);
INSERT INTO Agent VALUES (257, 'Nicholas', NULL, 'Korn', '9 71st Avenue', 'London', 'England', 89645, 4);
INSERT INTO Agent VALUES (258, 'John', NULL, 'Miller', '5 72nd Avenue', 'Maine', 'USA', 50555, 5);
INSERT INTO Agent VALUES (260, 'Joanne', NULL, 'Calderon', '118 73rd Avenue', 'Sao Paolo', 'Brazil', 89745, 4);
INSERT INTO Agent VALUES (261, 'Neithan', NULL, 'Vournas', NULL, 'Sydney', 'Austrailia', 71369, 5);
INSERT INTO Agent VALUES (262, 'John', NULL, 'Vails', '20 74th Avenue', 'Seattle', 'USA', 50287, 4);
INSERT INTO Agent VALUES (265, 'Kristin', NULL, 'Bliss', '3 75th Avenue', 'Toronto', 'Canada', 90745, 5);
INSERT INTO Agent VALUES (266, 'Sunday', NULL, 'Bazdarich', '44 76th Avenue', 'Paris', 'France', 78904, 3);
INSERT INTO Agent VALUES (267, 'Irene', NULL, 'Caster', '63 77th Avenue', 'New York', 'USA', 57934, 3);
INSERT INTO Agent VALUES (269, 'Ratco', NULL, 'Dejanocic', '72 78th Avenue', 'Madrid', 'Spain', 89045, 2);
INSERT INTO Agent VALUES (271, 'Andrew', NULL, 'Skiljan', '58 79th Avenue', 'Athens', 'USA', 90845, 3);
INSERT INTO Agent VALUES (272, 'Ashvin', NULL, 'Chung', '23 80th Avenue', 'Tokyo', 'Japan', 71380, 5);
INSERT INTO Agent VALUES (274, 'Mat', NULL, 'El Hafsi', '14 81st Avenue', 'San Francisco', 'USA', 57568, 5);
INSERT INTO Agent VALUES (275, 'Zdenka', NULL, 'Babic', '6 KORDUNASKA st', 'Jerusalem', 'Israel', 90784, 5);
INSERT INTO Agent VALUES (276, 'Maric', NULL, 'Slavco', '4 82nd Avenue', 'Jerusalem', 'Israel', 90748, 4);
INSERT INTO Agent VALUES (277, 'Tim', NULL, 'Galantine', '7 83rd Avenue', 'Seattle', 'USA', 89643, 1);
INSERT INTO Agent VALUES (278, 'Nick', NULL, 'Gerdes', '16 84th Avenue', 'Baghdad', 'Iraq', 89034, 5);
INSERT INTO Agent VALUES (279, 'Jason', NULL, 'Hanson', '9 85th Avenue', 'Paris', 'France', 56706, 1);
INSERT INTO Agent VALUES (280, 'Roberto', NULL, 'Johnson', '3 86th Avenue', 'Warsaw', 'Poland', 89667, 5);
INSERT INTO Agent VALUES (281, 'Jim', NULL, 'Khoury', '19 87th Avenue', 'San Francisco', 'USA', 53595, 1);
INSERT INTO Agent VALUES (283, 'George', NULL, 'Liao', '2 88th Avenue', 'Toronto', 'Canada', 50665, 5);
INSERT INTO Agent VALUES (284, 'Charles', NULL, 'Mayers', '33 89th Avenue', 'Seattle', 'USA', 90637, 2);
INSERT INTO Agent VALUES (285, 'Crispin', NULL, 'Montgomery', '24 90th Avenue', 'Jerusalem', 'Israel', 55261, 2);
INSERT INTO Agent VALUES (286, 'Ted', NULL, 'Rodgers', '24 91st Avenue', 'San Francisco', 'USA', 55461, 2);
INSERT INTO Agent VALUES (287, 'Tamara', NULL, 'Knuazuan', '73 92nd Avenue', 'Tokyo', 'Japan', 71395, 5);
INSERT INTO Agent VALUES (288, 'Jonathan', 'Jim', 'Rolland', '4 93rd Avenue', 'New York', 'USA', 58094, 5);
INSERT INTO Agent VALUES (293, 'Robert', NULL, 'Schaible', '116 94th Avenue', 'Paris', 'France', 54155, 5);
INSERT INTO Agent VALUES (295, 'Williams', NULL, 'Schill', '3 95th Avenue', 'Brussels', 'Luxembourg', 58093, 2);
INSERT INTO Agent VALUES (297, 'Goran', NULL, 'Nincovic', '18 96th Avenue', 'Jerusalem', 'Israel', 89534, 1);
INSERT INTO Agent VALUES (299, 'John', NULL, 'Schaible', '3 97th Avenue', 'Athens', 'USA', 89647, 3);
INSERT INTO Agent VALUES (301, 'George', NULL, 'Spicer', '56 98th Avenue', 'San Francisco', 'USA', 89645, 1);
INSERT INTO Agent VALUES (302, 'Michail', NULL, 'Srinivasan', '47 99th Avenue', 'Baghdad', 'Iraq', 51162, 2);
INSERT INTO Agent VALUES (303, 'Raphael', NULL, 'Zahn', '22 100th Avenue', 'Atlanta', 'USA', 56923, 2);
INSERT INTO Agent VALUES (306, 'Anri', NULL, 'Lazaryan', '34 1st Avenue', 'Baghdad', 'Iraq', 89634, 2);
INSERT INTO Agent VALUES (307, 'Tim', NULL, 'Zhou', '28 2nd Avenue', 'Warsaw', 'Poland', 87633, 3);
INSERT INTO Agent VALUES (308, 'Jim', NULL, 'Owen', '4 3rd Avenue', 'San Francisco', 'USA', 58084, 2);
INSERT INTO Agent VALUES (309, 'Jason', NULL, 'Sabel', '54 4th Avenue', 'Warsaw', 'Poland', 50039, 3);
INSERT INTO Agent VALUES (311, 'Michail', 'Mark', 'Thomson', '69 55th Avenue', 'Athens', 'USA', 57893, 5);
INSERT INTO Agent VALUES (312, 'Ashvin', NULL, 'Bolar', '17 6th Avenue', 'Tokyo', 'Japan', 89045, 3);
INSERT INTO Agent VALUES (313, 'Theodore', NULL, 'Millan', '11 7th Avenue', 'Brussels', 'Luxembourg', 58430, 4);
INSERT INTO Agent VALUES (315, 'George', NULL, 'Kottler', '6 8th Avenue', 'San Francisco', 'USA', 78934, 2);
INSERT INTO Agent VALUES (316, 'Pete', NULL, 'Hull', '16 9th Avenue', 'Paris', 'France', 50282, 4);
INSERT INTO Agent VALUES (317, 'Alex', NULL, 'Hruby', '48 10th Avenue', 'Athens', 'USA', 89647, 3);
INSERT INTO Agent VALUES (319, 'Jamil', NULL, 'Mitri', '13 11th Avenue', 'Berlin', 'Germany', 67894, 2);
INSERT INTO Agent VALUES (320, 'George', NULL, 'Williams', '30 12th Avenue', 'New York', 'USA', 56705, 2);
INSERT INTO Agent VALUES (321, 'Marion', NULL, 'Hice', '23-25 13th Avenue', 'Athens', 'USA', 58104, 4);
INSERT INTO Agent VALUES (323, 'Andrew', NULL, 'Milam', '5-7 14th Avenue', 'San Francisco', 'USA', 50392, 5);
INSERT INTO Agent VALUES (324, 'Ethan', NULL, 'Kokkelemberg', '18 15th Avenue', 'Sydney', 'Austrailia', 50554, 1);
INSERT INTO Agent VALUES (325, 'Chris', NULL, 'Cate', '12 16th Avenue', 'Warsaw', 'Poland', 55371, 5);
INSERT INTO Agent VALUES (326, 'Anri', NULL, 'Lazaryan', '4 17th Avenue', 'Brussels', 'Luxembourg', 78945, 4);
INSERT INTO Agent VALUES (327, 'Elias', NULL, 'Breitkreuz', '53 18th Avenue', 'London', 'England', 54794, 5);
INSERT INTO Agent VALUES (328, 'George', 'W', 'Lush', NULL, 'Houston', 'USA', 220000, 1);
INSERT INTO Agent VALUES (329, 'Julie', NULL, 'Stamatiou', '24 19th Avenue', 'Athens', 'USA', 56782, 2);
INSERT INTO Agent VALUES (330, 'Theo', NULL, 'Carazzana', '24-26 20th Avenue', 'Montreal', 'Canada', 54803, 2);
INSERT INTO Agent VALUES (332, 'George', NULL, 'Chadwick', '25-27 21st Avenue', 'Sao Paolo', 'Brazil', 58094, 5);
INSERT INTO Agent VALUES (335, 'John', NULL, 'Peloquin', '4 23rd Avenue', 'Warsaw', 'Poland', 51163, 1);
INSERT INTO Agent VALUES (336, 'Helen', NULL, 'Ralston', NULL, 'San Francisco', 'USA', 71444, 2);
INSERT INTO Agent VALUES (338, 'Nicholas', NULL, 'Bullock', '107 22nd Avenue', 'Paris', 'France', 54803, 2);
INSERT INTO Agent VALUES (339, 'Nicholas', NULL, 'Ariss', '10 23rd Avenue', 'Warsaw', 'Poland', 67201, 3);
INSERT INTO Agent VALUES (342, 'Anne', NULL, 'Bainbridge', '4 24th Avenue', 'Baghdad', 'Iraq', 70372, 5);
INSERT INTO Agent VALUES (343, 'Calin', NULL, 'Vaduva', '5 25th Avenue', 'Seattle', 'USA', 92074, 4);
INSERT INTO Agent VALUES (345, 'Jonathan', NULL, 'Strand', '39 25th Avenue', 'Sao Paolo', 'Brazil', 55373, 2);
INSERT INTO Agent VALUES (346, 'Tim', NULL, 'Sherman', '9 26th Avenue', 'Athens', 'USA', 59240, 1);
INSERT INTO Agent VALUES (347, 'Marie', NULL, 'Heath', '4 27th Avenue', 'Montreal', 'Canada', 57129, 1);
INSERT INTO Agent VALUES (348, 'Tim', NULL, 'Odel', '9 28th Avenue', 'Montreal', 'Canada', 56902, 1);
INSERT INTO Agent VALUES (350, 'Jim', NULL, 'Booth', '37 29th Avenue', 'San Francisco', 'USA', 57566, 4);
INSERT INTO Agent VALUES (351, 'Bill', NULL, 'Fezzey', '3 30th Avenue', 'New York', 'USA', 50282, 4);
INSERT INTO Agent VALUES (352, 'Bill', NULL, 'Groty', '237 31st Avenue', 'Athens', 'USA', 50171, 3);
INSERT INTO Agent VALUES (353, 'Tim', NULL, 'McCracken', '94 33th Avenue', 'Hong Kong', 'China', 57482, 5);
INSERT INTO Agent VALUES (354, 'Robert', NULL, 'Casteel', '101 34th Avenue', 'Seattle', 'USA', 56864, 4);
INSERT INTO Agent VALUES (355, 'Goran', NULL, 'Hogan', '39 35th Avenue', 'Bangalore', 'India', 54802, 2);
INSERT INTO Agent VALUES (356, 'George', NULL, 'Shanahan', '7 36th Avenue', 'Montreal', 'Canada', 67893, 5);
INSERT INTO Agent VALUES (358, 'Sockrates', NULL, 'Jackson', '7 37th Avenue', 'San Jose', 'USA', 57892, 5);
INSERT INTO Agent VALUES (359, 'Elias', NULL, 'Escoto', '1-3 38th Avenue', 'San Francisco', 'USA', 61814, 1);
INSERT INTO Agent VALUES (360, 'Antony', NULL, 'Ledgers', '161 39th Avenue', 'Paris', 'France', 50924, 5);
INSERT INTO Agent VALUES (361, 'Pete', NULL, 'Bandelean', '121 40th Avenue', 'Toronto', 'Canada', 56153, 5);
INSERT INTO Agent VALUES (362, 'Nick', NULL, 'Fedrick', '1 41st Avenue', 'Athens', 'USA', 56249, 3);
INSERT INTO Agent VALUES (363, 'Theodore', NULL, 'Venetis', NULL, 'Warsaw', 'Poland', 71471, 5);
INSERT INTO Agent VALUES (364, 'Andrew', NULL, 'Odegard', '28 42nd Avenue', 'Milan', 'Italy', 56281, 2);
INSERT INTO Agent VALUES (365, 'Mario', NULL, 'Nwandu', '67 43rd Avenue', 'Rome', 'Greece', 57575, 5);
INSERT INTO Agent VALUES (366, 'Marina', NULL, 'Crisucci', '48 44th Avenue', 'Berlin', 'Germany', 50177, 5);
INSERT INTO Agent VALUES (367, 'Charles', NULL, 'Morris', '11 45th Avenue', 'Rome', 'Greece', 56875, 2);
INSERT INTO Agent VALUES (369, 'George', NULL, 'Gratham', '3 46th Avenue', 'Sydney', 'Austrailia', 56373, 5);
INSERT INTO Agent VALUES (370, 'Natalie', NULL, 'Lutzker', '51 47th Avenue', 'Montreal', 'Canada', 56875, 5);
INSERT INTO Agent VALUES (373, 'James', NULL, 'Gie', '99 48th Avenue', 'Paris', 'France', 78354, 4);
INSERT INTO Agent VALUES (374, 'John', NULL, 'Melms', '34 49th Avenue', 'Athens', 'USA', 54157, 5);
INSERT INTO Agent VALUES (375, 'Alex', NULL, 'Loftus', '10 50th Avenue', 'San Francisco', 'USA', 57320, 5);
INSERT INTO Agent VALUES (377, 'Ti Berio Vasile', NULL, 'Stef', '130 51st Avenue', 'Moscow', 'Russia', 52358, 5);
INSERT INTO Agent VALUES (378, 'Mary', NULL, 'Thomas', '39 51st Avenue', 'Milan', 'Italy', 56152, 3);
INSERT INTO Agent VALUES (379, 'Theo', NULL, 'Mateos', '378 52nd Avenue', 'San Jose', 'USA', 56875, 4);
INSERT INTO Agent VALUES (380, 'Perry', NULL, 'Poisson', '69 53rd Avenue', 'Singapore', 'Singapore', 56875, 3);
INSERT INTO Agent VALUES (381, 'Bill', NULL, 'Barrett', '16 54th Avenue', 'New York', 'USA', 55091, 2);
INSERT INTO Agent VALUES (382, 'Jim', NULL, 'Davis', '19 55th Avenue', 'Warsaw', 'Poland', 57029, 4);
INSERT INTO Agent VALUES (384, 'Bob', NULL, 'Nelson', '7 56th Avenue', 'Moscow', 'Russia', 52261, 5);
INSERT INTO Agent VALUES (385, 'Mary', NULL, 'Curtis', '10 57th Avenue', 'Seattle', 'USA', 54803, 3);
INSERT INTO Agent VALUES (386, 'Charles', NULL, 'Ayala', '1 58th Avenue', 'Athens', 'USA', 55098, 2);
INSERT INTO Agent VALUES (387, 'Nickolas', NULL, 'Nastos', '16 59th Avenue', 'Paris', 'France', 56875, 1);
INSERT INTO Agent VALUES (388, 'Nickolas', NULL, 'Mark', '7 60th Avenue', 'London', 'England', 54152, 2);
INSERT INTO Agent VALUES (389, 'Charlene', NULL, 'Odell', NULL, 'Amsterdan', 'Holland', 71497, 5);
INSERT INTO Agent VALUES (391, 'George', NULL, 'Riley', '4 61st Avenue', 'Sydney', 'Austrailia', 73922, 2);
INSERT INTO Agent VALUES (393, 'Efi', NULL, 'Sanchez', '5 62nd Avenue', 'Moscow', 'Russia', 57984, 5);
INSERT INTO Agent VALUES (394, 'Pete', NULL, 'Campos', '3 63th Avenue', 'Milan', 'Italy', 54801, 1);
INSERT INTO Agent VALUES (395, 'Eve', NULL, 'Barker', '8 64th Avenue', 'Sacramento', 'USA', 56734, 3);
INSERT INTO Agent VALUES (396, 'Jim', NULL, 'Frazee', '3-5 65th Avenue', 'Athens', 'USA', 54825, 4);
INSERT INTO Agent VALUES (397, 'Jim', NULL, 'Munoz', '40 66th Avenue', 'Madrid', 'Spain', 78643, 5);
INSERT INTO Agent VALUES (398, 'Tim', NULL, 'Ridway', '42 67th Avenue', 'New York', 'USA', 53152, 2);
INSERT INTO Agent VALUES (399, 'Filip', NULL, 'Labrez', '11 68th Avenue', 'Jerusalem', 'Israel', 54156, 2);
INSERT INTO Agent VALUES (401, 'Valerie', NULL, 'Wilkins', '9 69th Avenue', 'Seattle', 'USA', 56693, 2);
INSERT INTO Agent VALUES (402, 'Eve', NULL, 'Robles', '9 70th Avenue', 'San Francisco', 'USA', 53373, 5);
INSERT INTO Agent VALUES (403, 'Jim', NULL, 'Goodwin', '40 71st Avenue', 'Paris', 'France', 54879, 2);
INSERT INTO Agent VALUES (404, 'Charles', 'Jim', 'Simons', '24 72nd Avenue', 'Athens', 'USA', 52152, 4);
INSERT INTO Agent VALUES (405, 'Marie', NULL, 'Angle', '4 73th Avenue', 'Istanbul', 'Turkey', 56730, 1);
INSERT INTO Agent VALUES (407, 'John', NULL, 'Roberts', '34 74th Avenue', 'Moscow', 'Russia', 51274, 5);
INSERT INTO Agent VALUES (408, 'John', NULL, 'Wood', '54 75th Avenue', 'Tokyo', 'Japan', 50320, 2);
INSERT INTO Agent VALUES (409, 'Chris', NULL, 'Cockerham', '1 75th Avenue', 'Toronto', 'Canada', 78403, 2);
INSERT INTO Agent VALUES (410, 'Lilly', NULL, 'Lee', '106 76th Avenue', 'Jerusalem', 'Israel', 56703, 3);
INSERT INTO Agent VALUES (411, 'Lois', NULL, 'Samons', '15 77th Avenue', 'Cairo', 'Egypt', 89564, 4);
INSERT INTO Agent VALUES (412, 'Calin', NULL, 'Cenan', NULL, 'San Francisco', 'USA', 71520, 5);
INSERT INTO Agent VALUES (414, 'Hercules', NULL, 'Wadell', '21 78th Avenue', 'London', 'England', 89043, 1);
INSERT INTO Agent VALUES (415, 'Bill', NULL, 'Arkinson', '1 79th Avenue', 'Seattle', 'USA', 56485, 4);
INSERT INTO Agent VALUES (416, 'Nestor', NULL, 'Zanten', '64 80th Avenue', 'Paris', 'France', 51167, 5);
INSERT INTO Agent VALUES (417, 'Ethan', NULL, 'Hackbarth', '1 81st Avenue', 'Sydney', 'Austrailia', 89654, 4);
INSERT INTO Agent VALUES (418, 'Cecile', NULL, 'Roger', '17 82nd Avenue', 'Rome', 'Greece', 57995, 5);
INSERT INTO Agent VALUES (419, 'George', NULL, 'Carter', '2 83rd Avenue', 'London', 'England', 89465, 4);
INSERT INTO Agent VALUES (420, 'Ethan', NULL, 'Grantz', '25 84th Avenue', 'Malaga', 'Spain', 50392, 1);
INSERT INTO Agent VALUES (421, 'George', NULL, 'Tuazon', '868 85th Avenue', 'Athens', 'USA', 54802, 5);
INSERT INTO Agent VALUES (422, 'Mary', NULL, 'Zhang', '12 86th Avenue', 'San Francisco', 'USA', 56875, 2);
INSERT INTO Agent VALUES (423, 'Nicholas', NULL, 'Ziemann', '9 87th Avenue', 'Moscow', 'Russia', 50665, 2);
INSERT INTO Agent VALUES (425, 'Jim', NULL, 'Peroulis', '27 88th Avenue', 'Jerusalem', 'Israel', 55262, 5);
INSERT INTO Agent VALUES (426, 'Mustapha', NULL, 'Labied', '16 89th Avenue', 'Bangalore', 'India', 89009, 5);
INSERT INTO Agent VALUES (427, 'Kostas', NULL, 'Clute', '8 90th Avenue', 'Paris', 'France', 50171, 4);
INSERT INTO Agent VALUES (428, 'Valerie', NULL, 'Bocian', '2 91st Avenue', 'Paris', 'France', 55502, 2);
INSERT INTO Agent VALUES (429, 'George', NULL, 'Carter', '3 92nd Avenue', 'Sydney', 'Austrailia', 56373, 5);
INSERT INTO Agent VALUES (431, 'Travis', NULL, 'Lee', '32 93rd Avenue', 'New York', 'USA', 54373, 5);
INSERT INTO Agent VALUES (432, 'John', NULL, 'Miller', '76 94th Avenue', 'Baghdad', 'Iraq', 57976, 1);
INSERT INTO Agent VALUES (436, 'Mat', NULL, 'Mumper', '3 95th Avenue', 'San Francisco', 'USA', 56152, 1);
INSERT INTO Agent VALUES (437, 'Ethan', NULL, 'Adkins', '26 96th Avenue', 'Athens', 'USA', 51166, 3);
INSERT INTO Agent VALUES (438, 'Jim', NULL, 'Rankin', '1 97th Avenue', 'Paris', 'France', 89575, 4);
INSERT INTO Agent VALUES (439, 'Kristin', NULL, 'Mattson', '4 98th Avenue', 'Seattle', 'USA', 50551, 1);
INSERT INTO Agent VALUES (440, 'Eve', NULL, 'Hoffman', '55 99th Avenue', 'Cairo', 'Egypt', 54911, 1);
INSERT INTO Agent VALUES (441, 'Irina', NULL, 'Malezhic', NULL, 'Warsaw', 'Poland', 71549, 1);
INSERT INTO Agent VALUES (442, 'Charles', NULL, 'Rivera', '17 100th Avenue', 'Jerusalem', 'Israel', 90096, 4);
INSERT INTO Agent VALUES (444, 'Georgetta', NULL, 'Ordean', '34 1st Avenue', 'Paris', 'France', 89654, 5);
INSERT INTO Agent VALUES (445, 'Eve', NULL, 'Bushong', '5 2nd Avenue', 'Jerusalem', 'Israel', 56873, 2);
INSERT INTO Agent VALUES (446, 'Michail', NULL, 'McGowan', '7 3rd Avenue', 'Jerusalem', 'Israel', 78439, 5);
INSERT INTO Agent VALUES (447, 'George', NULL, 'Micelbart', NULL, 'Seattle', 'USA', 71555, 2);
INSERT INTO Agent VALUES (448, 'Andrew', NULL, 'Lee', '50 4th Avenue', 'Bangalore', 'India', 89643, 2);
INSERT INTO Agent VALUES (449, 'Lilly', NULL, 'Viero', '12 5th Avenue', 'San Francisco', 'USA', 78543, 3);
INSERT INTO Agent VALUES (450, 'George', NULL, 'Tavaglione', '1 6th Avenue', 'Baghdad', 'Iraq', 56886, 2);
INSERT INTO Agent VALUES (451, 'Mario', NULL, 'Freeman', '11 7th Avenue', 'Athens', 'USA', 78543, 5);
INSERT INTO Agent VALUES (452, 'Tim', NULL, 'Starr', '8 8th Avenue', 'Jerusalem', 'Israel', 58430, 5);
INSERT INTO Agent VALUES (453, 'Antony', NULL, 'Rideout', '20 25th Avenue', 'Jerusalem', 'Israel', 78643, 1);
INSERT INTO Agent VALUES (454, 'Dan', NULL, 'Crossman', '3 26th Avenue', 'Rome', 'Greece', 89573, 3);
INSERT INTO Agent VALUES (455, 'Chris', 'Mark', 'Patterson', '17 27th Avenue', 'Malaga', 'Spain', 54928, 1);
INSERT INTO Agent VALUES (457, 'Alex', NULL, 'Sage', '5 28th Avenue', 'London', 'England', 57973, 5);
INSERT INTO Agent VALUES (458, 'Dennis', NULL, 'Whelchel', '4 29th Avenue', 'Seattle', 'USA', 78643, 1);
INSERT INTO Agent VALUES (459, 'Nicholas', NULL, 'Papadakis', '23 30th Avenue', 'Athens', 'USA', 54802, 5);
INSERT INTO Agent VALUES (460, 'Yong', NULL, 'Senga', '37 31st Avenue', 'Hong Kong', 'China', 71568, 1);
INSERT INTO Agent VALUES (461, 'John', NULL, 'Anderson', '2 32nd Avenue', 'Jerusalem', 'Israel', 50313, 5);
INSERT INTO Agent VALUES (462, 'George', NULL, 'Ashmore', '4 33th Avenue', 'Paris', 'France', 78875, 1);
INSERT INTO Agent VALUES (463, 'John', NULL, 'Beals', '7 34th Avenue', 'Baghdad', 'Iraq', 89754, 2);
INSERT INTO Agent VALUES (464, 'George', NULL, 'Broadbent', '16 35th Avenue', 'Warsaw', 'Poland', 50319, 4);
INSERT INTO Agent VALUES (465, 'Kristin', NULL, 'Cruz', '12 36th Avenue', 'Baghdad', 'Iraq', 90854, 1);
INSERT INTO Agent VALUES (466, 'Michail', NULL, 'Torres', '34 37th Avenue', 'Baghdad', 'Iraq', 50814, 4);
INSERT INTO Agent VALUES (467, 'Mario', NULL, 'Fedick', '23 38th Avenue', 'Tokyo', 'Japan', 71575, 5);
INSERT INTO Agent VALUES (469, 'Chris', NULL, 'Fix', '4 29th Avenue', 'Sydney', 'Austrailia', 78453, 5);
INSERT INTO Agent VALUES (470, 'Elias', NULL, 'Gailey', '5 30th Avenue', 'Baghdad', 'Iraq', 90784, 3);
INSERT INTO Agent VALUES (472, 'Michail', NULL, 'Gelles', '3 31st Avenue', 'Tokyo', 'Japan', 71580, 3);
INSERT INTO Agent VALUES (473, 'Ted', NULL, 'Kearney', '67 32nd Avenue', 'Warsaw', 'Poland', 89643, 4);
INSERT INTO Agent VALUES (474, 'George', NULL, 'Kronenfeld', '4 33th Avenue', 'Baghdad', 'Iraq', 56864, 5);
INSERT INTO Agent VALUES (475, 'George', NULL, 'Ness', '23 34th Avenue', 'Warsaw', 'Poland', 89743, 5);
INSERT INTO Agent VALUES (476, 'Tim', NULL, 'Ness', '49 35th Avenue', 'New York', 'USA', 51426, 5);
INSERT INTO Agent VALUES (477, 'Emy', NULL, 'Andria', '8 36th Avenue', 'San Francisco', 'USA', 54953, 2);
INSERT INTO Agent VALUES (479, 'Johanne', NULL, 'Patterson', '133 37th Avenue', 'Jerusalem', 'Israel', 51924, 1);
INSERT INTO Agent VALUES (481, 'Steve', NULL, 'Taube', '5 38th Avenue', 'Warsaw', 'Poland', 89763, 2);
INSERT INTO Agent VALUES (482, 'Ethan', NULL, 'Taylor', '15 39th Avenue', 'Warsaw', 'Poland', 98097, 1);
INSERT INTO Agent VALUES (484, 'Jason', NULL, 'Velez', '43 40th Avenue', 'Warsaw', 'Poland', 89097, 5);
INSERT INTO Agent VALUES (485, 'Pete', NULL, 'Ibanez', '45 41th Avenue', 'Baghdad', 'Iraq', 90876, 5);
INSERT INTO Agent VALUES (487, 'Nick', NULL, 'Wilke', '98 46th Avenue', 'Warsaw', 'Poland', 50017, 1);
INSERT INTO Agent VALUES (488, 'Bill', NULL, 'White', '3 47th Avenue', 'Baghdad', 'Iraq', 90876, 4);
INSERT INTO Agent VALUES (489, 'John', NULL, 'Taylor', '5 48th Avenue', 'Baghdad', 'Iraq', 58038, 3);
INSERT INTO Agent VALUES (490, 'Chris', NULL, 'Selsor', '6 49th Avenue', 'Warsaw', 'Poland', 90879, 2);
INSERT INTO Agent VALUES (491, 'Nicholas', NULL, 'Gill', '2 50th Avenue', 'Warsaw', 'Poland', 55569, 1);
INSERT INTO Agent VALUES (492, 'George', NULL, 'Reed', '22 51st Avenue', 'Warsaw', 'Poland', 91127, 2);
INSERT INTO Agent VALUES (494, 'George', NULL, 'Nathanael', '5 52nd Avenue', 'Warsaw', 'Poland', 89643, 1);
INSERT INTO Agent VALUES (496, 'George', NULL, 'Cahill', '7 53rd Avenue', 'Warsaw', 'Poland', 90843, 5);
INSERT INTO Agent VALUES (497, 'Chris', NULL, 'Barth', '4 54th Avenue', 'Baghdad', 'Iraq', 50924, 2);
INSERT INTO Agent VALUES (498, 'Tim', NULL, 'Divola', '7 55th Avenue', 'Warsaw', 'Poland', 58937, 5);
INSERT INTO Agent VALUES (499, 'Steve', NULL, 'Giegerich', '56 56th Avenue', 'Warsaw', 'Poland', 51937, 2);
INSERT INTO Agent VALUES (500, 'Kemal', NULL, 'Green', '23 57th Avenue', 'Baghdad', 'Iraq', 58094, 5);
INSERT INTO Agent VALUES (501, 'John', NULL, 'Strombone', '4 58th Avenue', 'Baghdad', 'Iraq', 50934, 3);
INSERT INTO Agent VALUES (502, 'Ted', NULL, 'Suderburg', '53 59th Avenue', 'Paris', 'France', 58037, 5);
INSERT INTO Agent VALUES (503, 'Rudolf', 'Jim', 'Thorpe', '8 60th Avenue', 'Athens', 'USA', 71611, 3);
INSERT INTO Agent VALUES (504, 'Anne', NULL, 'Barr', '172 61st Avenue', 'Athens', 'USA', 52592, 2);
INSERT INTO Agent VALUES (505, 'Andrew', NULL, 'Wells', '52 62nd Avenue', 'New York', 'USA', 54157, 5);
INSERT INTO Agent VALUES (506, 'George', NULL, 'Leffler', '105 63rd Avenue', 'San Francisco', 'USA', 54592, 5);
INSERT INTO Agent VALUES (507, 'Dan', NULL, 'Virata', '3 64th Avenue', 'Seattle', 'USA', 57374, 5);
INSERT INTO Agent VALUES (508, 'Travis', NULL, 'Fader', '46 65th Avenue', 'Athens', 'USA', 78643, 4);
INSERT INTO Agent VALUES (510, 'Bob', NULL, 'Save', '57 66th Avenue', 'San Jose', 'USA', 57975, 1);
INSERT INTO Agent VALUES (511, 'Ted', NULL, 'Aquino', '2 67th Avenue', 'San Francisco', 'USA', 54373, 2);
INSERT INTO Agent VALUES (512, 'Chris', NULL, 'Nyitray', '89 68th Avenue', 'Sydney', 'Austrailia', 54372, 2);
INSERT INTO Agent VALUES (513, 'Steve', NULL, 'Radeka', '124 69th Avenue', 'Warsaw', 'Poland', 56873, 5);
INSERT INTO Agent VALUES (514, 'Charles', NULL, 'Alagar', '119 70th Avenue', 'Paris', 'France', 78112, 2);
INSERT INTO Agent VALUES (516, 'Mario', NULL, 'Silverman', '7 71st Avenue', 'Sydney', 'Austrailia', 57983, 5);
INSERT INTO Agent VALUES (517, 'Neithan', NULL, 'Nieves', '3 72nd Avenue', 'Warsaw', 'Poland', 50311, 5);
INSERT INTO Agent VALUES (518, 'John', NULL, 'Lomeli', '32 73rd Avenue', 'New York', 'USA', 54264, 3);
INSERT INTO Agent VALUES (519, 'Nick', NULL, 'Sinclair', '29 74th Avenue', 'Athens', 'USA', 89750, 2);
INSERT INTO Agent VALUES (520, 'Andrew', NULL, 'Perez', '2 75th Avenue', 'Baghdad', 'Iraq', 67094, 3);
INSERT INTO Agent VALUES (521, 'George', NULL, 'Welch', '4 76th Avenue', 'Warsaw', 'Poland', 89637, 2);
INSERT INTO Agent VALUES (522, 'Steve', NULL, 'Dochtermann', '3 77th Avenue', 'Tokyo', 'Japan', 89745, 5);
INSERT INTO Agent VALUES (523, 'Manuel', NULL, 'Peterson', '4 78th Avenue', 'Baghdad', 'Iraq', 90854, 3);
INSERT INTO Agent VALUES (524, 'John', NULL, 'Bloor', '5 79th Avenue', 'Warsaw', 'Poland', 89643, 1);
INSERT INTO Agent VALUES (525, 'Pete', 'Mark', 'Morrison', '43 80th Avenue', 'Warsaw', 'Poland', 71633, 2);
INSERT INTO Agent VALUES (526, 'Steve', NULL, 'Gozansky', '45 81st Avenue', 'Tokyo', 'Japan', 78300, 3);
INSERT INTO Agent VALUES (527, 'Pete', NULL, 'Dochterman', '23 82nd Avenue', 'Paris', 'France', 90673, 5);
INSERT INTO Agent VALUES (528, 'Peter', NULL, 'Love', NULL, 'New York', 'USA', 71636, 2);
INSERT INTO Agent VALUES (529, 'George', NULL, 'Scarano', '26 83rd Avenue', 'San Francisco', 'USA', 67734, 5);
INSERT INTO Agent VALUES (530, 'John', NULL, 'French', '58 84th Avenue', 'Seattle', 'USA', 54591, 3);
INSERT INTO Agent VALUES (531, 'David', NULL, 'Long', '22 85th Avenue', 'Boston', 'USA', 54265, 1);
INSERT INTO Agent VALUES (532, 'Kristin', NULL, 'Kimberly', '329 86th Avenue', 'Athens', 'USA', 50936, 5);
INSERT INTO Agent VALUES (533, 'Mat', NULL, 'Smithernan', '2 87th Avenue', 'Cairo', 'Egypt', 71641, 3);
INSERT INTO Agent VALUES (534, 'Alex', NULL, 'Doug', '14 88th Avenue', 'Boston', 'USA', 89641, 5);
INSERT INTO Agent VALUES (535, 'John', NULL, 'Masi', '3 89th Avenue', 'Jerusalem', 'Israel', 57484, 3);
INSERT INTO Agent VALUES (536, 'Dan', NULL, 'Smith', '1-3 90th Avenue', 'New York', 'USA', 50392, 1);
INSERT INTO Agent VALUES (537, 'Perry', NULL, 'Young', '3 91st Avenue', 'San Francisco', 'USA', 51165, 5);
INSERT INTO Agent VALUES (538, 'Slavko', NULL, 'Maric', '3 92nd Avenue', 'Seattle', 'USA', 57049, 4);
INSERT INTO Agent VALUES (539, 'Jonathan', NULL, 'Rinne', '8 93rd Avenue', 'Delhi', 'India', 56264, 2);
INSERT INTO Agent VALUES (540, 'George', NULL, 'Miller', '86 94th Avenue', 'Istanbul', 'Turkey', 56372, 3);
INSERT INTO Agent VALUES (541, 'Jim', NULL, 'Rife', '16 87th Avenue', 'Sydney', 'Austrailia', 78453, 2);
INSERT INTO Agent VALUES (542, 'Antony', NULL, 'Henry', NULL, 'London', 'England', 71650, 3);
INSERT INTO Agent VALUES (543, 'Mario', NULL, 'Rinne', '27 88th Avenue', 'Cairo', 'Egypt', 62386, 1);
INSERT INTO Agent VALUES (544, 'Margaret', NULL, 'Moyer', '12 89th Avenue', 'Paris', 'France', 57924, 1);
INSERT INTO Agent VALUES (545, 'Nick', NULL, 'Brewer', '25 90th Avenue', 'Athens', 'USA', 56884, 5);
INSERT INTO Agent VALUES (546, 'Tim', NULL, 'Deleeuw', '23 91st Avenue', 'Malaga', 'Spain', 71654, 1);
INSERT INTO Agent VALUES (547, 'Kathrin', NULL, 'Jenson', '2 92nd Avenue', 'Riverside', 'USA', 57894, 5);
INSERT INTO Agent VALUES (549, 'Kate', NULL, 'Clarke', '13 93th Avenue', 'Delhi', 'India', 54803, 1);
INSERT INTO Agent VALUES (550, 'Bill', NULL, 'Zahedi', NULL, 'Athens', 'USA', 71658, 4);
INSERT INTO Agent VALUES (551, 'Bill', NULL, 'Jeturian', '11 94th Avenue', 'San Francisco', 'USA', 54157, 5);
INSERT INTO Agent VALUES (552, 'Chris', NULL, 'McGee', '11 95th Avenue', 'Seattle', 'USA', 54265, 5);
INSERT INTO Agent VALUES (554, 'Peter', NULL, 'Carlos', NULL, 'Berlin', 'Germany', 71662, 4);
INSERT INTO Agent VALUES (555, 'Sophie', NULL, 'Jaros', '21 96th Avenue', 'Paris', 'France', 82563, 1);
INSERT INTO Agent VALUES (556, 'George', NULL, 'Spindler', '5 97th Avenue', 'Delhi', 'India', 56873, 2);
INSERT INTO Agent VALUES (557, 'Bill', NULL, 'Cogan', '3 98th Avenue', 'Athens', 'USA', 50282, 4);
INSERT INTO Agent VALUES (558, 'Manuel', NULL, 'Reynolds', '33 99th Avenue', 'New York', 'USA', 54592, 5);
INSERT INTO Agent VALUES (559, 'Alex', NULL, 'Richards', '53 100th Avenue', 'San Francisco', 'USA', 53151, 2);
INSERT INTO Agent VALUES (560, 'George', NULL, 'Flood', '2 1st Avenue', 'Toronto', 'Canada', 58130, 1);
INSERT INTO Agent VALUES (561, 'Jason', NULL, 'Urry', '22 2nd Avenue', 'Athens', 'USA', 78342, 2);
INSERT INTO Agent VALUES (563, 'George', NULL, 'Fast', NULL, 'Seattle', 'USA', 71671, 2);
INSERT INTO Agent VALUES (564, 'Steve', NULL, 'Vigil', '56 3rd Avenue', 'Sao Paolo', 'Brazil', 53594, 3);
INSERT INTO Agent VALUES (565, 'Chris', NULL, 'Nakayama', '53 4th Avenue', 'Paris', 'France', 54265, 5);
INSERT INTO Agent VALUES (566, 'Pete', NULL, 'Moses', '67 5th Avenue', 'San Francisco', 'USA', 50286, 5);
INSERT INTO Agent VALUES (571, 'George', NULL, 'Byus', '7 6th Avenue', 'New York', 'USA', 67523, 4);
INSERT INTO Agent VALUES (572, 'Mary', NULL, 'Debus', '78 7th Avenue', 'Sydney', 'Austrailia', 55591, 5);
INSERT INTO Agent VALUES (574, 'Bill', NULL, 'Dugaiczyk', '5-7 8th Avenue', 'Bangalore', 'India', 50904, 5);
INSERT INTO Agent VALUES (577, 'Luke', NULL, 'Dunn', NULL, 'Seattle', 'USA', 71685, 4);
INSERT INTO Agent VALUES (578, 'Bill', NULL, 'Gallie', '19 9th Avenue', 'Madrid', 'Spain', 50555, 5);
INSERT INTO Agent VALUES (579, 'Steve', NULL, 'Henry', '10 10th Avenue', 'San Francisco', 'USA', 53262, 5);
INSERT INTO Agent VALUES (580, 'George', NULL, 'Jiammin', '14 11th Avenue', 'Athens', 'USA', 55869, 5);
INSERT INTO Agent VALUES (581, 'Nicholas', NULL, 'Larsen', '9 12th Avenue', 'Tokyo', 'Japan', 56485, 2);
INSERT INTO Agent VALUES (582, 'Nicholas', NULL, 'Liou', '9 13th Avenue', 'Toronto', 'Canada', 56464, 2);
INSERT INTO Agent VALUES (583, 'John', NULL, 'Luben', NULL, 'Sydney', 'Austrailia', 71691, 3);
INSERT INTO Agent VALUES (584, 'Matt', NULL, 'Martinez', '43 25th Avenue', 'New York', 'USA', 71692, 4);
INSERT INTO Agent VALUES (585, 'Jim', NULL, 'Norman', '10 26th Avenue', 'San Francisco', 'USA', 50552, 4);
INSERT INTO Agent VALUES (586, 'Kate', NULL, 'Tenne', '54 27th Avenue', 'Hong Kong', 'China', 89632, 4);
INSERT INTO Agent VALUES (587, 'Robert', NULL, 'Roberts', NULL, 'Seattle', 'USA', 71695, 5);
INSERT INTO Agent VALUES (588, 'Kristin', NULL, 'Sindler', '3 28th Avenue', 'Baghdad', 'Iraq', 89112, 5);
INSERT INTO Agent VALUES (589, 'John', NULL, 'Traugh', '25 29th Avenue', 'Paris', 'France', 53701, 5);
INSERT INTO Agent VALUES (591, 'Steve', NULL, 'Wilkens', '37 30th Avenue', 'Athens', 'USA', 71699, 1);
INSERT INTO Agent VALUES (593, 'Kathrin', NULL, 'Redd', '23 31st Avenue', 'San Francisco', 'USA', 58953, 2);
INSERT INTO Agent VALUES (594, 'Bill', 'Mark', 'Herrera', '4 32nd Avenue', 'Seattle', 'USA', 71702, 4);
INSERT INTO Agent VALUES (595, 'Bob', NULL, 'Berkowitz', '29a 33rd Avenue', 'Boston', 'USA', 54262, 2);
INSERT INTO Agent VALUES (598, 'George', NULL, 'Serewis', '62-64 34th Avenue', 'Las Vegas', 'USA', 53152, 1);
INSERT INTO Agent VALUES (599, 'George', NULL, 'Undem', '4 35th Avenue', 'New York', 'USA', 54155, 4);
INSERT INTO Agent VALUES (600, 'Steve', 'Jim', 'Wong', '18 36th Avenue', 'New York', 'USA', 67421, 3);
INSERT INTO Agent VALUES (601, 'Alex', NULL, 'Acevedo', NULL, 'Paris', 'France', 71709, 5);
INSERT INTO Agent VALUES (602, 'Ted', NULL, 'Sishaw', '46 37th Avenue', 'Athens', 'USA', 56968, 5);
INSERT INTO Agent VALUES (603, 'Andrew', NULL, 'Southard', '31 38th Avenue', 'Athens', 'USA', 71711, 5);
INSERT INTO Agent VALUES (604, 'Crispin', NULL, 'Rios', '96 39th Avenue', 'Athens', 'USA', 89632, 2);
INSERT INTO Agent VALUES (605, 'Lilly', NULL, 'Lefa', '24 40th Avenue', 'Athens', 'USA', 50177, 1);
INSERT INTO Agent VALUES (606, 'Traian', 'Mark', 'Icobet', NULL, 'Paris', 'France', 71714, 5);
INSERT INTO Agent VALUES (700, 'Christopher', 'R', 'Boxer', '112 HART', 'Washington DC', 'USA', 56224, 4);
INSERT INTO Agent VALUES (701, 'Gordon', 'N', 'Cornyn', '517 HART', 'Washington DC', 'USA', 259534, 1);
INSERT INTO Agent VALUES (702, 'Richard', 'D', 'Salazar', NULL, 'Pittsburgh', 'USA', 173190, 3);
INSERT INTO Agent VALUES (703, 'David', 'R', 'Carper', '513 HART', 'Miami', 'USA', 257526, 3);
INSERT INTO Agent VALUES (704, 'Orrin', 'G', 'Nelson', '720 HART', 'Pittsburgh', 'USA', 361440, 7);
INSERT INTO Agent VALUES (705, 'Michael', 'J', 'McCain', '241 RUSSELL', 'Miami', 'USA', 120982, 1);
INSERT INTO Agent VALUES (706, 'Mary', 'J', 'Lott', '487 RUSSELL', 'Miami', 'USA', 244474, 1);
INSERT INTO Agent VALUES (707, 'Daniel', 'R', 'Cantwell', '717 HART', 'Miami', 'USA', 359934, 3);
INSERT INTO Agent VALUES (708, 'Robert', 'C', 'Sessions', '335 RUSSELL', 'Pittsburgh', 'USA', 168170, 5);
INSERT INTO Agent VALUES (709, 'George', 'O', 'Collins', '172 RUSSELL', 'Miami', 'USA', 86344, 4);
INSERT INTO Agent VALUES (710, 'Ben', 'T', 'Baucus', '511 HART', 'Miami', 'USA', 256522, 1);
INSERT INTO Agent VALUES (711, 'Harry', 'M', 'Corzine', '502 HART', 'Norfolk', 'USA', 252004, 4);
INSERT INTO Agent VALUES (712, 'Jeff', 'M', 'Dole', '120 RUSSELL', 'Pittsburgh', 'USA', 60240, 7);
INSERT INTO Agent VALUES (713, 'Daniel', 'R', 'Byrd', '311 HART', 'Miami', 'USA', 156122, 5);
INSERT INTO Agent VALUES (714, 'John', 'J', 'Hagel', '248 RUSSELL', 'Miami', 'USA', 124496, 2);
INSERT INTO Agent VALUES (715, 'James', 'M', 'DeWine', '140 RUSSELL', 'Pittsburgh', 'USA', 70280, 2);
INSERT INTO Agent VALUES (716, 'Thad', 'B', 'Talent', '493 RUSSELL', 'Miami', 'USA', 247486, 1);
INSERT INTO Agent VALUES (717, 'Patrick', 'E', 'Pryor', '257 DIRKSEN', 'Miami', 'USA', 129014, 5);
INSERT INTO Agent VALUES (718, 'Chuck', 'R', 'Brownback', '303 HART', 'Miami', 'USA', 152106, 3);
INSERT INTO Agent VALUES (719, 'Mark', 'J', 'Lincoln', '355 DIRKSEN', 'Pittsburgh', 'USA', 178210, 1);
INSERT INTO Agent VALUES (720, 'Michael', 'H', 'McConnell', '361-A RUSSELL', 'Miami', 'USA', 181222, 1);
INSERT INTO Agent VALUES (721, 'John', 'J', 'Harkin', '731 HART', 'Norfolk', 'USA', 366962, 5);
INSERT INTO Agent VALUES (722, 'Bill', 'T', 'Bayh', '463 RUSSELL', 'Miami', 'USA', 232426, 1);
INSERT INTO Agent VALUES (723, 'Jim', 'L', 'Durbin', '332 DIRKSEN', 'Miami', 'USA', 166664, 2);
INSERT INTO Agent VALUES (724, 'Conrad', 'R', 'Burns', '187 DIRKSEN', 'Miami', 'USA', 93874, 1);
INSERT INTO Agent VALUES (725, 'Richard', 'D', 'Sarbanes', '309 HART', 'Miami', 'USA', 155118, 3);
INSERT INTO Agent VALUES (726, 'Paul', 'E', 'Reid', '528 HART', 'Miami', 'USA', 265056, 7);
INSERT INTO Agent VALUES (727, 'Norm', 'G', 'Murray', '173 RUSSELL', 'Miami', 'USA', 86846, 5);
INSERT INTO Agent VALUES (728, 'Pete', 'D', 'Roberts', '109 HART', 'Miami', 'USA', 54718, 1);
INSERT INTO Agent VALUES (729, 'Dianne', 'P', 'Chambliss', '416 RUSSELL', 'Miami', 'USA', 208832, 2);
INSERT INTO Agent VALUES (730, 'Ken', 'J', 'Kennedy', '317 RUSSELL', 'Miami', 'USA', 159134, 5);
INSERT INTO Agent VALUES (731, 'Johnny', 'J', 'Hatch', '104 HART', 'Washington DC', 'USA', 52208, 2);
INSERT INTO Agent VALUES (732, 'Christopher', 'S', 'Bond', '274 RUSSELL', 'Miami', 'USA', 137548, 4);
INSERT INTO Agent VALUES (733, 'Max', 'J', 'Lugar', '306 HART', 'Miami', 'USA', 153612, 7);
INSERT INTO Agent VALUES (734, 'Blanche', 'T', 'Bennett', '431 DIRKSEN', 'Miami', 'USA', 216362, 5);
INSERT INTO Agent VALUES (735, 'John', 'L', 'Enzi', '379A RUSSELL', 'Miami', 'USA', 190258, 1);
INSERT INTO Agent VALUES (736, 'Saxby', 'C', 'Stabenow', '522 HART', 'Miami', 'USA', 262044, 7);
INSERT INTO Agent VALUES (737, 'John', 'K', 'Grassley', '135 HART', 'Pittsburgh', 'USA', 67770, 3);
INSERT INTO Agent VALUES (738, 'Larry', 'J', 'Kyl', '730 HART', 'Pittsburgh', 'USA', 366460, 4);
INSERT INTO Agent VALUES (739, 'Lincoln', 'J', 'Landrieu', '724 HART', 'Miami', 'USA', 363448, 4);
INSERT INTO Agent VALUES (740, 'Olympia', 'G', 'Nelson', '716 HART', 'Miami', 'USA', 359432, 2);
INSERT INTO Agent VALUES (741, 'John', 'K', 'Feinstein', '331 HART', 'Norfolk', 'USA', 166162, 2);
INSERT INTO Agent VALUES (742, 'Byron', 'S', 'Biden', '201 RUSSELL', 'Miami', 'USA', 100902, 3);
INSERT INTO Agent VALUES (743, 'Lisa', 'J', 'Lautenberg', '324 HART', 'Miami', 'USA', 162648, 7);
INSERT INTO Agent VALUES (744, 'Elizabeth', 'P', 'Coburn', NULL, 'Pittsburgh', 'USA', 173190, 3);
INSERT INTO Agent VALUES (745, 'Wayne', 'A', 'Wyden', '516 HART', 'Miami', 'USA', 259032, 7);
INSERT INTO Agent VALUES (746, 'Arlen', 'W', 'Akaka', '141 HART', 'Miami', 'USA', 70782, 3);
INSERT INTO Agent VALUES (747, 'George', 'O', 'Conrad', '530 HART', 'Pittsburgh', 'USA', 266060, 2);
INSERT INTO Agent VALUES (748, 'Mel', 'J', 'Martinez', NULL, 'Pittsburgh', 'USA', 173190, 3);
INSERT INTO Agent VALUES (749, 'Tim', 'B', 'Thune', NULL, 'Pittsburgh', 'USA', 173190, 3);
INSERT INTO Agent VALUES (750, 'Jon', 'J', 'Hutchison', '284 RUSSELL', 'Miami', 'USA', 142568, 2);
INSERT INTO Agent VALUES (751, 'Mark', 'J', 'Lieberman', '706 HART', 'Norfolk', 'USA', 354412, 2);
INSERT INTO Agent VALUES (752, 'Charles', 'S', 'Bingaman', '703 HART', 'Miami', 'USA', 352906, 1);
INSERT INTO Agent VALUES (753, 'Jeff', 'M', 'Domenici', '328 HART', 'Washington DC', 'USA', 164656, 4);
INSERT INTO Agent VALUES (754, 'Herb', 'M', 'Craig', '520 HART', 'Pittsburgh', 'USA', 261040, 4);
INSERT INTO Agent VALUES (755, 'John', 'L', 'Feingold', '506 HART', 'Miami', 'USA', 254012, 2);
INSERT INTO Agent VALUES (756, 'Trent', 'B', 'Warner', NULL, 'Pittsburgh', 'USA', 112950, 3);
INSERT INTO Agent VALUES (757, 'Tom', 'B', 'Vitter', NULL, 'Pittsburgh', 'USA', 173190, 3);
INSERT INTO Agent VALUES (758, 'John', 'L', 'Ensign', '364 RUSSELL', 'Miami', 'USA', 182728, 4);
INSERT INTO Agent VALUES (759, 'Frank', 'P', 'Coleman', '320 HART', 'Pittsburgh', 'USA', 160640, 2);
INSERT INTO Agent VALUES (760, 'Robert', 'C', 'Shelby', '110 HART', 'Miami', 'USA', 55220, 2);
INSERT INTO Agent VALUES (761, 'Kent', 'J', 'Kerry', '304 RUSSELL', 'Norfolk', 'USA', 152608, 2);
INSERT INTO Agent VALUES (762, 'Mike', 'H', 'Mikulski', '709 HART', 'Miami', 'USA', 355918, 1);
INSERT INTO Agent VALUES (763, 'Hillary', 'M', 'Crapo', '239 DIRKSEN', 'Miami', 'USA', 119978, 5);
INSERT INTO Agent VALUES (764, 'Jon', 'J', 'Inhofe', '453 RUSSELL', 'Miami', 'USA', 227406, 3);
INSERT INTO Agent VALUES (765, 'Edward', 'P', 'Clinton', '476 RUSSELL', 'Miami', 'USA', 238952, 2);
INSERT INTO Agent VALUES (766, 'Lamar', 'J', 'Kohl', '330 HART', 'Pittsburgh', 'USA', 165660, 7);
INSERT INTO Agent VALUES (767, 'Ron', 'C', 'Smith', '404 RUSSELL', 'Miami', 'USA', 202808, 2);
INSERT INTO Agent VALUES (768, 'Russell', 'C', 'Snowe', '154 RUSSELL', 'Miami', 'USA', 77308, 4);
INSERT INTO Agent VALUES (769, 'Craig', 'R', 'Burr', NULL, 'Pittsburgh', 'USA', 173190, 3);
INSERT INTO Agent VALUES (770, 'Susan', 'B', 'Sununu', '111 RUSSELL', 'Miami', 'USA', 55722, 3);
INSERT INTO Agent VALUES (771, 'Thomas', 'B', 'Thomas', '307 DIRKSEN', 'Washington DC', 'USA', 154114, 2);
INSERT INTO Agent VALUES (772, 'Joseph', 'J', 'Inouye', '722 HART', 'Miami', 'USA', 362444, 2);
INSERT INTO Agent VALUES (773, 'Evan', 'P', 'Cochran', '113 DIRKSEN', 'Miami', 'USA', 56726, 5);
INSERT INTO Agent VALUES (774, 'Tom', 'B', 'Voinovich', '317 HART', 'Miami', 'USA', 159134, 5);
INSERT INTO Agent VALUES (775, 'Richard', 'D', 'Santorum', '511 DIRKSEN', 'Miami', 'USA', 256522, 1);
INSERT INTO Agent VALUES (776, 'Barack', 'T', 'Alexander', '302 HART', 'Miami', 'USA', 151604, 2);
INSERT INTO Agent VALUES (777, 'Rick', 'C', 'Schumer', '313 HART', 'Miami', 'USA', 157126, 1);
INSERT INTO Agent VALUES (778, 'Joseph', 'J', 'Isakson', NULL, 'Pittsburgh', 'USA', 173190, 3);
INSERT INTO Agent VALUES (779, 'Pat', 'F', 'Obama', NULL, 'Pittsburgh', 'USA', 173190, 3);
INSERT INTO Agent VALUES (780, 'James', 'M', 'DeMint', NULL, 'Pittsburgh', 'USA', 173190, 3);
INSERT INTO Agent VALUES (781, 'James', 'M', 'Dodd', '448 RUSSELL', 'Washington DC', 'USA', 224896, 2);
INSERT INTO Agent VALUES (782, 'John', 'K', 'Gregg', '393 RUSSELL', 'Miami', 'USA', 197286, 3);
INSERT INTO Agent VALUES (783, 'Barbara', 'T', 'Allard', '525 DIRKSEN', 'Pittsburgh', 'USA', 263550, 3);
INSERT INTO Agent VALUES (784, 'Maria', 'J', 'Leahy', '269 RUSSELL', 'Miami', 'USA', 135038, 5);
INSERT INTO Agent VALUES (785, 'Chuck', 'R', 'Bunning', '316 HART', 'Miami', 'USA', 158632, 4);
INSERT INTO Agent VALUES (786, 'Sam', 'C', 'Specter', '711 HART', 'Miami', 'USA', 356922, 3);
INSERT INTO Agent VALUES (787, 'Richard', 'D', 'Rockefeller', '531 HART', 'Miami', 'USA', 266562, 3);
INSERT INTO Agent VALUES (788, 'Barbara', 'T', 'Allen', '204 RUSSELL', 'Miami', 'USA', 102408, 7);
INSERT INTO Agent VALUES (789, 'Mitch', 'H', 'Murkowski', '709 HART', 'Miami', 'USA', 355918, 1);
INSERT INTO Agent VALUES (790, 'Jack', 'M', 'Dayton', '346 RUSSELL', 'Miami', 'USA', 173692, 4);
INSERT INTO Agent VALUES (791, 'Judd', 'J', 'Jeffords', '413 DIRKSEN', 'Washington DC', 'USA', 207326, 2);
INSERT INTO Agent VALUES (792, 'Kay', 'J', 'Johnson', '136 HART', 'Miami', 'USA', 68272, 4);
INSERT INTO Agent VALUES (793, 'Jim', 'M', 'Dorgan', '713 HART', 'Miami', 'USA', 357926, 5);
INSERT INTO Agent VALUES (794, 'Debbie', 'R', 'Chafee', '141A RUSSELL', 'Miami', 'USA', 70782, 3);
INSERT INTO Agent VALUES (795, 'Patty', 'E', 'Reed', '728 HART', 'Miami', 'USA', 365456, 2);
INSERT INTO Agent VALUES (800, 'John', 'T', 'Oates', '10 70th Suerette Avenue', 'Paris', 'France', 57893, 3);
INSERT INTO Agent VALUES (803, 'Nickolas', 'R', 'Baylor', '114 Basque Avenue', 'Mosul', 'Iraq', 71334, 4);
INSERT INTO Agent VALUES (806, 'Nick', 'P', 'Lopez', '116 94th Avenue', 'Warsaw', 'Poland', 72771, 4);
INSERT INTO Agent VALUES (809, 'Charles', 'M', 'Freed', '117 31 29th Avenue', 'Paris', 'France', 51162, 1);
INSERT INTO Agent VALUES (812, 'Kate', 'M', 'Hall', '118 73rd Avenue', 'Hong Kong', 'China', 90748, 5);
INSERT INTO Agent VALUES (815, 'Ethan', 'J', 'Watt', '12 23rd Avenue', 'Athens', 'USA', 78945, 5);
INSERT INTO Agent VALUES (818, 'Travis', 'H', 'Drabowsky', '12 69th Avenue', 'Krakow', 'Poland', 71294, 4);
INSERT INTO Agent VALUES (821, 'Marie', 'D', 'Richert', '13 59th Avenue', 'Toronto', 'Canada', 90745, 5);
INSERT INTO Agent VALUES (824, 'Andrew', 'R', 'Floyd', '14 81st Avenue', 'Baghdad', 'Iraq', 71297, 4);
INSERT INTO Agent VALUES (827, 'George', 'R', 'Leonhard', '149 31 28th Avenue', 'Cairo', 'Egypt', 57973, 3);
INSERT INTO Agent VALUES (830, 'Nicholas', 'M', 'Beene', '15-17 49th Avenue', 'Istanbul', 'Turkey', 77777, 4);
INSERT INTO Agent VALUES (833, 'Michail', 'J', 'Andrews', '16 84th Avenue', 'Madrid', 'Spain', 54155, 2);
INSERT INTO Agent VALUES (836, 'Zoe', 'J', 'Petrocelli', '17 22nd Avenue', 'New York', 'USA', 56593, 3);
INSERT INTO Agent VALUES (839, 'Zdenka', 'J', 'Smith', '17 56th Avenue', 'San Francisco', 'USA', 90784, 5);
INSERT INTO Agent VALUES (842, 'Irene', 'J', 'Yastrzemski', '17 65th Avenue', 'Seattle', 'USA', 56592, 3);
INSERT INTO Agent VALUES (845, 'Julien', 'J', 'Conigliaro', '19 87th Avenue', 'Baghdad', 'Iraq', 51492, 1);
INSERT INTO Agent VALUES (848, 'Charles', 'J', 'Scott', '197 31 31st Avenue', 'Rome', 'Greece', 54999, 2);
INSERT INTO Agent VALUES (851, 'David', 'J', 'Conigliaro', '2 16th Avenue', 'Seattle', 'USA', 90745, 5);
INSERT INTO Agent VALUES (854, 'Jim', 'J', 'Moses', '2 36th Avenue', 'Baghdad', 'Iraq', 98693, 6);
INSERT INTO Agent VALUES (857, 'George', 'J', 'Alvarado', '2 88th Avenue', 'Baghdad', 'Iraq', 89745, 5);
INSERT INTO Agent VALUES (860, 'Michail', 'H', 'Satriano', '2 8th Avenue', 'Baghdad', 'Iraq', 71278, 4);
INSERT INTO Agent VALUES (863, 'Lilly', 'F', 'Schofield', '20 10th Avenue', 'Toronto', 'Canada', 57375, 3);
INSERT INTO Agent VALUES (866, 'George', 'W', 'Kennedy', '20 74th Avenue', 'Tokyo', 'Japan', 58094, 3);
INSERT INTO Agent VALUES (869, 'Ethan', 'S', 'Thomas', '22 100th Avenue', 'Athens', 'USA', 53373, 1);
INSERT INTO Agent VALUES (872, 'Lucie', 'R', 'Culp', '23 80th Avenue', 'Jerusalem', 'Israel', 90867, 6);
INSERT INTO Agent VALUES (875, 'Sophie', 'R', 'Peters', '24 57th Avenue', 'Madrid', 'Spain', 67893, 3);
INSERT INTO Agent VALUES (878, 'Tim', 'P', 'Montgomery', '24 90th Avenue', 'San Francisco', 'USA', 78904, 4);
INSERT INTO Agent VALUES (881, 'Crispin', 'P', 'Siebert', '24 91st Avenue', 'San Jose', 'USA', 55461, 2);
INSERT INTO Agent VALUES (884, 'Pete', 'O', 'Pavletich', '28 2nd Avenue', 'Sydney', 'Austrailia', 71380, 4);
INSERT INTO Agent VALUES (887, 'Charlene', 'M', 'Fiore', '29 12th Avenue', 'Perth', 'Austrailia', 55683, 3);
INSERT INTO Agent VALUES (890, 'Ethan', 'M', 'Lahoud', '29 19th Avenue', 'San Francisco', 'USA', 67893, 3);
INSERT INTO Agent VALUES (893, 'David', 'M', 'Nagy', '29 20th Avenue', 'Warsaw', 'Poland', 52152, 1);
INSERT INTO Agent VALUES (896, 'Theodore', 'L', 'Brett', '29 21st Avenue', 'Maine', 'USA', 90637, 5);
INSERT INTO Agent VALUES (899, 'Ethan', 'L', 'Derrick', '29 24th Avenue', 'Paris', 'France', 87633, 5);
INSERT INTO Agent VALUES (902, 'Luke', 'K', 'Romo', '29 44th Avenue', 'Warsaw', 'Poland', 51492, 1);
INSERT INTO Agent VALUES (905, 'Tom', 'J', 'Koonce', '29 51st Avenue', 'Atlanta', 'USA', 56151, 3);
INSERT INTO Agent VALUES (908, 'Roberto', 'J', 'Fanzone', '3 31 34th Avenue', 'Maine', 'USA', 90856, 5);
INSERT INTO Agent VALUES (911, 'Aristidis', 'J', 'Matchick', '3 45th Avenue', 'Brussels', 'Luxembourg', 58093, 3);
INSERT INTO Agent VALUES (914, 'Jim', 'J', 'Lyle', '3 52nd Avenue', 'San Francisco', 'USA', 71340, 4);
INSERT INTO Agent VALUES (917, 'Sunday', 'G', 'Lee', '3 58th Avenue', 'San Francisco', 'USA', 57934, 3);
INSERT INTO Agent VALUES (920, 'Tamara', 'G', 'Lonborg', '3 75th Avenue', 'Paris', 'France', 89745, 5);
INSERT INTO Agent VALUES (923, 'George', 'E', 'Wagner', '3 86th Avenue', 'Vancouver', 'Canada', 67894, 3);
INSERT INTO Agent VALUES (926, 'George', 'E', 'Stange', '3 95th Avenue', 'Paris', 'France', 89674, 5);
INSERT INTO Agent VALUES (929, 'John', 'D', 'Phillips', '3 97th Avenue', 'Brussels', 'Luxembourg', 71395, 4);
INSERT INTO Agent VALUES (932, 'Raphael', 'C', 'Santiago', '30 43rd Avenue', 'New York', 'USA', 55482, 2);
INSERT INTO Agent VALUES (935, 'Pete', 'A', 'Moret', '31 27th Avenue', 'Athens', 'USA', 56703, 3);
INSERT INTO Agent VALUES (938, 'Nick', 'T', 'Hartenstein', '32 39th Avenue', 'Warsaw', 'Poland', 54264, 2);
INSERT INTO Agent VALUES (941, 'John', 'T', 'Bolin', '33 89th Avenue', 'Warsaw', 'Poland', 56923, 3);
INSERT INTO Agent VALUES (944, 'Marie', 'T', 'Mills', '34 1st Avenue', 'Toronto', 'Canada', 71309, 4);
INSERT INTO Agent VALUES (947, 'Maric', 'S', 'Curtis', '34 64th Avenue', 'Toronto', 'Canada', 71369, 4);
INSERT INTO Agent VALUES (950, 'Tom', 'R', 'Jarvis', '34 7th Avenue', 'Cairo', 'Egypt', 50173, 2);
INSERT INTO Agent VALUES (953, 'Jason', 'P', 'Alomar', '37 61st Avenue', 'Baghdad', 'Iraq', 57333, 3);
INSERT INTO Agent VALUES (956, 'Tom', 'N', 'Johnson', '37 66th Avenue', 'Baghdad', 'Iraq', 56923, 3);
INSERT INTO Agent VALUES (959, 'Ted', 'M', 'Fregosi', '4 42nd Avenue', 'Paris', 'France', 54264, 2);
INSERT INTO Agent VALUES (962, 'Crispin', 'L', 'Spencer', '4 82nd Avenue', 'Warsaw', 'Poland', 54482, 2);
INSERT INTO Agent VALUES (965, 'Jonathan', 'K', 'Mcmullen', '4 93rd Avenue', 'Baghdad', 'Iraq', 54329, 2);
INSERT INTO Agent VALUES (968, 'Ashvin', 'J', 'Repoz', '41 60th Avenue', 'Baghdad', 'Iraq', 89645, 5);
INSERT INTO Agent VALUES (971, 'Jim', 'J', 'Azcue', '42 63rd Avenue', 'New York', 'USA', 89647, 5);
INSERT INTO Agent VALUES (974, 'Shawn', 'C', 'Johnstone', '43 25th Avenue', 'Sydney', 'Austrailia', 89034, 5);
INSERT INTO Agent VALUES (977, 'Valerie', 'T', 'Egan', '43 31 35th Avenue', 'Tokyo', 'Japan', 89634, 5);
INSERT INTO Agent VALUES (980, 'Hembert-Glen', 'T', 'Voss', '4234 66th Avenue', 'Tokyo', 'Japan', 78904, 5);
INSERT INTO Agent VALUES (983, 'Ratco', 'S', 'Tatum', '45 17th Avenue', 'Warsaw', 'Poland', 54950, 2);
INSERT INTO Agent VALUES (986, 'Ethan', 'R', 'Cowan', '47 50th Avenue', 'Maine', 'France', 89674, 5);
INSERT INTO Agent VALUES (989, 'Goran', 'R', 'Reynolds', '47 99th Avenue', 'Seattle', 'USA', 50555, 1);
INSERT INTO Agent VALUES (992, 'Richard', 'P', 'Ruiz', '47-49 9th Avenue', 'San Francisco', 'USA', 54152, 2);
INSERT INTO Agent VALUES (995, 'Mary', 'M', 'Wright', '5 40th Avenue', 'Jerusalem', 'Israel', 55261, 2);
INSERT INTO Agent VALUES (998, 'Kristin', 'M', 'Gonzalez', '5 72nd Avenue', 'Athens', 'USA', 90845, 5);
INSERT INTO Agent VALUES (1001, 'Anri', 'M', 'Murphy', '51 31 30th Avenue', 'Paris', 'France', 54262, 2);
INSERT INTO Agent VALUES (1004, 'Jim', 'L', 'Messersmith', '56 98th Avenue', 'San Francisco', 'USA', 53595, 1);
INSERT INTO Agent VALUES (1007, 'Chris', 'K', 'May', '58 79th Avenue', 'Toronto', 'Canada', 67893, 3);
INSERT INTO Agent VALUES (1010, 'Josef', 'J', 'Rodriguez', '6 37th Avenue', 'New York', 'USA', 89645, 5);
INSERT INTO Agent VALUES (1013, 'George', 'J', 'Griffin', '6 46th Avenue', 'Warsaw', 'Poland', 67893, 3);
INSERT INTO Agent VALUES (1016, 'Ethan', 'J', 'Rivers', '6 55th Avenue', 'Baghdad', 'Iraq', 54672, 2);
INSERT INTO Agent VALUES (1019, 'Andrew', 'J', 'Oyler', '52nd Buellas Avenue', 'Madrid', 'Spain', 56593, 3);
INSERT INTO Agent VALUES (1022, 'Cecile', 'J', 'Bradley', '6 KORDUNASKA st', 'Jerusalem', 'Israel', 78904, 5);
INSERT INTO Agent VALUES (1025, 'Tim', 'J', 'Queen', '4567 Shalam drive', 'Baghdad', 'Iraq', 57577, 3);
INSERT INTO Agent VALUES (1028, 'Mat', 'H', 'Silverio', '61 11th Avenue', 'Seattle', 'USA', 89647, 5);
INSERT INTO Agent VALUES (1031, 'Bob', 'G', 'Garrett', '62 54th Avenue', 'San Francisco', 'USA', 56706, 3);
INSERT INTO Agent VALUES (1034, 'Travis', 'E', 'Fisher', '77th Avenue', 'London', 'England', 78934, 5);
INSERT INTO Agent VALUES (1037, 'Tim', 'D', 'Tatum', '67 38th Avenue', 'Warsaw', 'Poland', 50552, 1);
INSERT INTO Agent VALUES (1040, 'JING WEN', 'D', 'Laroche', '7 13th Avenue', 'Baghdad', 'Iraq', 90784, 5);
INSERT INTO Agent VALUES (1043, 'Neithan', 'D', 'Reichardt', '7 14th Avenue', 'Athens', 'USA', 78904, 5);
INSERT INTO Agent VALUES (1046, 'Joanne', 'C', 'Brown', '7 48th Avenue', 'Warsaw', 'Poland', 71338, 4);
INSERT INTO Agent VALUES (1049, 'John', 'C', 'Kealey', '7 83rd Avenue', 'Maine', 'USA', 90785, 5);
INSERT INTO Agent VALUES (1052, 'Gregory', 'C', 'Allen', '72 78th Avenue', 'Paris', 'France', 90784, 5);
INSERT INTO Agent VALUES (1055, 'Bob', 'C', 'Hicks', '73 92nd Avenue', 'Sao Paolo', 'Brazil', 89534, 5);
INSERT INTO Agent VALUES (1058, 'Bob', 'C', 'Doyle', '8 26th Avenue', 'Tokyo', 'Japan', 90745, 5);
INSERT INTO Agent VALUES (1061, 'Ethan', 'B', 'Perez', '8 67th Avenue', 'Seattle', 'USA', 57568, 3);
INSERT INTO Agent VALUES (1064, 'Kate', 'B', 'Cox', '83 31 32nd Avenue', 'New York', 'USA', 96300, 6);
INSERT INTO Agent VALUES (1067, 'Nick', 'B', 'Shank', '85 53rd Avenue', 'Toronto', 'Canada', 89647, 5);
INSERT INTO Agent VALUES (1070, 'Jason', 'B', 'Wolf', '85-87 68th Avenue', 'Tokyo', 'Japan', 89643, 5);
INSERT INTO Agent VALUES (1073, 'Jonathan', 'B', 'May', '9 71st Avenue', 'Jerusalem', 'Israel', 89543, 5);
INSERT INTO Agent VALUES (1076, 'Lucie', 'B', 'Aparicio', '9 85th Avenue', 'Baghdad', 'Iraq', 89045, 5);
INSERT INTO Agent VALUES (1079, 'Robert', 'R', 'Melton', NULL, 'Athens', 'USA', 89667, 5);
INSERT INTO Agent VALUES (1082, 'Serguie', 'O', 'Berry', NULL, 'Seattle', 'USA', 78967, 5);
INSERT INTO Agent VALUES (1085, 'Chris', 'B', 'O''brien', NULL, 'San Francisco', 'USA', 67894, 3);
INSERT INTO Agent VALUES (1088, 'Williams', NULL, 'Knoop', NULL, 'Madrid', 'Spain', 55262, 2);
INSERT INTO Agent VALUES (1091, 'Chris', NULL, 'Mccraw', NULL, 'Jerusalem', 'Israel', 54691, 2);
INSERT INTO Agent VALUES (1094, 'Alex', NULL, 'Williams', 'lucinder', 'Vancouver', 'Canada', 50665, 1);
INSERT INTO Agent VALUES (1097, 'Pluto', NULL, 'Herrmann', '18 96th Avenue', 'Paris', 'France', 50501, 1);
INSERT INTO Agent VALUES (1100, 'Andrew', NULL, 'Hopkinski', '603rd winski road', 'Warsaw', 'Poland', 50393, 3);
INSERT INTO Agent VALUES (1103, 'George', 'Jack', 'Josephson', '45 west rutherford', 'Sydney', 'Austrailia', 50393, 1);
INSERT INTO Agent VALUES (1106, 'Tim', NULL, 'Spence', '168th place', 'Warsaw', 'Poland', 50287, 3);
INSERT INTO Agent VALUES (1109, 'Jason', NULL, 'Mckinney', '2 15th Street', 'Paris', 'France', 50177, 2);
INSERT INTO AffiliationRel VALUES (15, 2, 'weak');
INSERT INTO AffiliationRel VALUES (8, 3, 'weak');
INSERT INTO AffiliationRel VALUES (7, 5, 'weak');
INSERT INTO AffiliationRel VALUES (23, 5, 'medium');
INSERT INTO AffiliationRel VALUES (14, 7, 'weak');
INSERT INTO AffiliationRel VALUES (15, 7, 'medium');
INSERT INTO AffiliationRel VALUES (30, 7, 'strong');
INSERT INTO AffiliationRel VALUES (16, 8, 'weak');
INSERT INTO AffiliationRel VALUES (27, 8, 'medium');
INSERT INTO AffiliationRel VALUES (1, 14, 'weak');
INSERT INTO AffiliationRel VALUES (19, 14, 'medium');
INSERT INTO AffiliationRel VALUES (2, 20, 'weak');
INSERT INTO AffiliationRel VALUES (32, 20, 'medium');
INSERT INTO AffiliationRel VALUES (15, 24, 'weak');
INSERT INTO AffiliationRel VALUES (34, 24, 'medium');
INSERT INTO AffiliationRel VALUES (19, 24, 'strong');
INSERT INTO AffiliationRel VALUES (12, 25, 'weak');
INSERT INTO AffiliationRel VALUES (34, 30, 'weak');
INSERT INTO AffiliationRel VALUES (23, 30, 'medium');
INSERT INTO AffiliationRel VALUES (28, 30, 'strong');
INSERT INTO AffiliationRel VALUES (28, 35, 'weak');
INSERT INTO AffiliationRel VALUES (12, 35, 'medium');
INSERT INTO AffiliationRel VALUES (9, 36, 'weak');
INSERT INTO AffiliationRel VALUES (21, 37, 'weak');
INSERT INTO AffiliationRel VALUES (24, 37, 'medium');
INSERT INTO AffiliationRel VALUES (7, 37, 'strong');
INSERT INTO AffiliationRel VALUES (7, 43, 'weak');
INSERT INTO AffiliationRel VALUES (4, 43, 'medium');
INSERT INTO AffiliationRel VALUES (16, 45, 'weak');
INSERT INTO AffiliationRel VALUES (26, 48, 'weak');
INSERT INTO AffiliationRel VALUES (32, 49, 'weak');
INSERT INTO AffiliationRel VALUES (15, 49, 'medium');
INSERT INTO AffiliationRel VALUES (16, 50, 'weak');
INSERT INTO AffiliationRel VALUES (29, 50, 'medium');
INSERT INTO AffiliationRel VALUES (26, 50, 'strong');
INSERT INTO AffiliationRel VALUES (26, 56, 'weak');
INSERT INTO AffiliationRel VALUES (22, 56, 'medium');
INSERT INTO AffiliationRel VALUES (31, 58, 'weak');
INSERT INTO AffiliationRel VALUES (25, 59, 'weak');
INSERT INTO AffiliationRel VALUES (24, 59, 'medium');
INSERT INTO AffiliationRel VALUES (12, 59, 'strong');
INSERT INTO AffiliationRel VALUES (32, 61, 'weak');
INSERT INTO AffiliationRel VALUES (22, 64, 'weak');
INSERT INTO AffiliationRel VALUES (32, 65, 'weak');
INSERT INTO AffiliationRel VALUES (19, 65, 'medium');
INSERT INTO AffiliationRel VALUES (10, 69, 'weak');
INSERT INTO AffiliationRel VALUES (9, 69, 'medium');
INSERT INTO AffiliationRel VALUES (2, 69, 'strong');
INSERT INTO AffiliationRel VALUES (9, 71, 'weak');
INSERT INTO AffiliationRel VALUES (15, 71, 'medium');
INSERT INTO AffiliationRel VALUES (17, 76, 'weak');
INSERT INTO AffiliationRel VALUES (30, 78, 'weak');
INSERT INTO AffiliationRel VALUES (22, 80, 'weak');
INSERT INTO AffiliationRel VALUES (17, 80, 'medium');
INSERT INTO AffiliationRel VALUES (20, 83, 'weak');
INSERT INTO AffiliationRel VALUES (13, 85, 'weak');
INSERT INTO AffiliationRel VALUES (5, 85, 'medium');
INSERT INTO AffiliationRel VALUES (25, 86, 'weak');
INSERT INTO AffiliationRel VALUES (26, 86, 'medium');
INSERT INTO AffiliationRel VALUES (14, 86, 'strong');
INSERT INTO AffiliationRel VALUES (18, 87, 'weak');
INSERT INTO AffiliationRel VALUES (6, 88, 'weak');
INSERT INTO AffiliationRel VALUES (26, 88, 'medium');
INSERT INTO AffiliationRel VALUES (34, 90, 'weak');
INSERT INTO AffiliationRel VALUES (30, 91, 'weak');
INSERT INTO AffiliationRel VALUES (29, 91, 'medium');
INSERT INTO AffiliationRel VALUES (34, 92, 'weak');
INSERT INTO AffiliationRel VALUES (11, 92, 'medium');
INSERT INTO AffiliationRel VALUES (30, 92, 'strong');
INSERT INTO AffiliationRel VALUES (16, 93, 'weak');
INSERT INTO AffiliationRel VALUES (17, 93, 'medium');
INSERT INTO AffiliationRel VALUES (19, 93, 'strong');
INSERT INTO AffiliationRel VALUES (9, 94, 'weak');
INSERT INTO AffiliationRel VALUES (31, 94, 'medium');
INSERT INTO AffiliationRel VALUES (9, 96, 'weak');
INSERT INTO AffiliationRel VALUES (20, 96, 'medium');
INSERT INTO AffiliationRel VALUES (34, 97, 'weak');
INSERT INTO AffiliationRel VALUES (20, 97, 'medium');
INSERT INTO AffiliationRel VALUES (30, 99, 'weak');
INSERT INTO AffiliationRel VALUES (13, 100, 'weak');
INSERT INTO AffiliationRel VALUES (1, 100, 'medium');
INSERT INTO AffiliationRel VALUES (29, 100, 'strong');
INSERT INTO AffiliationRel VALUES (2, 102, 'weak');
INSERT INTO AffiliationRel VALUES (26, 104, 'weak');
INSERT INTO AffiliationRel VALUES (30, 104, 'medium');
INSERT INTO AffiliationRel VALUES (28, 104, 'strong');
INSERT INTO AffiliationRel VALUES (7, 105, 'weak');
INSERT INTO AffiliationRel VALUES (27, 106, 'weak');
INSERT INTO AffiliationRel VALUES (30, 106, 'medium');
INSERT INTO AffiliationRel VALUES (13, 106, 'strong');
INSERT INTO AffiliationRel VALUES (7, 107, 'weak');
INSERT INTO AffiliationRel VALUES (21, 107, 'medium');
INSERT INTO AffiliationRel VALUES (27, 107, 'strong');
INSERT INTO AffiliationRel VALUES (10, 108, 'weak');
INSERT INTO AffiliationRel VALUES (18, 108, 'medium');
INSERT INTO AffiliationRel VALUES (19, 115, 'weak');
INSERT INTO AffiliationRel VALUES (22, 116, 'weak');
INSERT INTO AffiliationRel VALUES (14, 116, 'medium');
INSERT INTO AffiliationRel VALUES (25, 116, 'strong');
INSERT INTO AffiliationRel VALUES (22, 121, 'weak');
INSERT INTO AffiliationRel VALUES (19, 121, 'medium');
INSERT INTO AffiliationRel VALUES (11, 122, 'weak');
INSERT INTO AffiliationRel VALUES (28, 122, 'medium');
INSERT INTO AffiliationRel VALUES (15, 122, 'strong');
INSERT INTO AffiliationRel VALUES (24, 123, 'weak');
INSERT INTO AffiliationRel VALUES (8, 123, 'medium');
INSERT INTO AffiliationRel VALUES (4, 124, 'weak');
INSERT INTO AffiliationRel VALUES (1, 124, 'medium');
INSERT INTO AffiliationRel VALUES (33, 124, 'strong');
INSERT INTO AffiliationRel VALUES (20, 125, 'weak');
INSERT INTO AffiliationRel VALUES (19, 126, 'weak');
INSERT INTO AffiliationRel VALUES (20, 126, 'medium');
INSERT INTO AffiliationRel VALUES (29, 127, 'weak');
INSERT INTO AffiliationRel VALUES (2, 128, 'weak');
INSERT INTO AffiliationRel VALUES (32, 128, 'medium');
INSERT INTO AffiliationRel VALUES (12, 130, 'weak');
INSERT INTO AffiliationRel VALUES (15, 130, 'medium');
INSERT INTO AffiliationRel VALUES (34, 130, 'strong');
INSERT INTO AffiliationRel VALUES (22, 131, 'weak');
INSERT INTO AffiliationRel VALUES (30, 131, 'medium');
INSERT INTO AffiliationRel VALUES (32, 132, 'weak');
INSERT INTO AffiliationRel VALUES (22, 133, 'weak');
INSERT INTO AffiliationRel VALUES (13, 133, 'medium');
INSERT INTO AffiliationRel VALUES (19, 134, 'weak');
INSERT INTO AffiliationRel VALUES (22, 137, 'weak');
INSERT INTO AffiliationRel VALUES (16, 138, 'weak');
INSERT INTO AffiliationRel VALUES (29, 138, 'medium');
INSERT INTO AffiliationRel VALUES (8, 140, 'weak');
INSERT INTO AffiliationRel VALUES (6, 140, 'medium');
INSERT INTO AffiliationRel VALUES (2, 140, 'strong');
INSERT INTO AffiliationRel VALUES (33, 143, 'weak');
INSERT INTO AffiliationRel VALUES (5, 143, 'medium');
INSERT INTO AffiliationRel VALUES (19, 143, 'strong');
INSERT INTO AffiliationRel VALUES (13, 144, 'weak');
INSERT INTO AffiliationRel VALUES (27, 144, 'medium');
INSERT INTO AffiliationRel VALUES (22, 146, 'weak');
INSERT INTO AffiliationRel VALUES (6, 148, 'weak');
INSERT INTO AffiliationRel VALUES (1, 148, 'medium');
INSERT INTO AffiliationRel VALUES (26, 149, 'weak');
INSERT INTO AffiliationRel VALUES (15, 149, 'medium');
INSERT INTO AffiliationRel VALUES (16, 149, 'strong');
INSERT INTO AffiliationRel VALUES (30, 150, 'weak');
INSERT INTO AffiliationRel VALUES (11, 150, 'medium');
INSERT INTO AffiliationRel VALUES (19, 151, 'weak');
INSERT INTO AffiliationRel VALUES (4, 152, 'weak');
INSERT INTO AffiliationRel VALUES (20, 153, 'weak');
INSERT INTO AffiliationRel VALUES (2, 154, 'weak');
INSERT INTO AffiliationRel VALUES (25, 155, 'weak');
INSERT INTO AffiliationRel VALUES (16, 157, 'weak');
INSERT INTO AffiliationRel VALUES (13, 159, 'weak');
INSERT INTO AffiliationRel VALUES (33, 161, 'weak');
INSERT INTO AffiliationRel VALUES (8, 161, 'medium');
INSERT INTO AffiliationRel VALUES (26, 161, 'strong');
INSERT INTO AffiliationRel VALUES (29, 163, 'weak');
INSERT INTO AffiliationRel VALUES (27, 163, 'medium');
INSERT INTO AffiliationRel VALUES (21, 163, 'strong');
INSERT INTO AffiliationRel VALUES (23, 164, 'weak');
INSERT INTO AffiliationRel VALUES (18, 165, 'weak');
INSERT INTO AffiliationRel VALUES (4, 165, 'medium');
INSERT INTO AffiliationRel VALUES (13, 166, 'weak');
INSERT INTO AffiliationRel VALUES (21, 167, 'weak');
INSERT INTO AffiliationRel VALUES (27, 168, 'weak');
INSERT INTO AffiliationRel VALUES (32, 168, 'medium');
INSERT INTO AffiliationRel VALUES (5, 168, 'strong');
INSERT INTO AffiliationRel VALUES (23, 169, 'weak');
INSERT INTO AffiliationRel VALUES (6, 169, 'medium');
INSERT INTO AffiliationRel VALUES (3, 169, 'strong');
INSERT INTO AffiliationRel VALUES (12, 170, 'weak');
INSERT INTO AffiliationRel VALUES (23, 172, 'weak');
INSERT INTO AffiliationRel VALUES (32, 172, 'medium');
INSERT INTO AffiliationRel VALUES (15, 173, 'weak');
INSERT INTO AffiliationRel VALUES (31, 173, 'medium');
INSERT INTO AffiliationRel VALUES (6, 174, 'weak');
INSERT INTO AffiliationRel VALUES (11, 174, 'medium');
INSERT INTO AffiliationRel VALUES (10, 174, 'strong');
INSERT INTO AffiliationRel VALUES (12, 177, 'weak');
INSERT INTO AffiliationRel VALUES (17, 178, 'weak');
INSERT INTO AffiliationRel VALUES (29, 178, 'medium');
INSERT INTO AffiliationRel VALUES (6, 178, 'strong');
INSERT INTO AffiliationRel VALUES (15, 179, 'weak');
INSERT INTO AffiliationRel VALUES (16, 180, 'weak');
INSERT INTO AffiliationRel VALUES (19, 180, 'medium');
INSERT INTO AffiliationRel VALUES (13, 181, 'weak');
INSERT INTO AffiliationRel VALUES (15, 182, 'weak');
INSERT INTO AffiliationRel VALUES (29, 183, 'weak');
INSERT INTO AffiliationRel VALUES (17, 183, 'medium');
INSERT INTO AffiliationRel VALUES (21, 183, 'strong');
INSERT INTO AffiliationRel VALUES (10, 185, 'weak');
INSERT INTO AffiliationRel VALUES (4, 189, 'weak');
INSERT INTO AffiliationRel VALUES (12, 189, 'medium');
INSERT INTO AffiliationRel VALUES (17, 191, 'weak');
INSERT INTO AffiliationRel VALUES (7, 192, 'weak');
INSERT INTO AffiliationRel VALUES (21, 193, 'weak');
INSERT INTO AffiliationRel VALUES (25, 198, 'weak');
INSERT INTO AffiliationRel VALUES (24, 199, 'weak');
INSERT INTO AffiliationRel VALUES (18, 199, 'medium');
INSERT INTO AffiliationRel VALUES (30, 199, 'strong');
INSERT INTO AffiliationRel VALUES (17, 201, 'weak');
INSERT INTO AffiliationRel VALUES (5, 201, 'medium');
INSERT INTO AffiliationRel VALUES (7, 203, 'weak');
INSERT INTO AffiliationRel VALUES (17, 203, 'medium');
INSERT INTO AffiliationRel VALUES (12, 203, 'strong');
INSERT INTO AffiliationRel VALUES (29, 205, 'weak');
INSERT INTO AffiliationRel VALUES (22, 206, 'weak');
INSERT INTO AffiliationRel VALUES (20, 207, 'weak');
INSERT INTO AffiliationRel VALUES (33, 207, 'medium');
INSERT INTO AffiliationRel VALUES (12, 209, 'weak');
INSERT INTO AffiliationRel VALUES (20, 209, 'medium');
INSERT INTO AffiliationRel VALUES (28, 209, 'strong');
INSERT INTO AffiliationRel VALUES (26, 210, 'weak');
INSERT INTO AffiliationRel VALUES (4, 210, 'medium');
INSERT INTO AffiliationRel VALUES (2, 212, 'weak');
INSERT INTO AffiliationRel VALUES (8, 212, 'medium');
INSERT INTO AffiliationRel VALUES (20, 217, 'weak');
INSERT INTO AffiliationRel VALUES (4, 217, 'medium');
INSERT INTO AffiliationRel VALUES (5, 217, 'strong');
INSERT INTO AffiliationRel VALUES (28, 219, 'weak');
INSERT INTO AffiliationRel VALUES (17, 219, 'medium');
INSERT INTO AffiliationRel VALUES (31, 219, 'strong');
INSERT INTO AffiliationRel VALUES (21, 221, 'weak');
INSERT INTO AffiliationRel VALUES (16, 223, 'weak');
INSERT INTO AffiliationRel VALUES (31, 226, 'weak');
INSERT INTO AffiliationRel VALUES (22, 227, 'weak');
INSERT INTO AffiliationRel VALUES (31, 227, 'medium');
INSERT INTO AffiliationRel VALUES (6, 227, 'strong');
INSERT INTO AffiliationRel VALUES (17, 229, 'weak');
INSERT INTO AffiliationRel VALUES (34, 230, 'weak');
INSERT INTO AffiliationRel VALUES (4, 233, 'weak');
INSERT INTO AffiliationRel VALUES (25, 233, 'medium');
INSERT INTO AffiliationRel VALUES (7, 236, 'weak');
INSERT INTO AffiliationRel VALUES (18, 238, 'weak');
INSERT INTO AffiliationRel VALUES (12, 238, 'medium');
INSERT INTO AffiliationRel VALUES (11, 239, 'weak');
INSERT INTO AffiliationRel VALUES (7, 240, 'weak');
INSERT INTO AffiliationRel VALUES (28, 240, 'medium');
INSERT INTO AffiliationRel VALUES (23, 244, 'weak');
INSERT INTO AffiliationRel VALUES (27, 245, 'weak');
INSERT INTO AffiliationRel VALUES (19, 245, 'medium');
INSERT INTO AffiliationRel VALUES (14, 246, 'weak');
INSERT INTO AffiliationRel VALUES (15, 246, 'medium');
INSERT INTO AffiliationRel VALUES (7, 247, 'weak');
INSERT INTO AffiliationRel VALUES (22, 247, 'medium');
INSERT INTO AffiliationRel VALUES (12, 247, 'strong');
INSERT INTO AffiliationRel VALUES (19, 248, 'weak');
INSERT INTO AffiliationRel VALUES (23, 248, 'medium');
INSERT INTO AffiliationRel VALUES (32, 248, 'strong');
INSERT INTO AffiliationRel VALUES (26, 249, 'weak');
INSERT INTO AffiliationRel VALUES (11, 249, 'medium');
INSERT INTO AffiliationRel VALUES (16, 251, 'weak');
INSERT INTO AffiliationRel VALUES (33, 251, 'medium');
INSERT INTO AffiliationRel VALUES (18, 252, 'weak');
INSERT INTO AffiliationRel VALUES (9, 252, 'medium');
INSERT INTO AffiliationRel VALUES (5, 252, 'strong');
INSERT INTO AffiliationRel VALUES (32, 257, 'weak');
INSERT INTO AffiliationRel VALUES (7, 257, 'medium');
INSERT INTO AffiliationRel VALUES (25, 258, 'weak');
INSERT INTO AffiliationRel VALUES (32, 258, 'medium');
INSERT INTO AffiliationRel VALUES (13, 260, 'weak');
INSERT INTO AffiliationRel VALUES (3, 260, 'medium');
INSERT INTO AffiliationRel VALUES (18, 260, 'strong');
INSERT INTO AffiliationRel VALUES (29, 265, 'weak');
INSERT INTO AffiliationRel VALUES (8, 265, 'medium');
INSERT INTO AffiliationRel VALUES (25, 265, 'strong');
INSERT INTO AffiliationRel VALUES (25, 267, 'weak');
INSERT INTO AffiliationRel VALUES (14, 269, 'weak');
INSERT INTO AffiliationRel VALUES (24, 269, 'medium');
INSERT INTO AffiliationRel VALUES (20, 271, 'weak');
INSERT INTO AffiliationRel VALUES (34, 271, 'medium');
INSERT INTO AffiliationRel VALUES (28, 272, 'weak');
INSERT INTO AffiliationRel VALUES (4, 275, 'weak');
INSERT INTO AffiliationRel VALUES (28, 276, 'weak');
INSERT INTO AffiliationRel VALUES (9, 276, 'medium');
INSERT INTO AffiliationRel VALUES (33, 278, 'weak');
INSERT INTO AffiliationRel VALUES (26, 278, 'medium');
INSERT INTO AffiliationRel VALUES (12, 279, 'weak');
INSERT INTO AffiliationRel VALUES (28, 279, 'medium');
INSERT INTO AffiliationRel VALUES (19, 280, 'weak');
INSERT INTO AffiliationRel VALUES (17, 280, 'medium');
INSERT INTO AffiliationRel VALUES (29, 280, 'strong');
INSERT INTO AffiliationRel VALUES (32, 281, 'weak');
INSERT INTO AffiliationRel VALUES (31, 284, 'weak');
INSERT INTO AffiliationRel VALUES (19, 288, 'weak');
INSERT INTO AffiliationRel VALUES (30, 288, 'medium');
INSERT INTO AffiliationRel VALUES (14, 288, 'strong');
INSERT INTO AffiliationRel VALUES (34, 295, 'weak');
INSERT INTO AffiliationRel VALUES (8, 297, 'weak');
INSERT INTO AffiliationRel VALUES (13, 297, 'medium');
INSERT INTO AffiliationRel VALUES (17, 299, 'weak');
INSERT INTO AffiliationRel VALUES (6, 299, 'medium');
INSERT INTO AffiliationRel VALUES (32, 299, 'strong');
INSERT INTO AffiliationRel VALUES (31, 301, 'weak');
INSERT INTO AffiliationRel VALUES (8, 301, 'medium');
INSERT INTO AffiliationRel VALUES (32, 301, 'strong');
INSERT INTO AffiliationRel VALUES (14, 303, 'weak');
INSERT INTO AffiliationRel VALUES (21, 306, 'weak');
INSERT INTO AffiliationRel VALUES (20, 306, 'medium');
INSERT INTO AffiliationRel VALUES (14, 306, 'strong');
INSERT INTO AffiliationRel VALUES (16, 307, 'weak');
INSERT INTO AffiliationRel VALUES (27, 308, 'weak');
INSERT INTO AffiliationRel VALUES (11, 309, 'weak');
INSERT INTO AffiliationRel VALUES (2, 311, 'weak');
INSERT INTO AffiliationRel VALUES (33, 313, 'weak');
INSERT INTO AffiliationRel VALUES (31, 313, 'medium');
INSERT INTO AffiliationRel VALUES (14, 315, 'weak');
INSERT INTO AffiliationRel VALUES (22, 316, 'weak');
INSERT INTO AffiliationRel VALUES (19, 319, 'weak');
INSERT INTO AffiliationRel VALUES (27, 319, 'medium');
INSERT INTO AffiliationRel VALUES (1, 319, 'strong');
INSERT INTO AffiliationRel VALUES (34, 323, 'weak');
INSERT INTO AffiliationRel VALUES (12, 323, 'medium');
INSERT INTO AffiliationRel VALUES (28, 323, 'strong');
INSERT INTO AffiliationRel VALUES (5, 324, 'weak');
INSERT INTO AffiliationRel VALUES (9, 325, 'weak');
INSERT INTO AffiliationRel VALUES (19, 326, 'weak');
INSERT INTO AffiliationRel VALUES (9, 326, 'medium');
INSERT INTO AffiliationRel VALUES (3, 327, 'weak');
INSERT INTO AffiliationRel VALUES (28, 327, 'medium');
INSERT INTO AffiliationRel VALUES (2, 327, 'strong');
INSERT INTO AffiliationRel VALUES (29, 328, 'weak');
INSERT INTO AffiliationRel VALUES (8, 328, 'medium');
INSERT INTO AffiliationRel VALUES (10, 329, 'weak');
INSERT INTO AffiliationRel VALUES (31, 332, 'weak');
INSERT INTO AffiliationRel VALUES (25, 332, 'medium');
INSERT INTO AffiliationRel VALUES (23, 332, 'strong');
INSERT INTO AffiliationRel VALUES (26, 335, 'weak');
INSERT INTO AffiliationRel VALUES (25, 336, 'weak');
INSERT INTO AffiliationRel VALUES (24, 336, 'medium');
INSERT INTO AffiliationRel VALUES (22, 336, 'strong');
INSERT INTO AffiliationRel VALUES (15, 339, 'weak');
INSERT INTO AffiliationRel VALUES (22, 342, 'weak');
INSERT INTO AffiliationRel VALUES (29, 342, 'medium');
INSERT INTO AffiliationRel VALUES (23, 343, 'weak');
INSERT INTO AffiliationRel VALUES (17, 345, 'weak');
INSERT INTO AffiliationRel VALUES (23, 345, 'medium');
INSERT INTO AffiliationRel VALUES (18, 345, 'strong');
INSERT INTO AffiliationRel VALUES (22, 346, 'weak');
INSERT INTO AffiliationRel VALUES (32, 347, 'weak');
INSERT INTO AffiliationRel VALUES (34, 347, 'medium');
INSERT INTO AffiliationRel VALUES (22, 347, 'strong');
INSERT INTO AffiliationRel VALUES (3, 348, 'weak');
INSERT INTO AffiliationRel VALUES (18, 350, 'weak');
INSERT INTO AffiliationRel VALUES (27, 350, 'medium');
INSERT INTO AffiliationRel VALUES (8, 351, 'weak');
INSERT INTO AffiliationRel VALUES (26, 351, 'medium');
INSERT INTO AffiliationRel VALUES (32, 352, 'weak');
INSERT INTO AffiliationRel VALUES (23, 352, 'medium');
INSERT INTO AffiliationRel VALUES (30, 353, 'weak');
INSERT INTO AffiliationRel VALUES (6, 353, 'medium');
INSERT INTO AffiliationRel VALUES (11, 353, 'strong');
INSERT INTO AffiliationRel VALUES (1, 354, 'weak');
INSERT INTO AffiliationRel VALUES (3, 355, 'weak');
INSERT INTO AffiliationRel VALUES (25, 356, 'weak');
INSERT INTO AffiliationRel VALUES (12, 358, 'weak');
INSERT INTO AffiliationRel VALUES (13, 358, 'medium');
INSERT INTO AffiliationRel VALUES (10, 359, 'weak');
INSERT INTO AffiliationRel VALUES (23, 360, 'weak');
INSERT INTO AffiliationRel VALUES (7, 360, 'medium');
INSERT INTO AffiliationRel VALUES (16, 360, 'strong');
INSERT INTO AffiliationRel VALUES (18, 362, 'weak');
INSERT INTO AffiliationRel VALUES (1, 362, 'medium');
INSERT INTO AffiliationRel VALUES (19, 363, 'weak');
INSERT INTO AffiliationRel VALUES (32, 364, 'weak');
INSERT INTO AffiliationRel VALUES (16, 365, 'weak');
INSERT INTO AffiliationRel VALUES (4, 365, 'medium');
INSERT INTO AffiliationRel VALUES (13, 366, 'weak');
INSERT INTO AffiliationRel VALUES (20, 367, 'weak');
INSERT INTO AffiliationRel VALUES (23, 367, 'medium');
INSERT INTO AffiliationRel VALUES (27, 367, 'strong');
INSERT INTO AffiliationRel VALUES (2, 369, 'weak');
INSERT INTO AffiliationRel VALUES (30, 369, 'medium');
INSERT INTO AffiliationRel VALUES (27, 374, 'weak');
INSERT INTO AffiliationRel VALUES (13, 374, 'medium');
INSERT INTO AffiliationRel VALUES (33, 374, 'strong');
INSERT INTO AffiliationRel VALUES (22, 377, 'weak');
INSERT INTO AffiliationRel VALUES (17, 377, 'medium');
INSERT INTO AffiliationRel VALUES (10, 377, 'strong');
INSERT INTO AffiliationRel VALUES (24, 378, 'weak');
INSERT INTO AffiliationRel VALUES (28, 378, 'medium');
INSERT INTO AffiliationRel VALUES (14, 378, 'strong');
INSERT INTO AffiliationRel VALUES (12, 379, 'weak');
INSERT INTO AffiliationRel VALUES (2, 379, 'medium');
INSERT INTO AffiliationRel VALUES (29, 380, 'weak');
INSERT INTO AffiliationRel VALUES (22, 381, 'weak');
INSERT INTO AffiliationRel VALUES (3, 382, 'weak');
INSERT INTO AffiliationRel VALUES (28, 384, 'weak');
INSERT INTO AffiliationRel VALUES (34, 384, 'medium');
INSERT INTO AffiliationRel VALUES (21, 385, 'weak');
INSERT INTO AffiliationRel VALUES (1, 385, 'medium');
INSERT INTO AffiliationRel VALUES (32, 385, 'strong');
INSERT INTO AffiliationRel VALUES (8, 386, 'weak');
INSERT INTO AffiliationRel VALUES (20, 386, 'medium');
INSERT INTO AffiliationRel VALUES (29, 386, 'strong');
INSERT INTO AffiliationRel VALUES (26, 387, 'weak');
INSERT INTO AffiliationRel VALUES (31, 387, 'medium');
INSERT INTO AffiliationRel VALUES (21, 388, 'weak');
INSERT INTO AffiliationRel VALUES (13, 388, 'medium');
INSERT INTO AffiliationRel VALUES (33, 393, 'weak');
INSERT INTO AffiliationRel VALUES (13, 393, 'medium');
INSERT INTO AffiliationRel VALUES (18, 394, 'weak');
INSERT INTO AffiliationRel VALUES (12, 396, 'weak');
INSERT INTO AffiliationRel VALUES (3, 396, 'medium');
INSERT INTO AffiliationRel VALUES (29, 396, 'strong');
INSERT INTO AffiliationRel VALUES (30, 397, 'weak');
INSERT INTO AffiliationRel VALUES (22, 397, 'medium');
INSERT INTO AffiliationRel VALUES (24, 397, 'strong');
INSERT INTO AffiliationRel VALUES (30, 398, 'weak');
INSERT INTO AffiliationRel VALUES (11, 399, 'weak');
INSERT INTO AffiliationRel VALUES (22, 401, 'weak');
INSERT INTO AffiliationRel VALUES (5, 401, 'medium');
INSERT INTO AffiliationRel VALUES (31, 401, 'strong');
INSERT INTO AffiliationRel VALUES (18, 403, 'weak');
INSERT INTO AffiliationRel VALUES (21, 404, 'weak');
INSERT INTO AffiliationRel VALUES (23, 404, 'medium');
INSERT INTO AffiliationRel VALUES (30, 405, 'weak');
INSERT INTO AffiliationRel VALUES (21, 405, 'medium');
INSERT INTO AffiliationRel VALUES (27, 405, 'strong');
INSERT INTO AffiliationRel VALUES (14, 408, 'weak');
INSERT INTO AffiliationRel VALUES (33, 408, 'medium');
INSERT INTO AffiliationRel VALUES (26, 409, 'weak');
INSERT INTO AffiliationRel VALUES (1, 409, 'medium');
INSERT INTO AffiliationRel VALUES (30, 411, 'weak');
INSERT INTO AffiliationRel VALUES (21, 411, 'medium');
INSERT INTO AffiliationRel VALUES (28, 412, 'weak');
INSERT INTO AffiliationRel VALUES (4, 414, 'weak');
INSERT INTO AffiliationRel VALUES (14, 416, 'weak');
INSERT INTO AffiliationRel VALUES (10, 416, 'medium');
INSERT INTO AffiliationRel VALUES (26, 416, 'strong');
INSERT INTO AffiliationRel VALUES (8, 418, 'weak');
INSERT INTO AffiliationRel VALUES (2, 418, 'medium');
INSERT INTO AffiliationRel VALUES (4, 418, 'strong');
INSERT INTO AffiliationRel VALUES (24, 419, 'weak');
INSERT INTO AffiliationRel VALUES (32, 420, 'weak');
INSERT INTO AffiliationRel VALUES (11, 421, 'weak');
INSERT INTO AffiliationRel VALUES (24, 421, 'medium');
INSERT INTO AffiliationRel VALUES (30, 421, 'strong');
INSERT INTO AffiliationRel VALUES (22, 422, 'weak');
INSERT INTO AffiliationRel VALUES (24, 423, 'weak');
INSERT INTO AffiliationRel VALUES (18, 425, 'weak');
INSERT INTO AffiliationRel VALUES (11, 425, 'medium');
INSERT INTO AffiliationRel VALUES (5, 426, 'weak');
INSERT INTO AffiliationRel VALUES (26, 427, 'weak');
INSERT INTO AffiliationRel VALUES (30, 428, 'weak');
INSERT INTO AffiliationRel VALUES (22, 428, 'medium');
INSERT INTO AffiliationRel VALUES (28, 428, 'strong');
INSERT INTO AffiliationRel VALUES (5, 429, 'weak');
INSERT INTO AffiliationRel VALUES (27, 429, 'medium');
INSERT INTO AffiliationRel VALUES (9, 429, 'strong');
INSERT INTO AffiliationRel VALUES (2, 431, 'weak');
INSERT INTO AffiliationRel VALUES (12, 431, 'medium');
INSERT INTO AffiliationRel VALUES (4, 436, 'weak');
INSERT INTO AffiliationRel VALUES (34, 436, 'medium');
INSERT INTO AffiliationRel VALUES (17, 436, 'strong');
INSERT INTO AffiliationRel VALUES (31, 437, 'weak');
INSERT INTO AffiliationRel VALUES (21, 438, 'weak');
INSERT INTO AffiliationRel VALUES (13, 439, 'weak');
INSERT INTO AffiliationRel VALUES (18, 439, 'medium');
INSERT INTO AffiliationRel VALUES (5, 440, 'weak');
INSERT INTO AffiliationRel VALUES (9, 442, 'weak');
INSERT INTO AffiliationRel VALUES (20, 442, 'medium');
INSERT INTO AffiliationRel VALUES (11, 442, 'strong');
INSERT INTO AffiliationRel VALUES (23, 444, 'weak');
INSERT INTO AffiliationRel VALUES (32, 444, 'medium');
INSERT INTO AffiliationRel VALUES (24, 444, 'strong');
INSERT INTO AffiliationRel VALUES (10, 445, 'weak');
INSERT INTO AffiliationRel VALUES (16, 445, 'medium');
INSERT INTO AffiliationRel VALUES (5, 445, 'strong');
INSERT INTO AffiliationRel VALUES (25, 449, 'weak');
INSERT INTO AffiliationRel VALUES (5, 449, 'medium');
INSERT INTO AffiliationRel VALUES (7, 449, 'strong');
INSERT INTO AffiliationRel VALUES (21, 450, 'weak');
INSERT INTO AffiliationRel VALUES (3, 450, 'medium');
INSERT INTO AffiliationRel VALUES (23, 452, 'weak');
INSERT INTO AffiliationRel VALUES (28, 453, 'weak');
INSERT INTO AffiliationRel VALUES (14, 453, 'medium');
INSERT INTO AffiliationRel VALUES (5, 453, 'strong');
INSERT INTO AffiliationRel VALUES (15, 454, 'weak');
INSERT INTO AffiliationRel VALUES (32, 454, 'medium');
INSERT INTO AffiliationRel VALUES (34, 455, 'weak');
INSERT INTO AffiliationRel VALUES (8, 455, 'medium');
INSERT INTO AffiliationRel VALUES (30, 457, 'weak');
INSERT INTO AffiliationRel VALUES (13, 457, 'medium');
INSERT INTO AffiliationRel VALUES (22, 459, 'weak');
INSERT INTO AffiliationRel VALUES (15, 459, 'medium');
INSERT INTO AffiliationRel VALUES (13, 460, 'weak');
INSERT INTO AffiliationRel VALUES (15, 462, 'weak');
INSERT INTO AffiliationRel VALUES (3, 462, 'medium');
INSERT INTO AffiliationRel VALUES (29, 463, 'weak');
INSERT INTO AffiliationRel VALUES (34, 463, 'medium');
INSERT INTO AffiliationRel VALUES (31, 464, 'weak');
INSERT INTO AffiliationRel VALUES (27, 466, 'weak');
INSERT INTO AffiliationRel VALUES (20, 466, 'medium');
INSERT INTO AffiliationRel VALUES (24, 466, 'strong');
INSERT INTO AffiliationRel VALUES (33, 467, 'weak');
INSERT INTO AffiliationRel VALUES (29, 467, 'medium');
INSERT INTO AffiliationRel VALUES (30, 469, 'weak');
INSERT INTO AffiliationRel VALUES (16, 469, 'medium');
INSERT INTO AffiliationRel VALUES (11, 470, 'weak');
INSERT INTO AffiliationRel VALUES (33, 474, 'weak');
INSERT INTO AffiliationRel VALUES (18, 475, 'weak');
INSERT INTO AffiliationRel VALUES (21, 475, 'medium');
INSERT INTO AffiliationRel VALUES (9, 479, 'weak');
INSERT INTO AffiliationRel VALUES (31, 482, 'weak');
INSERT INTO AffiliationRel VALUES (21, 482, 'medium');
INSERT INTO AffiliationRel VALUES (34, 482, 'strong');
INSERT INTO AffiliationRel VALUES (25, 484, 'weak');
INSERT INTO AffiliationRel VALUES (1, 484, 'medium');
INSERT INTO AffiliationRel VALUES (18, 484, 'strong');
INSERT INTO AffiliationRel VALUES (33, 485, 'weak');
INSERT INTO AffiliationRel VALUES (27, 487, 'weak');
INSERT INTO AffiliationRel VALUES (9, 487, 'medium');
INSERT INTO AffiliationRel VALUES (22, 487, 'strong');
INSERT INTO AffiliationRel VALUES (1, 488, 'weak');
INSERT INTO AffiliationRel VALUES (8, 489, 'weak');
INSERT INTO AffiliationRel VALUES (23, 489, 'medium');
INSERT INTO AffiliationRel VALUES (27, 492, 'weak');
INSERT INTO AffiliationRel VALUES (34, 492, 'medium');
INSERT INTO AffiliationRel VALUES (30, 494, 'weak');
INSERT INTO AffiliationRel VALUES (32, 494, 'medium');
INSERT INTO AffiliationRel VALUES (25, 494, 'strong');
INSERT INTO AffiliationRel VALUES (32, 496, 'weak');
INSERT INTO AffiliationRel VALUES (21, 496, 'medium');
INSERT INTO AffiliationRel VALUES (7, 496, 'strong');
INSERT INTO AffiliationRel VALUES (6, 498, 'weak');
INSERT INTO AffiliationRel VALUES (8, 499, 'weak');
INSERT INTO AffiliationRel VALUES (23, 499, 'medium');
INSERT INTO AffiliationRel VALUES (26, 502, 'weak');
INSERT INTO AffiliationRel VALUES (21, 504, 'weak');
INSERT INTO AffiliationRel VALUES (22, 504, 'medium');
INSERT INTO AffiliationRel VALUES (2, 504, 'strong');
INSERT INTO AffiliationRel VALUES (3, 505, 'weak');
INSERT INTO AffiliationRel VALUES (32, 505, 'medium');
INSERT INTO AffiliationRel VALUES (16, 506, 'weak');
INSERT INTO AffiliationRel VALUES (15, 506, 'medium');
INSERT INTO AffiliationRel VALUES (19, 506, 'strong');
INSERT INTO AffiliationRel VALUES (22, 508, 'weak');
INSERT INTO AffiliationRel VALUES (21, 510, 'weak');
INSERT INTO AffiliationRel VALUES (27, 511, 'weak');
INSERT INTO AffiliationRel VALUES (8, 511, 'medium');
INSERT INTO AffiliationRel VALUES (23, 511, 'strong');
INSERT INTO AffiliationRel VALUES (14, 512, 'weak');
INSERT INTO AffiliationRel VALUES (28, 512, 'medium');
INSERT INTO AffiliationRel VALUES (21, 513, 'weak');
INSERT INTO AffiliationRel VALUES (3, 514, 'weak');
INSERT INTO AffiliationRel VALUES (26, 514, 'medium');
INSERT INTO AffiliationRel VALUES (28, 516, 'weak');
INSERT INTO AffiliationRel VALUES (6, 516, 'medium');
INSERT INTO AffiliationRel VALUES (9, 516, 'strong');
INSERT INTO AffiliationRel VALUES (27, 517, 'weak');
INSERT INTO AffiliationRel VALUES (14, 518, 'weak');
INSERT INTO AffiliationRel VALUES (4, 518, 'medium');
INSERT INTO AffiliationRel VALUES (7, 519, 'weak');
INSERT INTO AffiliationRel VALUES (29, 520, 'weak');
INSERT INTO AffiliationRel VALUES (16, 521, 'weak');
INSERT INTO AffiliationRel VALUES (21, 522, 'weak');
INSERT INTO AffiliationRel VALUES (20, 523, 'weak');
INSERT INTO AffiliationRel VALUES (3, 523, 'medium');
INSERT INTO AffiliationRel VALUES (27, 523, 'strong');
INSERT INTO AffiliationRel VALUES (34, 524, 'weak');
INSERT INTO AffiliationRel VALUES (27, 525, 'weak');
INSERT INTO AffiliationRel VALUES (2, 525, 'medium');
INSERT INTO AffiliationRel VALUES (24, 526, 'weak');
INSERT INTO AffiliationRel VALUES (4, 526, 'medium');
INSERT INTO AffiliationRel VALUES (34, 526, 'strong');
INSERT INTO AffiliationRel VALUES (5, 528, 'weak');
INSERT INTO AffiliationRel VALUES (7, 528, 'medium');
INSERT INTO AffiliationRel VALUES (24, 530, 'weak');
INSERT INTO AffiliationRel VALUES (33, 530, 'medium');
INSERT INTO AffiliationRel VALUES (5, 531, 'weak');
INSERT INTO AffiliationRel VALUES (9, 532, 'weak');
INSERT INTO AffiliationRel VALUES (20, 533, 'weak');
INSERT INTO AffiliationRel VALUES (25, 533, 'medium');
INSERT INTO AffiliationRel VALUES (32, 533, 'strong');
INSERT INTO AffiliationRel VALUES (17, 535, 'weak');
INSERT INTO AffiliationRel VALUES (3, 536, 'weak');
INSERT INTO AffiliationRel VALUES (17, 536, 'medium');
INSERT INTO AffiliationRel VALUES (11, 540, 'weak');
INSERT INTO AffiliationRel VALUES (4, 540, 'medium');
INSERT INTO AffiliationRel VALUES (15, 541, 'weak');
INSERT INTO AffiliationRel VALUES (4, 541, 'medium');
INSERT INTO AffiliationRel VALUES (20, 542, 'weak');
INSERT INTO AffiliationRel VALUES (16, 542, 'medium');
INSERT INTO AffiliationRel VALUES (23, 542, 'strong');
INSERT INTO AffiliationRel VALUES (29, 543, 'weak');
INSERT INTO AffiliationRel VALUES (13, 543, 'medium');
INSERT INTO AffiliationRel VALUES (19, 543, 'strong');
INSERT INTO AffiliationRel VALUES (25, 544, 'weak');
INSERT INTO AffiliationRel VALUES (20, 545, 'weak');
INSERT INTO AffiliationRel VALUES (23, 545, 'medium');
INSERT INTO AffiliationRel VALUES (10, 546, 'weak');
INSERT INTO AffiliationRel VALUES (4, 547, 'weak');
INSERT INTO AffiliationRel VALUES (18, 547, 'medium');
INSERT INTO AffiliationRel VALUES (27, 549, 'weak');
INSERT INTO AffiliationRel VALUES (20, 549, 'medium');
INSERT INTO AffiliationRel VALUES (29, 551, 'weak');
INSERT INTO AffiliationRel VALUES (4, 551, 'medium');
INSERT INTO AffiliationRel VALUES (7, 554, 'weak');
INSERT INTO AffiliationRel VALUES (27, 555, 'weak');
INSERT INTO AffiliationRel VALUES (18, 555, 'medium');
INSERT INTO AffiliationRel VALUES (29, 555, 'strong');
INSERT INTO AffiliationRel VALUES (32, 558, 'weak');
INSERT INTO AffiliationRel VALUES (28, 558, 'medium');
INSERT INTO AffiliationRel VALUES (13, 560, 'weak');
INSERT INTO AffiliationRel VALUES (30, 561, 'weak');
INSERT INTO AffiliationRel VALUES (32, 561, 'medium');
INSERT INTO AffiliationRel VALUES (15, 564, 'weak');
INSERT INTO AffiliationRel VALUES (26, 564, 'medium');
INSERT INTO AffiliationRel VALUES (32, 565, 'weak');
INSERT INTO AffiliationRel VALUES (23, 566, 'weak');
INSERT INTO AffiliationRel VALUES (17, 571, 'weak');
INSERT INTO AffiliationRel VALUES (10, 571, 'medium');
INSERT INTO AffiliationRel VALUES (19, 571, 'strong');
INSERT INTO AffiliationRel VALUES (11, 572, 'weak');
INSERT INTO AffiliationRel VALUES (31, 572, 'medium');
INSERT INTO AffiliationRel VALUES (24, 577, 'weak');
INSERT INTO AffiliationRel VALUES (26, 577, 'medium');
INSERT INTO AffiliationRel VALUES (34, 577, 'strong');
INSERT INTO AffiliationRel VALUES (25, 578, 'weak');
INSERT INTO AffiliationRel VALUES (23, 579, 'weak');
INSERT INTO AffiliationRel VALUES (28, 580, 'weak');
INSERT INTO AffiliationRel VALUES (13, 580, 'medium');
INSERT INTO AffiliationRel VALUES (8, 582, 'weak');
INSERT INTO AffiliationRel VALUES (34, 583, 'weak');
INSERT INTO AffiliationRel VALUES (27, 583, 'medium');
INSERT INTO AffiliationRel VALUES (23, 583, 'strong');
INSERT INTO AffiliationRel VALUES (23, 584, 'weak');
INSERT INTO AffiliationRel VALUES (11, 586, 'weak');
INSERT INTO AffiliationRel VALUES (10, 586, 'medium');
INSERT INTO AffiliationRel VALUES (17, 589, 'weak');
INSERT INTO AffiliationRel VALUES (5, 589, 'medium');
INSERT INTO AffiliationRel VALUES (24, 591, 'weak');
INSERT INTO AffiliationRel VALUES (30, 593, 'weak');
INSERT INTO AffiliationRel VALUES (15, 593, 'medium');
INSERT INTO AffiliationRel VALUES (8, 593, 'strong');
INSERT INTO AffiliationRel VALUES (32, 595, 'weak');
INSERT INTO AffiliationRel VALUES (34, 595, 'medium');
INSERT INTO AffiliationRel VALUES (5, 595, 'strong');
INSERT INTO AffiliationRel VALUES (12, 598, 'weak');
INSERT INTO AffiliationRel VALUES (16, 598, 'medium');
INSERT INTO AffiliationRel VALUES (1, 598, 'strong');
INSERT INTO AffiliationRel VALUES (33, 599, 'weak');
INSERT INTO AffiliationRel VALUES (1, 599, 'medium');
INSERT INTO AffiliationRel VALUES (19, 599, 'strong');
INSERT INTO AffiliationRel VALUES (33, 600, 'weak');
INSERT INTO AffiliationRel VALUES (7, 600, 'medium');
INSERT INTO AffiliationRel VALUES (15, 600, 'strong');
INSERT INTO AffiliationRel VALUES (32, 602, 'weak');
INSERT INTO AffiliationRel VALUES (3, 602, 'medium');
INSERT INTO AffiliationRel VALUES (19, 602, 'strong');
INSERT INTO AffiliationRel VALUES (19, 603, 'weak');
INSERT INTO AffiliationRel VALUES (31, 603, 'medium');
INSERT INTO AffiliationRel VALUES (5, 605, 'weak');
INSERT INTO AffiliationRel VALUES (23, 606, 'weak');
INSERT INTO AffiliationRel VALUES (13, 606, 'medium');
INSERT INTO AffiliationRel VALUES (12, 606, 'strong');
INSERT INTO AffiliationRel VALUES (10, 700, 'weak');
INSERT INTO AffiliationRel VALUES (20, 700, 'medium');
INSERT INTO AffiliationRel VALUES (5, 702, 'weak');
INSERT INTO AffiliationRel VALUES (17, 703, 'weak');
INSERT INTO AffiliationRel VALUES (24, 703, 'medium');
INSERT INTO AffiliationRel VALUES (1, 703, 'strong');
INSERT INTO AffiliationRel VALUES (16, 704, 'weak');
INSERT INTO AffiliationRel VALUES (30, 704, 'medium');
INSERT INTO AffiliationRel VALUES (23, 704, 'strong');
INSERT INTO AffiliationRel VALUES (21, 706, 'weak');
INSERT INTO AffiliationRel VALUES (32, 707, 'weak');
INSERT INTO AffiliationRel VALUES (14, 708, 'weak');
INSERT INTO AffiliationRel VALUES (27, 710, 'weak');
INSERT INTO AffiliationRel VALUES (22, 711, 'weak');
INSERT INTO AffiliationRel VALUES (27, 711, 'medium');
INSERT INTO AffiliationRel VALUES (34, 712, 'weak');
INSERT INTO AffiliationRel VALUES (4, 713, 'weak');
INSERT INTO AffiliationRel VALUES (32, 714, 'weak');
INSERT INTO AffiliationRel VALUES (33, 715, 'weak');
INSERT INTO AffiliationRel VALUES (1, 716, 'weak');
INSERT INTO AffiliationRel VALUES (16, 716, 'medium');
INSERT INTO AffiliationRel VALUES (10, 717, 'weak');
INSERT INTO AffiliationRel VALUES (6, 717, 'medium');
INSERT INTO AffiliationRel VALUES (15, 717, 'strong');
INSERT INTO AffiliationRel VALUES (29, 718, 'weak');
INSERT INTO AffiliationRel VALUES (11, 718, 'medium');
INSERT INTO AffiliationRel VALUES (22, 718, 'strong');
INSERT INTO AffiliationRel VALUES (10, 720, 'weak');
INSERT INTO AffiliationRel VALUES (29, 720, 'medium');
INSERT INTO AffiliationRel VALUES (18, 720, 'strong');
INSERT INTO AffiliationRel VALUES (18, 721, 'weak');
INSERT INTO AffiliationRel VALUES (26, 721, 'medium');
INSERT INTO AffiliationRel VALUES (21, 723, 'weak');
INSERT INTO AffiliationRel VALUES (17, 723, 'medium');
INSERT INTO AffiliationRel VALUES (29, 725, 'weak');
INSERT INTO AffiliationRel VALUES (11, 725, 'medium');
INSERT INTO AffiliationRel VALUES (9, 727, 'weak');
INSERT INTO AffiliationRel VALUES (1, 727, 'medium');
INSERT INTO AffiliationRel VALUES (27, 727, 'strong');
INSERT INTO AffiliationRel VALUES (8, 728, 'weak');
INSERT INTO AffiliationRel VALUES (10, 728, 'medium');
INSERT INTO AffiliationRel VALUES (22, 730, 'weak');
INSERT INTO AffiliationRel VALUES (6, 730, 'medium');
INSERT INTO AffiliationRel VALUES (3, 732, 'weak');
INSERT INTO AffiliationRel VALUES (5, 734, 'weak');
INSERT INTO AffiliationRel VALUES (27, 734, 'medium');
INSERT INTO AffiliationRel VALUES (24, 734, 'strong');
INSERT INTO AffiliationRel VALUES (27, 735, 'weak');
INSERT INTO AffiliationRel VALUES (12, 736, 'weak');
INSERT INTO AffiliationRel VALUES (13, 736, 'medium');
INSERT INTO AffiliationRel VALUES (29, 736, 'strong');
INSERT INTO AffiliationRel VALUES (7, 737, 'weak');
INSERT INTO AffiliationRel VALUES (31, 738, 'weak');
INSERT INTO AffiliationRel VALUES (30, 739, 'weak');
INSERT INTO AffiliationRel VALUES (33, 740, 'weak');
INSERT INTO AffiliationRel VALUES (5, 740, 'medium');
INSERT INTO AffiliationRel VALUES (23, 740, 'strong');
INSERT INTO AffiliationRel VALUES (12, 741, 'weak');
INSERT INTO AffiliationRel VALUES (33, 741, 'medium');
INSERT INTO AffiliationRel VALUES (16, 741, 'strong');
INSERT INTO AffiliationRel VALUES (20, 742, 'weak');
INSERT INTO AffiliationRel VALUES (29, 742, 'medium');
INSERT INTO AffiliationRel VALUES (12, 742, 'strong');
INSERT INTO AffiliationRel VALUES (32, 743, 'weak');
INSERT INTO AffiliationRel VALUES (29, 743, 'medium');
INSERT INTO AffiliationRel VALUES (3, 743, 'strong');
INSERT INTO AffiliationRel VALUES (26, 745, 'weak');
INSERT INTO AffiliationRel VALUES (32, 745, 'medium');
INSERT INTO AffiliationRel VALUES (4, 746, 'weak');
INSERT INTO AffiliationRel VALUES (17, 746, 'medium');
INSERT INTO AffiliationRel VALUES (7, 747, 'weak');
INSERT INTO AffiliationRel VALUES (19, 747, 'medium');
INSERT INTO AffiliationRel VALUES (23, 749, 'weak');
INSERT INTO AffiliationRel VALUES (7, 750, 'weak');
INSERT INTO AffiliationRel VALUES (11, 750, 'medium');
INSERT INTO AffiliationRel VALUES (11, 751, 'weak');
INSERT INTO AffiliationRel VALUES (8, 751, 'medium');
INSERT INTO AffiliationRel VALUES (7, 751, 'strong');
INSERT INTO AffiliationRel VALUES (6, 752, 'weak');
INSERT INTO AffiliationRel VALUES (22, 752, 'medium');
INSERT INTO AffiliationRel VALUES (33, 753, 'weak');
INSERT INTO AffiliationRel VALUES (16, 753, 'medium');
INSERT INTO AffiliationRel VALUES (9, 754, 'weak');
INSERT INTO AffiliationRel VALUES (21, 754, 'medium');
INSERT INTO AffiliationRel VALUES (23, 754, 'strong');
INSERT INTO AffiliationRel VALUES (31, 755, 'weak');
INSERT INTO AffiliationRel VALUES (18, 755, 'medium');
INSERT INTO AffiliationRel VALUES (10, 755, 'strong');
INSERT INTO AffiliationRel VALUES (14, 757, 'weak');
INSERT INTO AffiliationRel VALUES (27, 757, 'medium');
INSERT INTO AffiliationRel VALUES (21, 757, 'strong');
INSERT INTO AffiliationRel VALUES (8, 759, 'weak');
INSERT INTO AffiliationRel VALUES (34, 760, 'weak');
INSERT INTO AffiliationRel VALUES (20, 760, 'medium');
INSERT INTO AffiliationRel VALUES (18, 761, 'weak');
INSERT INTO AffiliationRel VALUES (30, 761, 'medium');
INSERT INTO AffiliationRel VALUES (2, 763, 'weak');
INSERT INTO AffiliationRel VALUES (23, 763, 'medium');
INSERT INTO AffiliationRel VALUES (4, 763, 'strong');
INSERT INTO AffiliationRel VALUES (32, 764, 'weak');
INSERT INTO AffiliationRel VALUES (20, 765, 'weak');
INSERT INTO AffiliationRel VALUES (26, 765, 'medium');
INSERT INTO AffiliationRel VALUES (19, 765, 'strong');
INSERT INTO AffiliationRel VALUES (15, 766, 'weak');
INSERT INTO AffiliationRel VALUES (11, 767, 'weak');
INSERT INTO AffiliationRel VALUES (6, 767, 'medium');
INSERT INTO AffiliationRel VALUES (20, 768, 'weak');
INSERT INTO AffiliationRel VALUES (26, 769, 'weak');
INSERT INTO AffiliationRel VALUES (12, 769, 'medium');
INSERT INTO AffiliationRel VALUES (5, 769, 'strong');
INSERT INTO AffiliationRel VALUES (31, 770, 'weak');
INSERT INTO AffiliationRel VALUES (20, 770, 'medium');
INSERT INTO AffiliationRel VALUES (23, 770, 'strong');
INSERT INTO AffiliationRel VALUES (32, 772, 'weak');
INSERT INTO AffiliationRel VALUES (34, 773, 'weak');
INSERT INTO AffiliationRel VALUES (22, 776, 'weak');
INSERT INTO AffiliationRel VALUES (31, 776, 'medium');
INSERT INTO AffiliationRel VALUES (5, 776, 'strong');
INSERT INTO AffiliationRel VALUES (7, 777, 'weak');
INSERT INTO AffiliationRel VALUES (25, 777, 'medium');
INSERT INTO AffiliationRel VALUES (26, 778, 'weak');
INSERT INTO AffiliationRel VALUES (7, 779, 'weak');
INSERT INTO AffiliationRel VALUES (21, 779, 'medium');
INSERT INTO AffiliationRel VALUES (23, 779, 'strong');
INSERT INTO AffiliationRel VALUES (33, 780, 'weak');
INSERT INTO AffiliationRel VALUES (25, 782, 'weak');
INSERT INTO AffiliationRel VALUES (17, 784, 'weak');
INSERT INTO AffiliationRel VALUES (32, 784, 'medium');
INSERT INTO AffiliationRel VALUES (2, 784, 'strong');
INSERT INTO AffiliationRel VALUES (9, 785, 'weak');
INSERT INTO AffiliationRel VALUES (11, 786, 'weak');
INSERT INTO AffiliationRel VALUES (22, 787, 'weak');
INSERT INTO AffiliationRel VALUES (4, 788, 'weak');
INSERT INTO AffiliationRel VALUES (31, 788, 'medium');
INSERT INTO AffiliationRel VALUES (1, 789, 'weak');
INSERT INTO AffiliationRel VALUES (9, 789, 'medium');
INSERT INTO AffiliationRel VALUES (16, 789, 'strong');
INSERT INTO AffiliationRel VALUES (7, 790, 'weak');
INSERT INTO AffiliationRel VALUES (32, 791, 'weak');
INSERT INTO AffiliationRel VALUES (11, 791, 'medium');
INSERT INTO AffiliationRel VALUES (15, 791, 'strong');
INSERT INTO AffiliationRel VALUES (33, 792, 'weak');
INSERT INTO AffiliationRel VALUES (27, 792, 'medium');
INSERT INTO AffiliationRel VALUES (15, 793, 'weak');
INSERT INTO AffiliationRel VALUES (31, 793, 'medium');
INSERT INTO AffiliationRel VALUES (16, 793, 'strong');
INSERT INTO AffiliationRel VALUES (13, 794, 'weak');
INSERT INTO AffiliationRel VALUES (15, 795, 'weak');
INSERT INTO AffiliationRel VALUES (26, 795, 'medium');
INSERT INTO AffiliationRel VALUES (29, 795, 'strong');
INSERT INTO AffiliationRel VALUES (2, 800, 'weak');
INSERT INTO AffiliationRel VALUES (13, 800, 'medium');
INSERT INTO AffiliationRel VALUES (16, 800, 'strong');
INSERT INTO AffiliationRel VALUES (17, 803, 'weak');
INSERT INTO AffiliationRel VALUES (17, 809, 'weak');
INSERT INTO AffiliationRel VALUES (31, 812, 'weak');
INSERT INTO AffiliationRel VALUES (1, 815, 'weak');
INSERT INTO AffiliationRel VALUES (3, 818, 'weak');
INSERT INTO AffiliationRel VALUES (20, 818, 'medium');
INSERT INTO AffiliationRel VALUES (19, 818, 'strong');
INSERT INTO AffiliationRel VALUES (26, 821, 'weak');
INSERT INTO AffiliationRel VALUES (20, 821, 'medium');
INSERT INTO AffiliationRel VALUES (14, 824, 'weak');
INSERT INTO AffiliationRel VALUES (24, 824, 'medium');
INSERT INTO AffiliationRel VALUES (3, 827, 'weak');
INSERT INTO AffiliationRel VALUES (17, 827, 'medium');
INSERT INTO AffiliationRel VALUES (25, 830, 'weak');
INSERT INTO AffiliationRel VALUES (25, 833, 'weak');
INSERT INTO AffiliationRel VALUES (27, 833, 'medium');
INSERT INTO AffiliationRel VALUES (4, 836, 'weak');
INSERT INTO AffiliationRel VALUES (27, 839, 'weak');
INSERT INTO AffiliationRel VALUES (20, 839, 'medium');
INSERT INTO AffiliationRel VALUES (33, 842, 'weak');
INSERT INTO AffiliationRel VALUES (10, 842, 'medium');
INSERT INTO AffiliationRel VALUES (14, 848, 'weak');
INSERT INTO AffiliationRel VALUES (33, 851, 'weak');
INSERT INTO AffiliationRel VALUES (24, 851, 'medium');
INSERT INTO AffiliationRel VALUES (26, 854, 'weak');
INSERT INTO AffiliationRel VALUES (23, 854, 'medium');
INSERT INTO AffiliationRel VALUES (19, 854, 'strong');
INSERT INTO AffiliationRel VALUES (10, 857, 'weak');
INSERT INTO AffiliationRel VALUES (3, 860, 'weak');
INSERT INTO AffiliationRel VALUES (13, 860, 'medium');
INSERT INTO AffiliationRel VALUES (19, 863, 'weak');
INSERT INTO AffiliationRel VALUES (1, 863, 'medium');
INSERT INTO AffiliationRel VALUES (16, 875, 'weak');
INSERT INTO AffiliationRel VALUES (3, 875, 'medium');
INSERT INTO AffiliationRel VALUES (22, 881, 'weak');
INSERT INTO AffiliationRel VALUES (25, 881, 'medium');
INSERT INTO AffiliationRel VALUES (28, 887, 'weak');
INSERT INTO AffiliationRel VALUES (18, 890, 'weak');
INSERT INTO AffiliationRel VALUES (15, 893, 'weak');
INSERT INTO AffiliationRel VALUES (8, 893, 'medium');
INSERT INTO AffiliationRel VALUES (28, 893, 'strong');
INSERT INTO AffiliationRel VALUES (7, 896, 'weak');
INSERT INTO AffiliationRel VALUES (24, 896, 'medium');
INSERT INTO AffiliationRel VALUES (5, 899, 'weak');
INSERT INTO AffiliationRel VALUES (33, 899, 'medium');
INSERT INTO AffiliationRel VALUES (11, 905, 'weak');
INSERT INTO AffiliationRel VALUES (13, 905, 'medium');
INSERT INTO AffiliationRel VALUES (7, 905, 'strong');
INSERT INTO AffiliationRel VALUES (6, 911, 'weak');
INSERT INTO AffiliationRel VALUES (11, 911, 'medium');
INSERT INTO AffiliationRel VALUES (10, 911, 'strong');
INSERT INTO AffiliationRel VALUES (13, 914, 'weak');
INSERT INTO AffiliationRel VALUES (2, 917, 'weak');
INSERT INTO AffiliationRel VALUES (8, 917, 'medium');
INSERT INTO AffiliationRel VALUES (23, 917, 'strong');
INSERT INTO AffiliationRel VALUES (16, 923, 'weak');
INSERT INTO AffiliationRel VALUES (32, 923, 'medium');
INSERT INTO AffiliationRel VALUES (21, 926, 'weak');
INSERT INTO AffiliationRel VALUES (18, 929, 'weak');
INSERT INTO AffiliationRel VALUES (14, 929, 'medium');
INSERT INTO AffiliationRel VALUES (11, 935, 'weak');
INSERT INTO AffiliationRel VALUES (13, 935, 'medium');
INSERT INTO AffiliationRel VALUES (9, 938, 'weak');
INSERT INTO AffiliationRel VALUES (20, 944, 'weak');
INSERT INTO AffiliationRel VALUES (32, 947, 'weak');
INSERT INTO AffiliationRel VALUES (5, 947, 'medium');
INSERT INTO AffiliationRel VALUES (23, 947, 'strong');
INSERT INTO AffiliationRel VALUES (23, 950, 'weak');
INSERT INTO AffiliationRel VALUES (32, 953, 'weak');
INSERT INTO AffiliationRel VALUES (9, 953, 'medium');
INSERT INTO AffiliationRel VALUES (7, 956, 'weak');
INSERT INTO AffiliationRel VALUES (22, 962, 'weak');
INSERT INTO AffiliationRel VALUES (17, 965, 'weak');
INSERT INTO AffiliationRel VALUES (27, 965, 'medium');
INSERT INTO AffiliationRel VALUES (11, 965, 'strong');
INSERT INTO AffiliationRel VALUES (21, 968, 'weak');
INSERT INTO AffiliationRel VALUES (24, 971, 'weak');
INSERT INTO AffiliationRel VALUES (8, 974, 'weak');
INSERT INTO AffiliationRel VALUES (34, 974, 'medium');
INSERT INTO AffiliationRel VALUES (18, 977, 'weak');
INSERT INTO AffiliationRel VALUES (8, 977, 'medium');
INSERT INTO AffiliationRel VALUES (9, 980, 'weak');
INSERT INTO AffiliationRel VALUES (1, 980, 'medium');
INSERT INTO AffiliationRel VALUES (14, 983, 'weak');
INSERT INTO AffiliationRel VALUES (13, 983, 'medium');
INSERT INTO AffiliationRel VALUES (24, 986, 'weak');
INSERT INTO AffiliationRel VALUES (1, 986, 'medium');
INSERT INTO AffiliationRel VALUES (21, 989, 'weak');
INSERT INTO AffiliationRel VALUES (29, 992, 'weak');
INSERT INTO AffiliationRel VALUES (32, 995, 'weak');
INSERT INTO AffiliationRel VALUES (30, 995, 'medium');
INSERT INTO AffiliationRel VALUES (6, 998, 'weak');
INSERT INTO AffiliationRel VALUES (12, 998, 'medium');
INSERT INTO AffiliationRel VALUES (24, 998, 'strong');
INSERT INTO AffiliationRel VALUES (22, 1001, 'weak');
INSERT INTO AffiliationRel VALUES (18, 1001, 'medium');
INSERT INTO AffiliationRel VALUES (1, 1001, 'strong');
INSERT INTO AffiliationRel VALUES (19, 1004, 'weak');
INSERT INTO AffiliationRel VALUES (18, 1007, 'weak');
INSERT INTO AffiliationRel VALUES (6, 1007, 'medium');
INSERT INTO AffiliationRel VALUES (9, 1013, 'weak');
INSERT INTO AffiliationRel VALUES (20, 1025, 'weak');
INSERT INTO AffiliationRel VALUES (17, 1025, 'medium');
INSERT INTO AffiliationRel VALUES (10, 1025, 'strong');
INSERT INTO AffiliationRel VALUES (16, 1028, 'weak');
INSERT INTO AffiliationRel VALUES (11, 1031, 'weak');
INSERT INTO AffiliationRel VALUES (10, 1031, 'medium');
INSERT INTO AffiliationRel VALUES (6, 1031, 'strong');
INSERT INTO AffiliationRel VALUES (5, 1034, 'weak');
INSERT INTO AffiliationRel VALUES (22, 1037, 'weak');
INSERT INTO AffiliationRel VALUES (24, 1037, 'medium');
INSERT INTO AffiliationRel VALUES (20, 1040, 'weak');
INSERT INTO AffiliationRel VALUES (16, 1043, 'weak');
INSERT INTO AffiliationRel VALUES (3, 1046, 'weak');
INSERT INTO AffiliationRel VALUES (34, 1046, 'medium');
INSERT INTO AffiliationRel VALUES (1, 1058, 'weak');
INSERT INTO AffiliationRel VALUES (8, 1061, 'weak');
INSERT INTO AffiliationRel VALUES (16, 1061, 'medium');
INSERT INTO AffiliationRel VALUES (28, 1064, 'weak');
INSERT INTO AffiliationRel VALUES (9, 1064, 'medium');
INSERT INTO AffiliationRel VALUES (11, 1067, 'weak');
INSERT INTO AffiliationRel VALUES (3, 1067, 'medium');
INSERT INTO AffiliationRel VALUES (23, 1070, 'weak');
INSERT INTO AffiliationRel VALUES (14, 1070, 'medium');
INSERT INTO AffiliationRel VALUES (9, 1070, 'strong');
INSERT INTO AffiliationRel VALUES (30, 1073, 'weak');
INSERT INTO AffiliationRel VALUES (21, 1073, 'medium');
INSERT INTO AffiliationRel VALUES (19, 1079, 'weak');
INSERT INTO AffiliationRel VALUES (2, 1079, 'medium');
INSERT INTO AffiliationRel VALUES (11, 1079, 'strong');
INSERT INTO AffiliationRel VALUES (18, 1082, 'weak');
INSERT INTO AffiliationRel VALUES (30, 1082, 'medium');
INSERT INTO AffiliationRel VALUES (14, 1082, 'strong');
INSERT INTO AffiliationRel VALUES (31, 1085, 'weak');
INSERT INTO AffiliationRel VALUES (15, 1085, 'medium');
INSERT INTO AffiliationRel VALUES (30, 1085, 'strong');
INSERT INTO AffiliationRel VALUES (15, 1088, 'weak');
INSERT INTO AffiliationRel VALUES (4, 1091, 'weak');
INSERT INTO AffiliationRel VALUES (11, 1091, 'medium');
INSERT INTO AffiliationRel VALUES (13, 1094, 'weak');
INSERT INTO AffiliationRel VALUES (28, 1094, 'medium');
INSERT INTO AffiliationRel VALUES (16, 1094, 'strong');
INSERT INTO AffiliationRel VALUES (27, 1097, 'weak');
INSERT INTO AffiliationRel VALUES (2, 1100, 'weak');
INSERT INTO AffiliationRel VALUES (1, 1100, 'medium');
INSERT INTO AffiliationRel VALUES (21, 1106, 'weak');
INSERT INTO AffiliationRel VALUES (22, 1109, 'weak');
INSERT INTO Team VALUES (1, 'Renegade', 'weekly');
INSERT INTO Team VALUES (2, 'Haberdash', 'weekly');
INSERT INTO Team VALUES (3, 'Roadkill', 'monthly');
INSERT INTO Team VALUES (4, 'Oink', 'monthly');
INSERT INTO Team VALUES (5, 'Blaster', 'monthly');
INSERT INTO Team VALUES (6, 'Timebomb', 'monthly');
INSERT INTO Team VALUES (7, 'FlyOnTheWall', 'weekly');
INSERT INTO Team VALUES (8, 'Terminator', 'monthly');
INSERT INTO Team VALUES (9, 'BumbleBee', 'weekly');
INSERT INTO Team VALUES (10, 'Blackout', 'monthly');
INSERT INTO Team VALUES (11, 'Cyclone', 'monthly');
INSERT INTO Team VALUES (12, 'SpecialForces', 'monthly');
INSERT INTO Team VALUES (13, 'Gypsies', 'monthly');
INSERT INTO Team VALUES (14, 'Beasties', 'monthly');
INSERT INTO Team VALUES (15, 'Failsafe', 'monthly');
INSERT INTO Team VALUES (16, 'Vikings', 'weekly');
INSERT INTO Team VALUES (17, 'Rolaids', 'monthly');
INSERT INTO Team VALUES (18, 'SqueakyClean', 'weekly');
INSERT INTO Team VALUES (19, 'ShowBiz', 'monthly');
INSERT INTO Team VALUES (20, 'Giraffe', 'monthly');
INSERT INTO Team VALUES (21, 'Rimspeed', 'monthly');
INSERT INTO Team VALUES (22, 'Leadphut', 'weekly');
INSERT INTO Team VALUES (23, 'Charley Hunter', 'monthly');
INSERT INTO Team VALUES (24, 'Blunt', 'Twice Monthly');
INSERT INTO Team VALUES (25, 'Camaro', 'Semiannually');
INSERT INTO Team VALUES (26, 'Thunderbird', 'monthly');
INSERT INTO Team VALUES (27, 'Swing Voters', 'weekly');
INSERT INTO Team VALUES (28, 'Cha Cha Cha', 'weekly');
INSERT INTO Team VALUES (29, 'Ghost Hunters', 'weekly');
INSERT INTO Team VALUES (30, 'Widow Makers', 'monthly');
INSERT INTO Team VALUES (31, 'Boat Team 1', 'daily');
INSERT INTO Team VALUES (32, 'Boat Team 2', 'daily');
INSERT INTO Team VALUES (33, 'Boat Team 3', 'daily');
INSERT INTO Team VALUES (34, 'Boat Team 4', 'daily');
INSERT INTO Team VALUES (35, 'Boat Team 6', 'daily');
INSERT INTO Team VALUES (36, 'Boat Team 7', 'daily');
INSERT INTO Team VALUES (37, 'Jester', 'weekly');
INSERT INTO Team VALUES (38, 'Scorpion', 'weekly');
INSERT INTO Team VALUES (39, 'Blue Dagger', 'monthly');
INSERT INTO Team VALUES (40, 'F Sharp', 'daily');
INSERT INTO Team VALUES (42, 'Spoiler', 'monthly');
INSERT INTO Team VALUES (44, 'Wired', 'daily');
INSERT INTO Mission VALUES (1, 'Third Age', 5, 12, 'success');
INSERT INTO Mission VALUES (2, 'White Crown', 5, 12, 'failed');
INSERT INTO Mission VALUES (3, 'Galbassi', 3, 30, 'success');
INSERT INTO Mission VALUES (4, 'Gollum', 6, 13, 'ongoing');
INSERT INTO Mission VALUES (5, 'Mellyrn', 3, 10, 'ongoing');
INSERT INTO Mission VALUES (6, 'Norland', 2, 18, 'ongoing');
INSERT INTO Mission VALUES (7, 'Oliphaunt', 5, 28, 'failed');
INSERT INTO Mission VALUES (8, 'Hornblower', 2, 10, 'success');
INSERT INTO Mission VALUES (9, 'Cair Andros', 6, 11, 'ongoing');
INSERT INTO Mission VALUES (10, 'Black Crown', 6, 19, 'success');
INSERT INTO Mission VALUES (11, 'Guarded City', 1, 20, 'ongoing');
INSERT INTO Mission VALUES (12, 'Methedras', 1, 15, 'success');
INSERT INTO Mission VALUES (13, 'Silpion', 4, 19, 'ongoing');
INSERT INTO Mission VALUES (14, 'Wandlimb', 4, 8, 'ongoing');
INSERT INTO Mission VALUES (15, 'Barrow wights', 5, 11, 'success');
INSERT INTO Mission VALUES (16, 'Dark Years', 4, 11, 'success');
INSERT INTO Mission VALUES (17, 'Elbereth', 5, 12, 'ongoing');
INSERT INTO Mission VALUES (18, 'Black Country', 2, 18, 'success');
INSERT INTO Mission VALUES (19, 'Nazgul', 6, 8, 'failed');
INSERT INTO Mission VALUES (20, 'Seat of Seeing', 7, 6, 'success');
INSERT INTO Mission VALUES (21, 'Tighfield', 5, 13, 'ongoing');
INSERT INTO Mission VALUES (22, 'Deeping Stream', 6, 14, 'ongoing');
INSERT INTO Mission VALUES (23, 'Adaldrida', 3, 4, 'ongoing');
INSERT INTO Mission VALUES (24, 'Annatar', 4, 5, 'ongoing');
INSERT INTO Mission VALUES (25, 'Lith', 6, 20, 'success');
INSERT INTO Mission VALUES (26, 'Crystal Crown', 7, 29, 'success');
INSERT INTO Mission VALUES (27, 'Entings', 5, 14, 'success');
INSERT INTO Mission VALUES (28, 'Closed Door', 6, 19, 'success');
INSERT INTO Mission VALUES (29, 'Black', 6, 22, 'success');
INSERT INTO Mission VALUES (30, 'Pimple', 4, 1, 'failed');
INSERT INTO Mission VALUES (31, 'Rath Celerdain', 7, 4, 'ongoing');
INSERT INTO Mission VALUES (32, 'Diaz', 6, 33, 'failed');
INSERT INTO Mission VALUES (33, 'Brandy Hall', 5, 8, 'ongoing');
INSERT INTO Mission VALUES (34, 'Hornrock', 2, 11, 'ongoing');
INSERT INTO Mission VALUES (35, 'Shirriffs', 7, 12, 'success');
INSERT INTO Mission VALUES (36, 'Old Forest', 1, 24, 'failed');
INSERT INTO Mission VALUES (37, 'Swertings', 4, 22, 'success');
INSERT INTO Mission VALUES (38, 'Maura', 1, 14, 'success');
INSERT INTO Mission VALUES (39, 'Galpsi', 1, 28, 'failed');
INSERT INTO Mission VALUES (40, 'Middle Days', 3, 17, 'ongoing');
INSERT INTO Mission VALUES (41, 'Orcs', 1, 31, 'failed');
INSERT INTO Mission VALUES (42, 'Beleriand', 5, 13, 'failed');
INSERT INTO Mission VALUES (43, 'Bofur', 1, 4, 'success');
INSERT INTO Mission VALUES (44, 'Secret Fire', 6, 7, 'ongoing');
INSERT INTO Mission VALUES (45, 'Merethrond', 6, 13, 'failed');
INSERT INTO Mission VALUES (46, 'Narcguest', 2, 4, 'ongoing');
INSERT INTO Mission VALUES (47, 'Onodrim', 6, 29, 'success');
INSERT INTO Mission VALUES (48, 'Sandyman the Miller', 6, 10, 'ongoing');
INSERT INTO Mission VALUES (49, 'Bolgraten', 7, 1, 'failed');
INSERT INTO Mission VALUES (50, 'Iron Comb', 1, 30, 'success');
INSERT INTO Mission VALUES (51, 'Hammer of the Underw', 3, 3, 'ongoing');
INSERT INTO Mission VALUES (52, 'North Downs', 3, 19, 'ongoing');
INSERT INTO Mission VALUES (53, 'KARN', 1, 7, 'success');
INSERT INTO Mission VALUES (54, 'Fell Winter', 1, 20, 'success');
INSERT INTO Mission VALUES (55, 'Delving', 2, 16, 'success');
INSERT INTO Mission VALUES (56, 'Nob', 1, 17, 'ongoing');
INSERT INTO Mission VALUES (57, 'Parth Galen', 7, 37, 'success');
INSERT INTO Mission VALUES (58, 'Biggie Smalls', 4, 36, 'failed');
INSERT INTO Mission VALUES (59, 'Gold King', 3, 25, 'success');
INSERT INTO Mission VALUES (60, 'Floating Log', 2, 3, 'ongoing');
INSERT INTO Mission VALUES (61, 'Middle Earth', 7, 3, 'success');
INSERT INTO Mission VALUES (62, 'Downlands', 2, 4, 'success');
INSERT INTO Mission VALUES (63, 'Balrog', 3, 8, 'success');
INSERT INTO Mission VALUES (64, 'Stewards', 3, 20, 'ongoing');
INSERT INTO Mission VALUES (65, 'Old World', 4, 27, 'ongoing');
INSERT INTO Mission VALUES (66, 'Palantri', 4, 34, 'success');
INSERT INTO Mission VALUES (67, 'Aulendil', 6, 7, 'success');
INSERT INTO Mission VALUES (68, 'Underhill', 2, 3, 'failed');
INSERT INTO Mission VALUES (69, 'Derndingle', 7, 17, 'success');
INSERT INTO Mission VALUES (70, 'Narchost', 1, 3, 'success');
INSERT INTO Mission VALUES (71, 'Stybba', 3, 21, 'failed');
INSERT INTO Mission VALUES (72, 'Heathertoes', 7, 6, 'ongoing');
INSERT INTO Mission VALUES (73, 'Tower of the Sun', 7, 16, 'ongoing');
INSERT INTO Mission VALUES (74, 'Town Hole', 7, 19, 'ongoing');
INSERT INTO Mission VALUES (75, 'Bregalad', 6, 3, 'success');
INSERT INTO Mission VALUES (76, 'Banana', 7, 34, 'success');
INSERT INTO Mission VALUES (77, 'Twofoot', 1, 2, 'ongoing');
INSERT INTO Mission VALUES (78, 'Curtain', 3, 8, 'failed');
INSERT INTO Mission VALUES (79, 'Gimli', 4, 10, 'ongoing');
INSERT INTO Mission VALUES (80, 'Minas Anor', 4, 18, 'ongoing');
INSERT INTO Mission VALUES (81, 'Of the Eye', 2, 32, 'ongoing');
INSERT INTO Mission VALUES (82, 'Old Man', 6, 11, 'failed');
INSERT INTO Mission VALUES (83, 'Mathom-house', 2, 9, 'ongoing');
INSERT INTO Mission VALUES (84, 'Nimbrethil', 4, 13, 'failed');
INSERT INTO Mission VALUES (85, 'Targon', 4, 3, 'ongoing');
INSERT INTO Mission VALUES (86, 'Red Arrow', 3, 19, 'ongoing');
INSERT INTO Mission VALUES (87, 'Naith', 5, 40, 'success');
INSERT INTO Mission VALUES (88, 'Carbandur', 6, 24, 'failed');
INSERT INTO Mission VALUES (89, 'Carbandelsic', 5, 39, 'ongoing');
INSERT INTO Mission VALUES (90, 'Durin''s Bridge', 5, 7, 'ongoing');
INSERT INTO Mission VALUES (91, 'Watchwood', 4, 8, 'failed');
INSERT INTO Mission VALUES (92, 'Pipe Weed', 5, 2, 'failed');
INSERT INTO Mission VALUES (93, 'Tupac', 3, 35, 'ongoing');
INSERT INTO Mission VALUES (94, 'Sirion', 4, 12, 'success');
INSERT INTO Mission VALUES (95, 'Strawheads', 3, 2, 'success');
INSERT INTO Mission VALUES (96, 'Overhill', 4, 13, 'success');
INSERT INTO Mission VALUES (97, 'Great Darkness', 6, 17, 'success');
INSERT INTO Mission VALUES (98, 'Mitheithel', 2, 23, 'failed');
INSERT INTO Mission VALUES (99, 'Anduin', 3, 32, 'ongoing');
INSERT INTO Mission VALUES (100, 'Wandering Companies', 3, 6, 'failed');
INSERT INTO Mission VALUES (101, 'Causeway', 3, 14, 'success');
INSERT INTO Mission VALUES (102, 'Tuckborough', 1, 20, 'ongoing');
INSERT INTO Mission VALUES (103, 'Muzgash', 4, 39, 'ongoing');
INSERT INTO Mission VALUES (104, 'Sarn Ford', 7, 11, 'failed');
INSERT INTO Mission VALUES (105, 'Calacirian', 7, 12, 'success');
INSERT INTO Mission VALUES (106, 'Suza', 2, 1, 'failed');
INSERT INTO Mission VALUES (107, 'Galdor', 2, 24, 'failed');
INSERT INTO Mission VALUES (108, 'Helm''s Deep', 7, 6, 'ongoing');
INSERT INTO Mission VALUES (109, 'Isengard', 3, 14, 'ongoing');
INSERT INTO Mission VALUES (110, 'Oldbuck', 7, 23, 'failed');
INSERT INTO Mission VALUES (111, 'Singollo', 1, 37, 'success');
INSERT INTO Mission VALUES (112, 'Ambarna', 1, 2, 'success');
INSERT INTO Mission VALUES (113, 'Moria', 7, 6, 'failed');
INSERT INTO Mission VALUES (114, 'Older Days', 2, 13, 'success');
INSERT INTO Mission VALUES (115, 'Orophin', 3, 33, 'failed');
INSERT INTO Mission VALUES (116, 'Cirion', 5, 18, 'ongoing');
INSERT INTO Mission VALUES (117, 'Mindolluin', 7, 21, 'failed');
INSERT INTO Mission VALUES (118, 'Hamanullas', 6, 26, 'ongoing');
INSERT INTO Mission VALUES (119, 'Vala Aule', 7, 8, 'failed');
INSERT INTO Mission VALUES (120, 'Crack of Doom', 2, 5, 'ongoing');
INSERT INTO Mission VALUES (121, 'Sharkey''s End', 6, 12, 'failed');
INSERT INTO Mission VALUES (122, 'Mirkwood', 4, 33, 'failed');
INSERT INTO Mission VALUES (123, 'Durin''s Stone', 3, 7, 'ongoing');
INSERT INTO Mission VALUES (124, 'Denethor', 7, 17, 'success');
INSERT INTO Mission VALUES (125, 'Northern Fences', 4, 20, 'failed');
INSERT INTO Mission VALUES (126, 'Firefoot', 2, 3, 'success');
INSERT INTO Mission VALUES (127, 'Golden Perch', 5, 13, 'success');
INSERT INTO Mission VALUES (128, 'Underharrow', 2, 2, 'failed');
INSERT INTO Mission VALUES (129, 'Westron', 3, 12, 'ongoing');
INSERT INTO Mission VALUES (130, 'Pillars of the King', 5, 14, 'ongoing');
INSERT INTO Mission VALUES (131, 'Pelargir', 2, 39, 'ongoing');
INSERT INTO Mission VALUES (132, 'Ram', 5, 11, 'failed');
INSERT INTO Mission VALUES (133, 'Hidden Land', 7, 7, 'success');
INSERT INTO Mission VALUES (134, 'Thistlewool', 5, 12, 'ongoing');
INSERT INTO Mission VALUES (135, 'Paths of the Dead', 1, 38, 'failed');
INSERT INTO Mission VALUES (136, 'Karningul', 7, 25, 'success');
INSERT INTO Mission VALUES (137, 'Eregion', 2, 17, 'ongoing');
INSERT INTO Mission VALUES (138, 'Fenmarch', 1, 1, 'ongoing');
INSERT INTO Mission VALUES (139, 'Chamber of Mazarbul', 4, 16, 'success');
INSERT INTO Mission VALUES (140, 'Younger Days', 1, 20, 'failed');
INSERT INTO Mission VALUES (141, 'Outlands', 6, 36, 'failed');
INSERT INTO Mission VALUES (142, 'Goodbodies', 5, 14, 'success');
INSERT INTO Mission VALUES (143, 'KHARS', 3, 3, 'success');
INSERT INTO Mission VALUES (144, 'EasyE', 6, 38, 'failed');
INSERT INTO Mission VALUES (145, 'Kastic', 4, 24, 'failed');
INSERT INTO Mission VALUES (146, 'Galadriel', 5, 20, 'failed');
INSERT INTO Mission VALUES (147, 'Dimrill Stair', 1, 2, 'ongoing');
INSERT INTO Mission VALUES (148, 'Deeping Wall', 6, 15, 'ongoing');
INSERT INTO Mission VALUES (149, 'Lagduf', 4, 16, 'ongoing');
INSERT INTO Mission VALUES (150, 'Fair Folk', 7, 17, 'ongoing');
INSERT INTO Mission VALUES (151, 'Gate of Kings', 3, 7, 'success');
INSERT INTO Mission VALUES (152, 'The Haunted Pass', 6, 9, 'ongoing');
INSERT INTO Mission VALUES (153, 'Banakil', 1, 2, 'failed');
INSERT INTO Mission VALUES (154, 'New Row', 3, 12, 'success');
INSERT INTO Mission VALUES (155, 'Phur', 6, 12, 'success');
INSERT INTO Mission VALUES (156, 'Eastfarthing', 4, 10, 'success');
INSERT INTO Mission VALUES (157, 'Mountains of Lune', 7, 35, 'ongoing');
INSERT INTO Mission VALUES (158, 'Pippin', 4, 10, 'ongoing');
INSERT INTO Mission VALUES (159, 'Medusa', 7, 3, 'success');
INSERT INTO Mission VALUES (160, 'Court of the Fountai', 2, 4, 'ongoing');
INSERT INTO Mission VALUES (161, 'Brockenbores', 6, 9, 'success');
INSERT INTO Mission VALUES (162, 'Silent Street', 1, 13, 'ongoing');
INSERT INTO Mission VALUES (163, 'Southfarthing', 2, 19, 'success');
INSERT INTO Mission VALUES (164, 'Morgoth', 1, 9, 'ongoing');
INSERT INTO Mission VALUES (165, 'Esmeralda', 3, 15, 'failed');
INSERT INTO Mission VALUES (166, 'Nmenor', 4, 11, 'failed');
INSERT INTO Mission VALUES (167, 'Shelob', 4, 15, 'success');
INSERT INTO Mission VALUES (168, 'Gold Thief', 5, 27, 'ongoing');
INSERT INTO Mission VALUES (169, 'Zara', 1, 26, 'ongoing');
INSERT INTO Mission VALUES (170, 'Desk Top', 3, 37, 'success');
INSERT INTO Mission VALUES (171, 'Nameless Pass', 2, 6, 'success');
INSERT INTO Mission VALUES (172, 'Dark Days', 4, 11, 'failed');
INSERT INTO Mission VALUES (173, 'Last Alliance', 5, 16, 'ongoing');
INSERT INTO Mission VALUES (174, 'Fangorn', 6, 17, 'ongoing');
INSERT INTO Mission VALUES (175, 'Twilight', 5, 12, 'success');
INSERT INTO Mission VALUES (176, 'Neekerbreekers', 7, 9, 'ongoing');
INSERT INTO Mission VALUES (177, 'RAUTA', 5, 5, 'ongoing');
INSERT INTO Mission VALUES (178, 'Goose', 7, 28, 'failed');
INSERT INTO Mission VALUES (179, 'Pickthorn', 3, 40, 'success');
INSERT INTO Mission VALUES (180, 'Sammath Naur', 2, 13, 'failed');
INSERT INTO Mission VALUES (181, 'Nargian', 5, 18, 'ongoing');
INSERT INTO Mission VALUES (182, 'The Tongue', 6, 9, 'ongoing');
INSERT INTO Mission VALUES (183, 'Tharni', 2, 34, 'success');
INSERT INTO Mission VALUES (184, 'Soval Phare', 5, 4, 'ongoing');
INSERT INTO Mission VALUES (185, 'Gilrain', 4, 8, 'success');
INSERT INTO Mission VALUES (186, 'Shadow Host', 5, 9, 'success');
INSERT INTO Mission VALUES (187, 'Towers of the Teeth', 7, 17, 'failed');
INSERT INTO Mission VALUES (188, 'The Creeper', 7, 39, 'ongoing');
INSERT INTO Mission VALUES (189, 'Brave Brando', 7, 22, 'success');
INSERT INTO Mission VALUES (190, 'Aldor', 1, 1, 'success');
INSERT INTO Mission VALUES (191, 'Saradoc', 4, 3, 'ongoing');
INSERT INTO Mission VALUES (192, 'Great Jewel', 1, 18, 'success');
INSERT INTO Mission VALUES (193, 'Maverick', 1, 29, 'success');
INSERT INTO Mission VALUES (194, 'Gandalf', 7, 7, 'failed');
INSERT INTO Mission VALUES (195, 'Turac', 2, 27, 'ongoing');
INSERT INTO Mission VALUES (196, 'Melkor', 1, 16, 'success');
INSERT INTO Mission VALUES (197, 'Gladden River', 4, 10, 'ongoing');
INSERT INTO Mission VALUES (198, 'Tookland', 6, 15, 'success');
INSERT INTO Mission VALUES (199, 'Grim Reeper', 1, 40, 'success');
INSERT INTO Mission VALUES (200, 'Minas Tirith', 2, 10, 'ongoing');
INSERT INTO Mission VALUES (201, 'Sindarin', 5, 34, 'success');
INSERT INTO Mission VALUES (202, 'Black Land', 7, 1, 'ongoing');
INSERT INTO Mission VALUES (203, 'Westfarthing', 5, 10, 'failed');
INSERT INTO Mission VALUES (204, 'Bruinen River', 6, 11, 'ongoing');
INSERT INTO Mission VALUES (205, 'Elves', 5, 14, 'failed');
INSERT INTO Mission VALUES (206, 'Old Winyards', 3, 26, 'ongoing');
INSERT INTO Mission VALUES (207, 'The Renewer', 2, 6, 'failed');
INSERT INTO Mission VALUES (208, 'Sindar', 6, 35, 'ongoing');
INSERT INTO Mission VALUES (209, 'Baldor', 3, 6, 'success');
INSERT INTO Mission VALUES (210, 'Dead City', 5, 12, 'ongoing');
INSERT INTO Mission VALUES (211, 'Iron Crown', 3, 13, 'failed');
INSERT INTO Mission VALUES (212, 'Chicken Burrito', 4, 31, 'failed');
INSERT INTO Mission VALUES (213, 'Lobelia', 4, 1, 'failed');
INSERT INTO Mission VALUES (214, 'Haunted Pass', 6, 3, 'failed');
INSERT INTO Mission VALUES (215, 'The Wise', 7, 10, 'ongoing');
INSERT INTO Mission VALUES (216, 'NAK', 6, 6, 'failed');
INSERT INTO Mission VALUES (217, 'Radiant Tree', 6, 21, 'failed');
INSERT INTO Mission VALUES (218, 'Hall of the Kings', 4, 1, 'ongoing');
INSERT INTO Mission VALUES (219, 'Rushlight', 3, 2, 'failed');
INSERT INTO Mission VALUES (220, 'Wormtongue', 3, 18, 'failed');
INSERT INTO Mission VALUES (221, 'Nehald', 4, 17, 'ongoing');
INSERT INTO Mission VALUES (222, 'Cardigan', 4, 38, 'failed');
INSERT INTO Mission VALUES (223, 'Book of Mazarbul', 2, 6, 'success');
INSERT INTO Mission VALUES (224, 'Shadowmere', 6, 10, 'ongoing');
INSERT INTO Mission VALUES (225, 'Grayhame', 6, 17, 'failed');
INSERT INTO Mission VALUES (226, 'Mouth of Sauron', 1, 36, 'failed');
INSERT INTO Mission VALUES (227, 'Nindalf', 6, 15, 'success');
INSERT INTO Mission VALUES (228, 'Gamba', 2, 29, 'success');
INSERT INTO Mission VALUES (229, 'Morgul Vale', 3, 31, 'failed');
INSERT INTO Mission VALUES (230, 'Leaflock', 5, 18, 'ongoing');
INSERT INTO Mission VALUES (231, 'Morgul Pass', 2, 30, 'success');
INSERT INTO Mission VALUES (232, 'Belfalas', 6, 15, 'success');
INSERT INTO Mission VALUES (233, 'Minas Morgul', 6, 20, 'failed');
INSERT INTO Mission VALUES (234, 'Noakes', 7, 16, 'success');
INSERT INTO Mission VALUES (235, 'Barrow Blade', 4, 11, 'success');
INSERT INTO Mission VALUES (236, 'Melian', 6, 14, 'success');
INSERT INTO Mission VALUES (237, 'Arathorn', 2, 5, 'success');
INSERT INTO Mission VALUES (238, 'Nenya', 1, 7, 'ongoing');
INSERT INTO Mission VALUES (239, 'Beorn', 6, 16, 'success');
INSERT INTO Mission VALUES (240, 'Rog', 6, 5, 'ongoing');
INSERT INTO Mission VALUES (241, 'Gelion', 2, 31, 'failed');
INSERT INTO Mission VALUES (242, 'Taniquetil', 4, 4, 'ongoing');
INSERT INTO Mission VALUES (243, 'Prancing Pony', 6, 16, 'failed');
INSERT INTO Mission VALUES (244, 'Sarn Gebir', 1, 12, 'success');
INSERT INTO Mission VALUES (245, 'Tobias', 1, 33, 'failed');
INSERT INTO Mission VALUES (246, 'Valinor', 3, 39, 'ongoing');
INSERT INTO Mission VALUES (247, 'Cormallen', 7, 2, 'ongoing');
INSERT INTO Mission VALUES (248, 'Vilya', 1, 5, 'failed');
INSERT INTO Mission VALUES (249, 'Crickhollow', 2, 7, 'success');
INSERT INTO Mission VALUES (250, 'Tower Hills', 6, 15, 'ongoing');
INSERT INTO Mission VALUES (251, 'Black Captain', 6, 18, 'success');
INSERT INTO Mission VALUES (252, 'Hither Shore', 2, 8, 'ongoing');
INSERT INTO Mission VALUES (253, 'Nimloth', 5, 14, 'success');
INSERT INTO Mission VALUES (254, 'IceT', 5, 37, 'success');
INSERT INTO Mission VALUES (255, 'Black Downs', 6, 1, 'ongoing');
INSERT INTO Mission VALUES (256, 'Crossroads', 3, 7, 'success');
INSERT INTO Mission VALUES (257, 'Silent Watchers', 1, 14, 'failed');
INSERT INTO Mission VALUES (258, 'Miruvor', 1, 22, 'success');
INSERT INTO Mission VALUES (259, 'Dome of Stars', 2, 4, 'failed');
INSERT INTO Mission VALUES (260, 'Bombur', 1, 5, 'ongoing');
INSERT INTO Mission VALUES (261, 'Battle of the Peak', 1, 13, 'success');
INSERT INTO Mission VALUES (262, 'Gorbadoc', 3, 15, 'success');
INSERT INTO Mission VALUES (263, 'Riddermark', 3, 19, 'failed');
INSERT INTO Mission VALUES (264, 'Northern Fences', 1, 9, 'failed');
INSERT INTO Mission VALUES (265, 'Woodland Realm', 1, 18, 'ongoing');
INSERT INTO Mission VALUES (266, 'Scatha the Worm', 3, 14, 'success');
INSERT INTO Mission VALUES (267, 'Staddle', 1, 19, 'ongoing');
INSERT INTO Mission VALUES (268, 'Mordor', 3, 4, 'ongoing');
INSERT INTO Mission VALUES (269, 'Eilenach', 4, 11, 'success');
INSERT INTO Mission VALUES (270, 'Wingfoot', 7, 15, 'failed');
INSERT INTO Mission VALUES (271, 'Radbug', 2, 17, 'ongoing');
INSERT INTO Mission VALUES (272, 'Old Toby', 2, 25, 'success');
INSERT INTO Mission VALUES (273, 'Harfoots', 5, 25, 'success');
INSERT INTO Mission VALUES (274, 'Treebeard', 1, 19, 'ongoing');
INSERT INTO Mission VALUES (275, 'Anduril', 5, 7, 'success');
INSERT INTO Mission VALUES (276, 'Thingol Backard', 2, 38, 'failed');
INSERT INTO Mission VALUES (277, 'Appledore', 2, 5, 'success');
INSERT INTO Mission VALUES (278, 'Dernhelm', 7, 18, 'failed');
INSERT INTO Mission VALUES (279, 'Mithlond Pillar', 7, 36, 'failed');
INSERT INTO Mission VALUES (280, 'Council of the Wise', 1, 4, 'ongoing');
INSERT INTO Mission VALUES (281, 'Fen Hollen', 1, 20, 'success');
INSERT INTO Mission VALUES (282, 'Mithlond', 3, 24, 'failed');
INSERT INTO Mission VALUES (283, 'Nameless', 6, 1, 'failed');
INSERT INTO Mission VALUES (284, 'Neldoreth', 1, 10, 'ongoing');
INSERT INTO Mission VALUES (285, 'Smial', 3, 2, 'failed');
INSERT INTO Mission VALUES (286, 'Companions', 7, 1, 'success');
INSERT INTO Mission VALUES (287, 'The Eldar', 4, 6, 'ongoing');
INSERT INTO Mission VALUES (288, 'Last Shore', 5, 17, 'success');
INSERT INTO Mission VALUES (289, 'Mithril', 4, 25, 'success');
INSERT INTO Mission VALUES (290, 'Tung', 3, 28, 'failed');
INSERT INTO Mission VALUES (291, 'Raisen', 2, 8, 'failed');
INSERT INTO Mission VALUES (292, 'Smagol', 2, 17, 'ongoing');
INSERT INTO Mission VALUES (293, 'Gradulivic', 7, 27, 'ongoing');
INSERT INTO Mission VALUES (294, 'Angbor', 2, 3, 'success');
INSERT INTO Mission VALUES (295, 'Merlin', 6, 27, 'ongoing');
INSERT INTO Mission VALUES (296, 'Osgiliath', 5, 35, 'ongoing');
INSERT INTO Mission VALUES (297, 'Elu Thingol', 7, 15, 'success');
INSERT INTO Mission VALUES (298, 'Galathilion', 1, 23, 'failed');
INSERT INTO Mission VALUES (299, 'Bamfurlong', 4, 8, 'success');
INSERT INTO Mission VALUES (300, 'Goatleaf', 5, 11, 'ongoing');
INSERT INTO Mission VALUES (301, 'Minas Ithil', 5, 19, 'ongoing');
INSERT INTO Mission VALUES (302, 'South Road', 7, 18, 'ongoing');
INSERT INTO Mission VALUES (303, 'Kalimac', 3, 23, 'failed');
INSERT INTO Mission VALUES (304, 'Sunlending', 3, 2, 'ongoing');
INSERT INTO Mission VALUES (305, 'Eastfold', 3, 10, 'success');
INSERT INTO Mission VALUES (306, 'Young Tom', 1, 19, 'failed');
INSERT INTO Mission VALUES (307, 'Morgulduin', 4, 32, 'ongoing');
INSERT INTO Mission VALUES (308, 'Mount Doom', 5, 33, 'failed');
INSERT INTO Mission VALUES (309, 'Mount Everwhite', 6, 34, 'success');
INSERT INTO Mission VALUES (310, 'Rath Dnen', 1, 5, 'ongoing');
INSERT INTO Mission VALUES (311, 'Widow', 5, 9, 'ongoing');
INSERT INTO Mission VALUES (312, 'Window of the Eye', 1, 15, 'ongoing');
INSERT INTO Mission VALUES (313, 'Dimholt', 1, 19, 'ongoing');
INSERT INTO Mission VALUES (314, 'Common Speech', 7, 1, 'failed');
INSERT INTO Mission VALUES (315, 'Holman', 4, 10, 'failed');
INSERT INTO Mission VALUES (316, 'Deeping Coomb', 5, 14, 'ongoing');
INSERT INTO Mission VALUES (317, 'Skinbark', 1, 16, 'ongoing');
INSERT INTO Mission VALUES (318, 'Grey Host', 4, 20, 'ongoing');
INSERT INTO Mission VALUES (319, 'Orcrist', 7, 30, 'success');
INSERT INTO Mission VALUES (320, 'Riders of Rohan', 4, 8, 'failed');
INSERT INTO Mission VALUES (321, 'Angband', 3, 11, 'failed');
INSERT INTO Mission VALUES (322, 'Talath Dirnen', 4, 40, 'success');
INSERT INTO Mission VALUES (323, 'Eagles', 3, 8, 'success');
INSERT INTO Mission VALUES (324, 'Valandil', 3, 5, 'ongoing');
INSERT INTO Mission VALUES (325, 'Smallburrow', 5, 16, 'success');
INSERT INTO Mission VALUES (326, 'Tuca', 4, 29, 'success');
INSERT INTO Mission VALUES (327, 'Dimrill Dale', 1, 1, 'success');
INSERT INTO Mission VALUES (328, 'Second Age', 5, 6, 'ongoing');
INSERT INTO Mission VALUES (329, 'West Marches', 2, 9, 'failed');
INSERT INTO Mission VALUES (330, 'Beechbone', 5, 15, 'success');
INSERT INTO Mission VALUES (331, 'RAMBA', 7, 7, 'success');
INSERT INTO Mission VALUES (332, 'Morgai', 5, 26, 'ongoing');
INSERT INTO Mission VALUES (333, 'Watergate', 6, 28, 'failed');
INSERT INTO Mission VALUES (334, 'Sandheaver', 4, 2, 'success');
INSERT INTO Mission VALUES (335, 'Shadowfax', 5, 9, 'success');
INSERT INTO Mission VALUES (336, 'Lightfoot', 6, 20, 'failed');
INSERT INTO Mission VALUES (337, 'Aldaron', 1, 1, 'failed');
INSERT INTO Mission VALUES (338, 'Republic', 1, 35, 'ongoing');
INSERT INTO Mission VALUES (339, 'Artano', 5, 6, 'failed');
INSERT INTO Mission VALUES (340, 'Galadrim', 3, 5, 'success');
INSERT INTO Mission VALUES (341, 'Silvertine', 7, 16, 'success');
INSERT INTO Mission VALUES (342, 'Mundburg', 3, 38, 'failed');
INSERT INTO Mission VALUES (343, 'Hay Gate', 6, 4, 'ongoing');
INSERT INTO Mission VALUES (344, 'Battle of Five Armie', 5, 12, 'success');
INSERT INTO Mission VALUES (345, 'Gold Demon', 4, 26, 'ongoing');
INSERT INTO Mission VALUES (346, 'City of the Trees', 3, 18, 'ongoing');
INSERT INTO Mission VALUES (347, 'Mellon', 1, 8, 'failed');
INSERT INTO Mission VALUES (348, 'Tragu', 7, 32, 'ongoing');
INSERT INTO Mission VALUES (349, 'Orahunter', 3, 9, 'ongoing');
INSERT INTO Mission VALUES (350, 'Saruman', 4, 4, 'failed');
INSERT INTO Mission VALUES (351, 'The Farthings', 7, 7, 'failed');
INSERT INTO Mission VALUES (352, 'Mugwort', 2, 37, 'success');
INSERT INTO Mission VALUES (353, 'Flourdumpling', 7, 4, 'success');
INSERT INTO Mission VALUES (354, 'The Barney', 2, 5, 'ongoing');
INSERT INTO Mission VALUES (355, 'Bridge of Stonebows', 5, 8, 'ongoing');
INSERT INTO Mission VALUES (356, 'Ringwraiths', 3, 7, 'success');
INSERT INTO Mission VALUES (357, 'Bolgra', 5, 23, 'failed');
INSERT INTO Mission VALUES (358, 'Nine Walkers', 4, 9, 'ongoing');
INSERT INTO Mission VALUES (359, 'Farmer Tom', 1, 18, 'success');
INSERT INTO Mission VALUES (360, 'Rasputin', 7, 13, 'failed');
INSERT INTO Mission VALUES (361, 'Houses of Healing', 4, 13, 'ongoing');
INSERT INTO Mission VALUES (362, 'Wizard''s Vale', 7, 16, 'failed');
INSERT INTO Mission VALUES (363, 'Trahan', 5, 30, 'success');
INSERT INTO Mission VALUES (364, 'Lograd', 7, 20, 'failed');
INSERT INTO Mission VALUES (365, 'Labin', 1, 21, 'failed');
INSERT INTO Mission VALUES (366, 'Baraz', 4, 9, 'success');
INSERT INTO Mission VALUES (367, 'Damrod', 3, 9, 'ongoing');
INSERT INTO Mission VALUES (368, 'Stoors', 2, 20, 'failed');
INSERT INTO Mission VALUES (369, 'Bilbo', 2, 3, 'success');
INSERT INTO Mission VALUES (370, 'Black Pit', 7, 2, 'success');
INSERT INTO Mission VALUES (371, 'Northfarthing', 4, 10, 'success');
INSERT INTO Mission VALUES (372, 'Proudfoot', 2, 16, 'success');
INSERT INTO Mission VALUES (373, 'Narsil', 4, 6, 'failed');
INSERT INTO Mission VALUES (374, 'Trahald', 6, 31, 'failed');
INSERT INTO Mission VALUES (375, 'Mathom', 2, 15, 'success');
INSERT INTO Mission VALUES (376, 'Brandu', 6, 40, 'success');
INSERT INTO Mission VALUES (377, 'Nanduhirion', 7, 2, 'failed');
INSERT INTO Mission VALUES (378, 'Narrow Ice', 3, 5, 'ongoing');
INSERT INTO Mission VALUES (379, 'Sharku', 4, 3, 'success');
INSERT INTO Mission VALUES (380, 'Razar', 7, 6, 'failed');
INSERT INTO Mission VALUES (381, 'Woodburn', 2, 36, 'failed');
INSERT INTO Mission VALUES (382, 'Dunharrow', 2, 5, 'failed');
INSERT INTO Mission VALUES (383, 'White Downs', 5, 13, 'failed');
INSERT INTO Mission VALUES (384, 'Stair Falls', 2, 19, 'success');
INSERT INTO Mission VALUES (385, 'Rohan', 2, 20, 'success');
INSERT INTO Mission VALUES (386, 'North Kingdom', 5, 21, 'failed');
INSERT INTO Mission VALUES (387, 'Nowbourn', 6, 17, 'ongoing');
INSERT INTO Mission VALUES (388, 'Aglarond', 1, 1, 'success');
INSERT INTO Mission VALUES (389, 'Blessed Realm', 3, 4, 'success');
INSERT INTO Mission VALUES (390, 'Carach Angren', 2, 14, 'success');
INSERT INTO Mission VALUES (391, 'Celos', 4, 15, 'ongoing');
INSERT INTO Mission VALUES (392, 'Mere of Dead Faces', 7, 14, 'success');
INSERT INTO Mission VALUES (393, 'Nen Hithoel', 2, 11, 'failed');
INSERT INTO Mission VALUES (394, 'Lothran', 3, 16, 'success');
INSERT INTO Mission VALUES (395, 'Galad', 3, 18, 'ongoing');
INSERT INTO Mission VALUES (396, 'Aman', 2, 2, 'failed');
INSERT INTO Mission VALUES (397, 'Tharbad', 4, 5, 'success');
INSERT INTO Mission VALUES (398, 'Lohtur', 6, 19, 'ongoing');
INSERT INTO Mission VALUES (399, 'Kuduk', 2, 22, 'success');
INSERT INTO Mission VALUES (400, 'Francisco', 5, 32, 'ongoing');
INSERT INTO Mission VALUES (402, 'Media Blanket', 1, 42, 'ongoing');
INSERT INTO Mission VALUES (404, 'Green Lantern', 2, 44, 'ongoing');
INSERT INTO Mission VALUES (406, 'Y2K defense', 3, 44, 'success');
INSERT INTO Mission VALUES (408, 'Code Red Worm Attack', 3, 44, 'failed');
INSERT INTO Language VALUES (1, 'English');
INSERT INTO Language VALUES (2, 'Spanish');
INSERT INTO Language VALUES (3, 'German');
INSERT INTO Language VALUES (4, 'French');
INSERT INTO Language VALUES (5, 'Chinese');
INSERT INTO Language VALUES (6, 'Japanese');
INSERT INTO Language VALUES (7, 'Russian');
INSERT INTO Language VALUES (8, 'Polish');
INSERT INTO Language VALUES (9, 'Arabic');
INSERT INTO Language VALUES (10, 'Hebrew');
INSERT INTO Language VALUES (11, 'Cherokee');
INSERT INTO Language VALUES (12, 'Korean');
INSERT INTO Language VALUES (13, 'Vietnamese');
INSERT INTO Language VALUES (14, 'Pashtu');
INSERT INTO Language VALUES (15, 'Farsi');
INSERT INTO Language VALUES (16, 'Bengali');
INSERT INTO Language VALUES (17, 'Malay');
INSERT INTO Language VALUES (18, 'Portuguese');
INSERT INTO Language VALUES (19, 'Hindi');
INSERT INTO Language VALUES (20, 'Turkish');
INSERT INTO LanguageRel VALUES (1, 95);
INSERT INTO LanguageRel VALUES (1, 287);
INSERT INTO LanguageRel VALUES (1, 312);
INSERT INTO LanguageRel VALUES (1, 327);
INSERT INTO LanguageRel VALUES (1, 449);
INSERT INTO LanguageRel VALUES (1, 469);
INSERT INTO LanguageRel VALUES (1, 588);
INSERT INTO LanguageRel VALUES (1, 593);
INSERT INTO LanguageRel VALUES (1, 785);
INSERT INTO LanguageRel VALUES (1, 806);
INSERT INTO LanguageRel VALUES (1, 878);
INSERT INTO LanguageRel VALUES (1, 1028);
INSERT INTO LanguageRel VALUES (2, 37);
INSERT INTO LanguageRel VALUES (2, 45);
INSERT INTO LanguageRel VALUES (2, 56);
INSERT INTO LanguageRel VALUES (2, 62);
INSERT INTO LanguageRel VALUES (2, 64);
INSERT INTO LanguageRel VALUES (2, 81);
INSERT INTO LanguageRel VALUES (2, 86);
INSERT INTO LanguageRel VALUES (2, 100);
INSERT INTO LanguageRel VALUES (2, 106);
INSERT INTO LanguageRel VALUES (2, 131);
INSERT INTO LanguageRel VALUES (2, 134);
INSERT INTO LanguageRel VALUES (2, 184);
INSERT INTO LanguageRel VALUES (2, 186);
INSERT INTO LanguageRel VALUES (2, 189);
INSERT INTO LanguageRel VALUES (2, 245);
INSERT INTO LanguageRel VALUES (2, 248);
INSERT INTO LanguageRel VALUES (2, 260);
INSERT INTO LanguageRel VALUES (2, 266);
INSERT INTO LanguageRel VALUES (2, 275);
INSERT INTO LanguageRel VALUES (2, 283);
INSERT INTO LanguageRel VALUES (2, 297);
INSERT INTO LanguageRel VALUES (2, 303);
INSERT INTO LanguageRel VALUES (2, 311);
INSERT INTO LanguageRel VALUES (2, 320);
INSERT INTO LanguageRel VALUES (2, 324);
INSERT INTO LanguageRel VALUES (2, 361);
INSERT INTO LanguageRel VALUES (2, 365);
INSERT INTO LanguageRel VALUES (2, 380);
INSERT INTO LanguageRel VALUES (2, 382);
INSERT INTO LanguageRel VALUES (2, 387);
INSERT INTO LanguageRel VALUES (2, 399);
INSERT INTO LanguageRel VALUES (2, 403);
INSERT INTO LanguageRel VALUES (2, 419);
INSERT INTO LanguageRel VALUES (2, 436);
INSERT INTO LanguageRel VALUES (2, 437);
INSERT INTO LanguageRel VALUES (2, 439);
INSERT INTO LanguageRel VALUES (2, 442);
INSERT INTO LanguageRel VALUES (2, 448);
INSERT INTO LanguageRel VALUES (2, 459);
INSERT INTO LanguageRel VALUES (2, 461);
INSERT INTO LanguageRel VALUES (2, 465);
INSERT INTO LanguageRel VALUES (2, 470);
INSERT INTO LanguageRel VALUES (2, 472);
INSERT INTO LanguageRel VALUES (2, 476);
INSERT INTO LanguageRel VALUES (2, 500);
INSERT INTO LanguageRel VALUES (2, 502);
INSERT INTO LanguageRel VALUES (2, 504);
INSERT INTO LanguageRel VALUES (2, 523);
INSERT INTO LanguageRel VALUES (2, 524);
INSERT INTO LanguageRel VALUES (2, 526);
INSERT INTO LanguageRel VALUES (2, 530);
INSERT INTO LanguageRel VALUES (2, 539);
INSERT INTO LanguageRel VALUES (2, 540);
INSERT INTO LanguageRel VALUES (2, 561);
INSERT INTO LanguageRel VALUES (2, 566);
INSERT INTO LanguageRel VALUES (2, 574);
INSERT INTO LanguageRel VALUES (2, 577);
INSERT INTO LanguageRel VALUES (2, 586);
INSERT INTO LanguageRel VALUES (2, 595);
INSERT INTO LanguageRel VALUES (2, 600);
INSERT INTO LanguageRel VALUES (2, 604);
INSERT INTO LanguageRel VALUES (2, 704);
INSERT INTO LanguageRel VALUES (2, 723);
INSERT INTO LanguageRel VALUES (2, 725);
INSERT INTO LanguageRel VALUES (2, 730);
INSERT INTO LanguageRel VALUES (2, 732);
INSERT INTO LanguageRel VALUES (2, 743);
INSERT INTO LanguageRel VALUES (2, 748);
INSERT INTO LanguageRel VALUES (2, 750);
INSERT INTO LanguageRel VALUES (2, 755);
INSERT INTO LanguageRel VALUES (2, 775);
INSERT INTO LanguageRel VALUES (2, 789);
INSERT INTO LanguageRel VALUES (2, 790);
INSERT INTO LanguageRel VALUES (2, 806);
INSERT INTO LanguageRel VALUES (2, 812);
INSERT INTO LanguageRel VALUES (2, 818);
INSERT INTO LanguageRel VALUES (2, 833);
INSERT INTO LanguageRel VALUES (2, 845);
INSERT INTO LanguageRel VALUES (2, 863);
INSERT INTO LanguageRel VALUES (2, 869);
INSERT INTO LanguageRel VALUES (2, 872);
INSERT INTO LanguageRel VALUES (2, 917);
INSERT INTO LanguageRel VALUES (2, 923);
INSERT INTO LanguageRel VALUES (2, 935);
INSERT INTO LanguageRel VALUES (2, 950);
INSERT INTO LanguageRel VALUES (2, 1001);
INSERT INTO LanguageRel VALUES (2, 1007);
INSERT INTO LanguageRel VALUES (2, 1019);
INSERT INTO LanguageRel VALUES (2, 1031);
INSERT INTO LanguageRel VALUES (2, 1049);
INSERT INTO LanguageRel VALUES (2, 1085);
INSERT INTO LanguageRel VALUES (2, 1103);
INSERT INTO LanguageRel VALUES (3, 7);
INSERT INTO LanguageRel VALUES (3, 31);
INSERT INTO LanguageRel VALUES (3, 43);
INSERT INTO LanguageRel VALUES (3, 78);
INSERT INTO LanguageRel VALUES (3, 95);
INSERT INTO LanguageRel VALUES (3, 96);
INSERT INTO LanguageRel VALUES (3, 104);
INSERT INTO LanguageRel VALUES (3, 105);
INSERT INTO LanguageRel VALUES (3, 106);
INSERT INTO LanguageRel VALUES (3, 107);
INSERT INTO LanguageRel VALUES (3, 112);
INSERT INTO LanguageRel VALUES (3, 122);
INSERT INTO LanguageRel VALUES (3, 137);
INSERT INTO LanguageRel VALUES (3, 145);
INSERT INTO LanguageRel VALUES (3, 148);
INSERT INTO LanguageRel VALUES (3, 154);
INSERT INTO LanguageRel VALUES (3, 173);
INSERT INTO LanguageRel VALUES (3, 184);
INSERT INTO LanguageRel VALUES (3, 187);
INSERT INTO LanguageRel VALUES (3, 189);
INSERT INTO LanguageRel VALUES (3, 191);
INSERT INTO LanguageRel VALUES (3, 199);
INSERT INTO LanguageRel VALUES (3, 202);
INSERT INTO LanguageRel VALUES (3, 205);
INSERT INTO LanguageRel VALUES (3, 207);
INSERT INTO LanguageRel VALUES (3, 209);
INSERT INTO LanguageRel VALUES (3, 210);
INSERT INTO LanguageRel VALUES (3, 228);
INSERT INTO LanguageRel VALUES (3, 235);
INSERT INTO LanguageRel VALUES (3, 236);
INSERT INTO LanguageRel VALUES (3, 265);
INSERT INTO LanguageRel VALUES (3, 272);
INSERT INTO LanguageRel VALUES (3, 323);
INSERT INTO LanguageRel VALUES (3, 330);
INSERT INTO LanguageRel VALUES (3, 335);
INSERT INTO LanguageRel VALUES (3, 336);
INSERT INTO LanguageRel VALUES (3, 342);
INSERT INTO LanguageRel VALUES (3, 346);
INSERT INTO LanguageRel VALUES (3, 354);
INSERT INTO LanguageRel VALUES (3, 355);
INSERT INTO LanguageRel VALUES (3, 359);
INSERT INTO LanguageRel VALUES (3, 360);
INSERT INTO LanguageRel VALUES (3, 387);
INSERT INTO LanguageRel VALUES (3, 395);
INSERT INTO LanguageRel VALUES (3, 401);
INSERT INTO LanguageRel VALUES (3, 409);
INSERT INTO LanguageRel VALUES (3, 410);
INSERT INTO LanguageRel VALUES (3, 411);
INSERT INTO LanguageRel VALUES (3, 425);
INSERT INTO LanguageRel VALUES (3, 442);
INSERT INTO LanguageRel VALUES (3, 445);
INSERT INTO LanguageRel VALUES (3, 455);
INSERT INTO LanguageRel VALUES (3, 457);
INSERT INTO LanguageRel VALUES (3, 462);
INSERT INTO LanguageRel VALUES (3, 463);
INSERT INTO LanguageRel VALUES (3, 465);
INSERT INTO LanguageRel VALUES (3, 482);
INSERT INTO LanguageRel VALUES (3, 492);
INSERT INTO LanguageRel VALUES (3, 500);
INSERT INTO LanguageRel VALUES (3, 503);
INSERT INTO LanguageRel VALUES (3, 505);
INSERT INTO LanguageRel VALUES (3, 507);
INSERT INTO LanguageRel VALUES (3, 523);
INSERT INTO LanguageRel VALUES (3, 528);
INSERT INTO LanguageRel VALUES (3, 530);
INSERT INTO LanguageRel VALUES (3, 531);
INSERT INTO LanguageRel VALUES (3, 541);
INSERT INTO LanguageRel VALUES (3, 542);
INSERT INTO LanguageRel VALUES (3, 545);
INSERT INTO LanguageRel VALUES (3, 549);
INSERT INTO LanguageRel VALUES (3, 558);
INSERT INTO LanguageRel VALUES (3, 559);
INSERT INTO LanguageRel VALUES (3, 564);
INSERT INTO LanguageRel VALUES (3, 571);
INSERT INTO LanguageRel VALUES (3, 572);
INSERT INTO LanguageRel VALUES (3, 578);
INSERT INTO LanguageRel VALUES (3, 579);
INSERT INTO LanguageRel VALUES (3, 580);
INSERT INTO LanguageRel VALUES (3, 602);
INSERT INTO LanguageRel VALUES (3, 603);
INSERT INTO LanguageRel VALUES (3, 701);
INSERT INTO LanguageRel VALUES (3, 704);
INSERT INTO LanguageRel VALUES (3, 705);
INSERT INTO LanguageRel VALUES (3, 706);
INSERT INTO LanguageRel VALUES (3, 708);
INSERT INTO LanguageRel VALUES (3, 711);
INSERT INTO LanguageRel VALUES (3, 712);
INSERT INTO LanguageRel VALUES (3, 713);
INSERT INTO LanguageRel VALUES (3, 715);
INSERT INTO LanguageRel VALUES (3, 729);
INSERT INTO LanguageRel VALUES (3, 730);
INSERT INTO LanguageRel VALUES (3, 737);
INSERT INTO LanguageRel VALUES (3, 742);
INSERT INTO LanguageRel VALUES (3, 747);
INSERT INTO LanguageRel VALUES (3, 752);
INSERT INTO LanguageRel VALUES (3, 758);
INSERT INTO LanguageRel VALUES (3, 761);
INSERT INTO LanguageRel VALUES (3, 763);
INSERT INTO LanguageRel VALUES (3, 777);
INSERT INTO LanguageRel VALUES (3, 781);
INSERT INTO LanguageRel VALUES (3, 783);
INSERT INTO LanguageRel VALUES (3, 784);
INSERT INTO LanguageRel VALUES (3, 809);
INSERT INTO LanguageRel VALUES (3, 830);
INSERT INTO LanguageRel VALUES (3, 833);
INSERT INTO LanguageRel VALUES (3, 881);
INSERT INTO LanguageRel VALUES (3, 917);
INSERT INTO LanguageRel VALUES (3, 926);
INSERT INTO LanguageRel VALUES (3, 938);
INSERT INTO LanguageRel VALUES (3, 953);
INSERT INTO LanguageRel VALUES (3, 959);
INSERT INTO LanguageRel VALUES (3, 962);
INSERT INTO LanguageRel VALUES (3, 965);
INSERT INTO LanguageRel VALUES (3, 980);
INSERT INTO LanguageRel VALUES (3, 998);
INSERT INTO LanguageRel VALUES (3, 1004);
INSERT INTO LanguageRel VALUES (3, 1016);
INSERT INTO LanguageRel VALUES (3, 1043);
INSERT INTO LanguageRel VALUES (3, 1046);
INSERT INTO LanguageRel VALUES (3, 1088);
INSERT INTO LanguageRel VALUES (3, 1094);
INSERT INTO LanguageRel VALUES (3, 1103);
INSERT INTO LanguageRel VALUES (4, 8);
INSERT INTO LanguageRel VALUES (4, 39);
INSERT INTO LanguageRel VALUES (4, 48);
INSERT INTO LanguageRel VALUES (4, 55);
INSERT INTO LanguageRel VALUES (4, 72);
INSERT INTO LanguageRel VALUES (4, 74);
INSERT INTO LanguageRel VALUES (4, 76);
INSERT INTO LanguageRel VALUES (4, 82);
INSERT INTO LanguageRel VALUES (4, 88);
INSERT INTO LanguageRel VALUES (4, 92);
INSERT INTO LanguageRel VALUES (4, 95);
INSERT INTO LanguageRel VALUES (4, 116);
INSERT INTO LanguageRel VALUES (4, 122);
INSERT INTO LanguageRel VALUES (4, 133);
INSERT INTO LanguageRel VALUES (4, 142);
INSERT INTO LanguageRel VALUES (4, 148);
INSERT INTO LanguageRel VALUES (4, 159);
INSERT INTO LanguageRel VALUES (4, 165);
INSERT INTO LanguageRel VALUES (4, 168);
INSERT INTO LanguageRel VALUES (4, 169);
INSERT INTO LanguageRel VALUES (4, 173);
INSERT INTO LanguageRel VALUES (4, 177);
INSERT INTO LanguageRel VALUES (4, 193);
INSERT INTO LanguageRel VALUES (4, 210);
INSERT INTO LanguageRel VALUES (4, 212);
INSERT INTO LanguageRel VALUES (4, 219);
INSERT INTO LanguageRel VALUES (4, 227);
INSERT INTO LanguageRel VALUES (4, 232);
INSERT INTO LanguageRel VALUES (4, 236);
INSERT INTO LanguageRel VALUES (4, 252);
INSERT INTO LanguageRel VALUES (4, 256);
INSERT INTO LanguageRel VALUES (4, 260);
INSERT INTO LanguageRel VALUES (4, 274);
INSERT INTO LanguageRel VALUES (4, 302);
INSERT INTO LanguageRel VALUES (4, 324);
INSERT INTO LanguageRel VALUES (4, 325);
INSERT INTO LanguageRel VALUES (4, 326);
INSERT INTO LanguageRel VALUES (4, 330);
INSERT INTO LanguageRel VALUES (4, 332);
INSERT INTO LanguageRel VALUES (4, 347);
INSERT INTO LanguageRel VALUES (4, 366);
INSERT INTO LanguageRel VALUES (4, 375);
INSERT INTO LanguageRel VALUES (4, 381);
INSERT INTO LanguageRel VALUES (4, 389);
INSERT INTO LanguageRel VALUES (4, 407);
INSERT INTO LanguageRel VALUES (4, 412);
INSERT INTO LanguageRel VALUES (4, 414);
INSERT INTO LanguageRel VALUES (4, 438);
INSERT INTO LanguageRel VALUES (4, 459);
INSERT INTO LanguageRel VALUES (4, 463);
INSERT INTO LanguageRel VALUES (4, 466);
INSERT INTO LanguageRel VALUES (4, 474);
INSERT INTO LanguageRel VALUES (4, 477);
INSERT INTO LanguageRel VALUES (4, 488);
INSERT INTO LanguageRel VALUES (4, 489);
INSERT INTO LanguageRel VALUES (4, 496);
INSERT INTO LanguageRel VALUES (4, 506);
INSERT INTO LanguageRel VALUES (4, 511);
INSERT INTO LanguageRel VALUES (4, 512);
INSERT INTO LanguageRel VALUES (4, 516);
INSERT INTO LanguageRel VALUES (4, 535);
INSERT INTO LanguageRel VALUES (4, 558);
INSERT INTO LanguageRel VALUES (4, 561);
INSERT INTO LanguageRel VALUES (4, 565);
INSERT INTO LanguageRel VALUES (4, 581);
INSERT INTO LanguageRel VALUES (4, 587);
INSERT INTO LanguageRel VALUES (4, 589);
INSERT INTO LanguageRel VALUES (4, 600);
INSERT INTO LanguageRel VALUES (4, 705);
INSERT INTO LanguageRel VALUES (4, 710);
INSERT INTO LanguageRel VALUES (4, 717);
INSERT INTO LanguageRel VALUES (4, 722);
INSERT INTO LanguageRel VALUES (4, 731);
INSERT INTO LanguageRel VALUES (4, 745);
INSERT INTO LanguageRel VALUES (4, 750);
INSERT INTO LanguageRel VALUES (4, 752);
INSERT INTO LanguageRel VALUES (4, 762);
INSERT INTO LanguageRel VALUES (4, 764);
INSERT INTO LanguageRel VALUES (4, 766);
INSERT INTO LanguageRel VALUES (4, 768);
INSERT INTO LanguageRel VALUES (4, 771);
INSERT INTO LanguageRel VALUES (4, 772);
INSERT INTO LanguageRel VALUES (4, 774);
INSERT INTO LanguageRel VALUES (4, 778);
INSERT INTO LanguageRel VALUES (4, 854);
INSERT INTO LanguageRel VALUES (4, 860);
INSERT INTO LanguageRel VALUES (4, 875);
INSERT INTO LanguageRel VALUES (4, 938);
INSERT INTO LanguageRel VALUES (4, 947);
INSERT INTO LanguageRel VALUES (4, 950);
INSERT INTO LanguageRel VALUES (4, 974);
INSERT INTO LanguageRel VALUES (4, 977);
INSERT INTO LanguageRel VALUES (4, 995);
INSERT INTO LanguageRel VALUES (4, 998);
INSERT INTO LanguageRel VALUES (4, 1004);
INSERT INTO LanguageRel VALUES (4, 1010);
INSERT INTO LanguageRel VALUES (4, 1028);
INSERT INTO LanguageRel VALUES (4, 1031);
INSERT INTO LanguageRel VALUES (4, 1037);
INSERT INTO LanguageRel VALUES (4, 1052);
INSERT INTO LanguageRel VALUES (4, 1067);
INSERT INTO LanguageRel VALUES (5, 2);
INSERT INTO LanguageRel VALUES (5, 12);
INSERT INTO LanguageRel VALUES (5, 37);
INSERT INTO LanguageRel VALUES (5, 50);
INSERT INTO LanguageRel VALUES (5, 59);
INSERT INTO LanguageRel VALUES (5, 92);
INSERT INTO LanguageRel VALUES (5, 121);
INSERT INTO LanguageRel VALUES (5, 124);
INSERT INTO LanguageRel VALUES (5, 141);
INSERT INTO LanguageRel VALUES (5, 146);
INSERT INTO LanguageRel VALUES (5, 157);
INSERT INTO LanguageRel VALUES (5, 175);
INSERT INTO LanguageRel VALUES (5, 182);
INSERT INTO LanguageRel VALUES (5, 185);
INSERT INTO LanguageRel VALUES (5, 189);
INSERT INTO LanguageRel VALUES (5, 193);
INSERT INTO LanguageRel VALUES (5, 202);
INSERT INTO LanguageRel VALUES (5, 203);
INSERT INTO LanguageRel VALUES (5, 204);
INSERT INTO LanguageRel VALUES (5, 247);
INSERT INTO LanguageRel VALUES (5, 249);
INSERT INTO LanguageRel VALUES (5, 256);
INSERT INTO LanguageRel VALUES (5, 262);
INSERT INTO LanguageRel VALUES (5, 284);
INSERT INTO LanguageRel VALUES (5, 308);
INSERT INTO LanguageRel VALUES (5, 326);
INSERT INTO LanguageRel VALUES (5, 343);
INSERT INTO LanguageRel VALUES (5, 345);
INSERT INTO LanguageRel VALUES (5, 350);
INSERT INTO LanguageRel VALUES (5, 351);
INSERT INTO LanguageRel VALUES (5, 364);
INSERT INTO LanguageRel VALUES (5, 367);
INSERT INTO LanguageRel VALUES (5, 370);
INSERT INTO LanguageRel VALUES (5, 378);
INSERT INTO LanguageRel VALUES (5, 384);
INSERT INTO LanguageRel VALUES (5, 407);
INSERT INTO LanguageRel VALUES (5, 420);
INSERT INTO LanguageRel VALUES (5, 428);
INSERT INTO LanguageRel VALUES (5, 442);
INSERT INTO LanguageRel VALUES (5, 459);
INSERT INTO LanguageRel VALUES (5, 479);
INSERT INTO LanguageRel VALUES (5, 494);
INSERT INTO LanguageRel VALUES (5, 505);
INSERT INTO LanguageRel VALUES (5, 525);
INSERT INTO LanguageRel VALUES (5, 535);
INSERT INTO LanguageRel VALUES (5, 540);
INSERT INTO LanguageRel VALUES (5, 559);
INSERT INTO LanguageRel VALUES (5, 563);
INSERT INTO LanguageRel VALUES (5, 593);
INSERT INTO LanguageRel VALUES (5, 594);
INSERT INTO LanguageRel VALUES (5, 598);
INSERT INTO LanguageRel VALUES (5, 599);
INSERT INTO LanguageRel VALUES (5, 705);
INSERT INTO LanguageRel VALUES (5, 706);
INSERT INTO LanguageRel VALUES (5, 711);
INSERT INTO LanguageRel VALUES (5, 722);
INSERT INTO LanguageRel VALUES (5, 727);
INSERT INTO LanguageRel VALUES (5, 741);
INSERT INTO LanguageRel VALUES (5, 749);
INSERT INTO LanguageRel VALUES (5, 750);
INSERT INTO LanguageRel VALUES (5, 756);
INSERT INTO LanguageRel VALUES (5, 766);
INSERT INTO LanguageRel VALUES (5, 768);
INSERT INTO LanguageRel VALUES (5, 769);
INSERT INTO LanguageRel VALUES (5, 775);
INSERT INTO LanguageRel VALUES (5, 779);
INSERT INTO LanguageRel VALUES (5, 785);
INSERT INTO LanguageRel VALUES (5, 789);
INSERT INTO LanguageRel VALUES (5, 792);
INSERT INTO LanguageRel VALUES (5, 795);
INSERT INTO LanguageRel VALUES (5, 806);
INSERT INTO LanguageRel VALUES (5, 851);
INSERT INTO LanguageRel VALUES (5, 893);
INSERT INTO LanguageRel VALUES (5, 953);
INSERT INTO LanguageRel VALUES (5, 956);
INSERT INTO LanguageRel VALUES (5, 965);
INSERT INTO LanguageRel VALUES (5, 974);
INSERT INTO LanguageRel VALUES (5, 980);
INSERT INTO LanguageRel VALUES (5, 1025);
INSERT INTO LanguageRel VALUES (5, 1043);
INSERT INTO LanguageRel VALUES (5, 1076);
INSERT INTO LanguageRel VALUES (5, 1109);
INSERT INTO LanguageRel VALUES (6, 1);
INSERT INTO LanguageRel VALUES (6, 20);
INSERT INTO LanguageRel VALUES (6, 21);
INSERT INTO LanguageRel VALUES (6, 24);
INSERT INTO LanguageRel VALUES (6, 37);
INSERT INTO LanguageRel VALUES (6, 55);
INSERT INTO LanguageRel VALUES (6, 69);
INSERT INTO LanguageRel VALUES (6, 70);
INSERT INTO LanguageRel VALUES (6, 80);
INSERT INTO LanguageRel VALUES (6, 83);
INSERT INTO LanguageRel VALUES (6, 105);
INSERT INTO LanguageRel VALUES (6, 125);
INSERT INTO LanguageRel VALUES (6, 129);
INSERT INTO LanguageRel VALUES (6, 134);
INSERT INTO LanguageRel VALUES (6, 140);
INSERT INTO LanguageRel VALUES (6, 141);
INSERT INTO LanguageRel VALUES (6, 143);
INSERT INTO LanguageRel VALUES (6, 149);
INSERT INTO LanguageRel VALUES (6, 157);
INSERT INTO LanguageRel VALUES (6, 161);
INSERT INTO LanguageRel VALUES (6, 193);
INSERT INTO LanguageRel VALUES (6, 211);
INSERT INTO LanguageRel VALUES (6, 223);
INSERT INTO LanguageRel VALUES (6, 229);
INSERT INTO LanguageRel VALUES (6, 232);
INSERT INTO LanguageRel VALUES (6, 238);
INSERT INTO LanguageRel VALUES (6, 239);
INSERT INTO LanguageRel VALUES (6, 244);
INSERT INTO LanguageRel VALUES (6, 249);
INSERT INTO LanguageRel VALUES (6, 252);
INSERT INTO LanguageRel VALUES (6, 266);
INSERT INTO LanguageRel VALUES (6, 267);
INSERT INTO LanguageRel VALUES (6, 271);
INSERT INTO LanguageRel VALUES (6, 274);
INSERT INTO LanguageRel VALUES (6, 275);
INSERT INTO LanguageRel VALUES (6, 283);
INSERT INTO LanguageRel VALUES (6, 288);
INSERT INTO LanguageRel VALUES (6, 295);
INSERT INTO LanguageRel VALUES (6, 307);
INSERT INTO LanguageRel VALUES (6, 312);
INSERT INTO LanguageRel VALUES (6, 320);
INSERT INTO LanguageRel VALUES (6, 323);
INSERT INTO LanguageRel VALUES (6, 328);
INSERT INTO LanguageRel VALUES (6, 356);
INSERT INTO LanguageRel VALUES (6, 360);
INSERT INTO LanguageRel VALUES (6, 363);
INSERT INTO LanguageRel VALUES (6, 364);
INSERT INTO LanguageRel VALUES (6, 366);
INSERT INTO LanguageRel VALUES (6, 382);
INSERT INTO LanguageRel VALUES (6, 386);
INSERT INTO LanguageRel VALUES (6, 389);
INSERT INTO LanguageRel VALUES (6, 394);
INSERT INTO LanguageRel VALUES (6, 419);
INSERT INTO LanguageRel VALUES (6, 426);
INSERT INTO LanguageRel VALUES (6, 449);
INSERT INTO LanguageRel VALUES (6, 452);
INSERT INTO LanguageRel VALUES (6, 453);
INSERT INTO LanguageRel VALUES (6, 458);
INSERT INTO LanguageRel VALUES (6, 460);
INSERT INTO LanguageRel VALUES (6, 472);
INSERT INTO LanguageRel VALUES (6, 476);
INSERT INTO LanguageRel VALUES (6, 477);
INSERT INTO LanguageRel VALUES (6, 496);
INSERT INTO LanguageRel VALUES (6, 497);
INSERT INTO LanguageRel VALUES (6, 513);
INSERT INTO LanguageRel VALUES (6, 518);
INSERT INTO LanguageRel VALUES (6, 523);
INSERT INTO LanguageRel VALUES (6, 527);
INSERT INTO LanguageRel VALUES (6, 531);
INSERT INTO LanguageRel VALUES (6, 551);
INSERT INTO LanguageRel VALUES (6, 556);
INSERT INTO LanguageRel VALUES (6, 566);
INSERT INTO LanguageRel VALUES (6, 571);
INSERT INTO LanguageRel VALUES (6, 577);
INSERT INTO LanguageRel VALUES (6, 580);
INSERT INTO LanguageRel VALUES (6, 588);
INSERT INTO LanguageRel VALUES (6, 599);
INSERT INTO LanguageRel VALUES (6, 700);
INSERT INTO LanguageRel VALUES (6, 703);
INSERT INTO LanguageRel VALUES (6, 712);
INSERT INTO LanguageRel VALUES (6, 715);
INSERT INTO LanguageRel VALUES (6, 723);
INSERT INTO LanguageRel VALUES (6, 726);
INSERT INTO LanguageRel VALUES (6, 727);
INSERT INTO LanguageRel VALUES (6, 731);
INSERT INTO LanguageRel VALUES (6, 734);
INSERT INTO LanguageRel VALUES (6, 736);
INSERT INTO LanguageRel VALUES (6, 744);
INSERT INTO LanguageRel VALUES (6, 756);
INSERT INTO LanguageRel VALUES (6, 757);
INSERT INTO LanguageRel VALUES (6, 759);
INSERT INTO LanguageRel VALUES (6, 762);
INSERT INTO LanguageRel VALUES (6, 765);
INSERT INTO LanguageRel VALUES (6, 766);
INSERT INTO LanguageRel VALUES (6, 771);
INSERT INTO LanguageRel VALUES (6, 774);
INSERT INTO LanguageRel VALUES (6, 778);
INSERT INTO LanguageRel VALUES (6, 787);
INSERT INTO LanguageRel VALUES (6, 791);
INSERT INTO LanguageRel VALUES (6, 878);
INSERT INTO LanguageRel VALUES (6, 890);
INSERT INTO LanguageRel VALUES (6, 896);
INSERT INTO LanguageRel VALUES (6, 905);
INSERT INTO LanguageRel VALUES (6, 917);
INSERT INTO LanguageRel VALUES (6, 929);
INSERT INTO LanguageRel VALUES (6, 941);
INSERT INTO LanguageRel VALUES (6, 989);
INSERT INTO LanguageRel VALUES (6, 1019);
INSERT INTO LanguageRel VALUES (6, 1031);
INSERT INTO LanguageRel VALUES (6, 1043);
INSERT INTO LanguageRel VALUES (6, 1052);
INSERT INTO LanguageRel VALUES (6, 1079);
INSERT INTO LanguageRel VALUES (7, 21);
INSERT INTO LanguageRel VALUES (7, 37);
INSERT INTO LanguageRel VALUES (7, 55);
INSERT INTO LanguageRel VALUES (7, 59);
INSERT INTO LanguageRel VALUES (7, 65);
INSERT INTO LanguageRel VALUES (7, 72);
INSERT INTO LanguageRel VALUES (7, 76);
INSERT INTO LanguageRel VALUES (7, 83);
INSERT INTO LanguageRel VALUES (7, 95);
INSERT INTO LanguageRel VALUES (7, 101);
INSERT INTO LanguageRel VALUES (7, 113);
INSERT INTO LanguageRel VALUES (7, 134);
INSERT INTO LanguageRel VALUES (7, 146);
INSERT INTO LanguageRel VALUES (7, 150);
INSERT INTO LanguageRel VALUES (7, 154);
INSERT INTO LanguageRel VALUES (7, 160);
INSERT INTO LanguageRel VALUES (7, 165);
INSERT INTO LanguageRel VALUES (7, 173);
INSERT INTO LanguageRel VALUES (7, 175);
INSERT INTO LanguageRel VALUES (7, 183);
INSERT INTO LanguageRel VALUES (7, 191);
INSERT INTO LanguageRel VALUES (7, 198);
INSERT INTO LanguageRel VALUES (7, 203);
INSERT INTO LanguageRel VALUES (7, 209);
INSERT INTO LanguageRel VALUES (7, 210);
INSERT INTO LanguageRel VALUES (7, 230);
INSERT INTO LanguageRel VALUES (7, 254);
INSERT INTO LanguageRel VALUES (7, 265);
INSERT INTO LanguageRel VALUES (7, 275);
INSERT INTO LanguageRel VALUES (7, 279);
INSERT INTO LanguageRel VALUES (7, 307);
INSERT INTO LanguageRel VALUES (7, 312);
INSERT INTO LanguageRel VALUES (7, 319);
INSERT INTO LanguageRel VALUES (7, 321);
INSERT INTO LanguageRel VALUES (7, 329);
INSERT INTO LanguageRel VALUES (7, 335);
INSERT INTO LanguageRel VALUES (7, 338);
INSERT INTO LanguageRel VALUES (7, 346);
INSERT INTO LanguageRel VALUES (7, 351);
INSERT INTO LanguageRel VALUES (7, 361);
INSERT INTO LanguageRel VALUES (7, 362);
INSERT INTO LanguageRel VALUES (7, 382);
INSERT INTO LanguageRel VALUES (7, 396);
INSERT INTO LanguageRel VALUES (7, 397);
INSERT INTO LanguageRel VALUES (7, 398);
INSERT INTO LanguageRel VALUES (7, 399);
INSERT INTO LanguageRel VALUES (7, 408);
INSERT INTO LanguageRel VALUES (7, 410);
INSERT INTO LanguageRel VALUES (7, 411);
INSERT INTO LanguageRel VALUES (7, 412);
INSERT INTO LanguageRel VALUES (7, 416);
INSERT INTO LanguageRel VALUES (7, 417);
INSERT INTO LanguageRel VALUES (7, 447);
INSERT INTO LanguageRel VALUES (7, 452);
INSERT INTO LanguageRel VALUES (7, 454);
INSERT INTO LanguageRel VALUES (7, 463);
INSERT INTO LanguageRel VALUES (7, 470);
INSERT INTO LanguageRel VALUES (7, 487);
INSERT INTO LanguageRel VALUES (7, 492);
INSERT INTO LanguageRel VALUES (7, 510);
INSERT INTO LanguageRel VALUES (7, 514);
INSERT INTO LanguageRel VALUES (7, 521);
INSERT INTO LanguageRel VALUES (7, 528);
INSERT INTO LanguageRel VALUES (7, 533);
INSERT INTO LanguageRel VALUES (7, 534);
INSERT INTO LanguageRel VALUES (7, 539);
INSERT INTO LanguageRel VALUES (7, 550);
INSERT INTO LanguageRel VALUES (7, 560);
INSERT INTO LanguageRel VALUES (7, 563);
INSERT INTO LanguageRel VALUES (7, 571);
INSERT INTO LanguageRel VALUES (7, 572);
INSERT INTO LanguageRel VALUES (7, 582);
INSERT INTO LanguageRel VALUES (7, 594);
INSERT INTO LanguageRel VALUES (7, 605);
INSERT INTO LanguageRel VALUES (7, 706);
INSERT INTO LanguageRel VALUES (7, 730);
INSERT INTO LanguageRel VALUES (7, 736);
INSERT INTO LanguageRel VALUES (7, 741);
INSERT INTO LanguageRel VALUES (7, 746);
INSERT INTO LanguageRel VALUES (7, 756);
INSERT INTO LanguageRel VALUES (7, 758);
INSERT INTO LanguageRel VALUES (7, 762);
INSERT INTO LanguageRel VALUES (7, 768);
INSERT INTO LanguageRel VALUES (7, 772);
INSERT INTO LanguageRel VALUES (7, 773);
INSERT INTO LanguageRel VALUES (7, 776);
INSERT INTO LanguageRel VALUES (7, 781);
INSERT INTO LanguageRel VALUES (7, 782);
INSERT INTO LanguageRel VALUES (7, 787);
INSERT INTO LanguageRel VALUES (7, 788);
INSERT INTO LanguageRel VALUES (7, 794);
INSERT INTO LanguageRel VALUES (7, 842);
INSERT INTO LanguageRel VALUES (7, 848);
INSERT INTO LanguageRel VALUES (7, 926);
INSERT INTO LanguageRel VALUES (7, 932);
INSERT INTO LanguageRel VALUES (7, 947);
INSERT INTO LanguageRel VALUES (7, 950);
INSERT INTO LanguageRel VALUES (7, 968);
INSERT INTO LanguageRel VALUES (7, 977);
INSERT INTO LanguageRel VALUES (7, 1004);
INSERT INTO LanguageRel VALUES (7, 1013);
INSERT INTO LanguageRel VALUES (7, 1064);
INSERT INTO LanguageRel VALUES (7, 1070);
INSERT INTO LanguageRel VALUES (8, 21);
INSERT INTO LanguageRel VALUES (8, 30);
INSERT INTO LanguageRel VALUES (8, 72);
INSERT INTO LanguageRel VALUES (8, 74);
INSERT INTO LanguageRel VALUES (8, 78);
INSERT INTO LanguageRel VALUES (8, 83);
INSERT INTO LanguageRel VALUES (8, 87);
INSERT INTO LanguageRel VALUES (8, 90);
INSERT INTO LanguageRel VALUES (8, 96);
INSERT INTO LanguageRel VALUES (8, 99);
INSERT INTO LanguageRel VALUES (8, 100);
INSERT INTO LanguageRel VALUES (8, 106);
INSERT INTO LanguageRel VALUES (8, 112);
INSERT INTO LanguageRel VALUES (8, 113);
INSERT INTO LanguageRel VALUES (8, 125);
INSERT INTO LanguageRel VALUES (8, 130);
INSERT INTO LanguageRel VALUES (8, 139);
INSERT INTO LanguageRel VALUES (8, 151);
INSERT INTO LanguageRel VALUES (8, 164);
INSERT INTO LanguageRel VALUES (8, 177);
INSERT INTO LanguageRel VALUES (8, 184);
INSERT INTO LanguageRel VALUES (8, 188);
INSERT INTO LanguageRel VALUES (8, 192);
INSERT INTO LanguageRel VALUES (8, 217);
INSERT INTO LanguageRel VALUES (8, 223);
INSERT INTO LanguageRel VALUES (8, 229);
INSERT INTO LanguageRel VALUES (8, 238);
INSERT INTO LanguageRel VALUES (8, 240);
INSERT INTO LanguageRel VALUES (8, 244);
INSERT INTO LanguageRel VALUES (8, 250);
INSERT INTO LanguageRel VALUES (8, 265);
INSERT INTO LanguageRel VALUES (8, 275);
INSERT INTO LanguageRel VALUES (8, 278);
INSERT INTO LanguageRel VALUES (8, 288);
INSERT INTO LanguageRel VALUES (8, 295);
INSERT INTO LanguageRel VALUES (8, 301);
INSERT INTO LanguageRel VALUES (8, 306);
INSERT INTO LanguageRel VALUES (8, 317);
INSERT INTO LanguageRel VALUES (8, 329);
INSERT INTO LanguageRel VALUES (8, 332);
INSERT INTO LanguageRel VALUES (8, 336);
INSERT INTO LanguageRel VALUES (8, 343);
INSERT INTO LanguageRel VALUES (8, 353);
INSERT INTO LanguageRel VALUES (8, 359);
INSERT INTO LanguageRel VALUES (8, 363);
INSERT INTO LanguageRel VALUES (8, 365);
INSERT INTO LanguageRel VALUES (8, 370);
INSERT INTO LanguageRel VALUES (8, 373);
INSERT INTO LanguageRel VALUES (8, 375);
INSERT INTO LanguageRel VALUES (8, 381);
INSERT INTO LanguageRel VALUES (8, 382);
INSERT INTO LanguageRel VALUES (8, 386);
INSERT INTO LanguageRel VALUES (8, 389);
INSERT INTO LanguageRel VALUES (8, 404);
INSERT INTO LanguageRel VALUES (8, 407);
INSERT INTO LanguageRel VALUES (8, 409);
INSERT INTO LanguageRel VALUES (8, 431);
INSERT INTO LanguageRel VALUES (8, 436);
INSERT INTO LanguageRel VALUES (8, 444);
INSERT INTO LanguageRel VALUES (8, 452);
INSERT INTO LanguageRel VALUES (8, 460);
INSERT INTO LanguageRel VALUES (8, 472);
INSERT INTO LanguageRel VALUES (8, 482);
INSERT INTO LanguageRel VALUES (8, 484);
INSERT INTO LanguageRel VALUES (8, 488);
INSERT INTO LanguageRel VALUES (8, 501);
INSERT INTO LanguageRel VALUES (8, 508);
INSERT INTO LanguageRel VALUES (8, 518);
INSERT INTO LanguageRel VALUES (8, 520);
INSERT INTO LanguageRel VALUES (8, 526);
INSERT INTO LanguageRel VALUES (8, 542);
INSERT INTO LanguageRel VALUES (8, 554);
INSERT INTO LanguageRel VALUES (8, 574);
INSERT INTO LanguageRel VALUES (8, 587);
INSERT INTO LanguageRel VALUES (8, 594);
INSERT INTO LanguageRel VALUES (8, 595);
INSERT INTO LanguageRel VALUES (8, 598);
INSERT INTO LanguageRel VALUES (8, 604);
INSERT INTO LanguageRel VALUES (8, 705);
INSERT INTO LanguageRel VALUES (8, 709);
INSERT INTO LanguageRel VALUES (8, 711);
INSERT INTO LanguageRel VALUES (8, 727);
INSERT INTO LanguageRel VALUES (8, 732);
INSERT INTO LanguageRel VALUES (8, 740);
INSERT INTO LanguageRel VALUES (8, 744);
INSERT INTO LanguageRel VALUES (8, 757);
INSERT INTO LanguageRel VALUES (8, 761);
INSERT INTO LanguageRel VALUES (8, 777);
INSERT INTO LanguageRel VALUES (8, 787);
INSERT INTO LanguageRel VALUES (8, 790);
INSERT INTO LanguageRel VALUES (8, 791);
INSERT INTO LanguageRel VALUES (8, 794);
INSERT INTO LanguageRel VALUES (8, 824);
INSERT INTO LanguageRel VALUES (8, 872);
INSERT INTO LanguageRel VALUES (8, 899);
INSERT INTO LanguageRel VALUES (8, 938);
INSERT INTO LanguageRel VALUES (8, 956);
INSERT INTO LanguageRel VALUES (8, 959);
INSERT INTO LanguageRel VALUES (8, 995);
INSERT INTO LanguageRel VALUES (8, 1013);
INSERT INTO LanguageRel VALUES (8, 1040);
INSERT INTO LanguageRel VALUES (8, 1058);
INSERT INTO LanguageRel VALUES (8, 1061);
INSERT INTO LanguageRel VALUES (8, 1079);
INSERT INTO LanguageRel VALUES (8, 1082);
INSERT INTO LanguageRel VALUES (9, 4);
INSERT INTO LanguageRel VALUES (9, 5);
INSERT INTO LanguageRel VALUES (9, 25);
INSERT INTO LanguageRel VALUES (9, 27);
INSERT INTO LanguageRel VALUES (9, 31);
INSERT INTO LanguageRel VALUES (9, 35);
INSERT INTO LanguageRel VALUES (9, 45);
INSERT INTO LanguageRel VALUES (9, 50);
INSERT INTO LanguageRel VALUES (9, 55);
INSERT INTO LanguageRel VALUES (9, 71);
INSERT INTO LanguageRel VALUES (9, 85);
INSERT INTO LanguageRel VALUES (9, 89);
INSERT INTO LanguageRel VALUES (9, 92);
INSERT INTO LanguageRel VALUES (9, 96);
INSERT INTO LanguageRel VALUES (9, 99);
INSERT INTO LanguageRel VALUES (9, 100);
INSERT INTO LanguageRel VALUES (9, 106);
INSERT INTO LanguageRel VALUES (9, 116);
INSERT INTO LanguageRel VALUES (9, 124);
INSERT INTO LanguageRel VALUES (9, 128);
INSERT INTO LanguageRel VALUES (9, 129);
INSERT INTO LanguageRel VALUES (9, 146);
INSERT INTO LanguageRel VALUES (9, 154);
INSERT INTO LanguageRel VALUES (9, 157);
INSERT INTO LanguageRel VALUES (9, 160);
INSERT INTO LanguageRel VALUES (9, 166);
INSERT INTO LanguageRel VALUES (9, 173);
INSERT INTO LanguageRel VALUES (9, 178);
INSERT INTO LanguageRel VALUES (9, 179);
INSERT INTO LanguageRel VALUES (9, 183);
INSERT INTO LanguageRel VALUES (9, 190);
INSERT INTO LanguageRel VALUES (9, 203);
INSERT INTO LanguageRel VALUES (9, 219);
INSERT INTO LanguageRel VALUES (9, 229);
INSERT INTO LanguageRel VALUES (9, 237);
INSERT INTO LanguageRel VALUES (9, 243);
INSERT INTO LanguageRel VALUES (9, 244);
INSERT INTO LanguageRel VALUES (9, 246);
INSERT INTO LanguageRel VALUES (9, 249);
INSERT INTO LanguageRel VALUES (9, 252);
INSERT INTO LanguageRel VALUES (9, 254);
INSERT INTO LanguageRel VALUES (9, 269);
INSERT INTO LanguageRel VALUES (9, 295);
INSERT INTO LanguageRel VALUES (9, 311);
INSERT INTO LanguageRel VALUES (9, 317);
INSERT INTO LanguageRel VALUES (9, 332);
INSERT INTO LanguageRel VALUES (9, 335);
INSERT INTO LanguageRel VALUES (9, 348);
INSERT INTO LanguageRel VALUES (9, 350);
INSERT INTO LanguageRel VALUES (9, 363);
INSERT INTO LanguageRel VALUES (9, 370);
INSERT INTO LanguageRel VALUES (9, 375);
INSERT INTO LanguageRel VALUES (9, 381);
INSERT INTO LanguageRel VALUES (9, 388);
INSERT INTO LanguageRel VALUES (9, 391);
INSERT INTO LanguageRel VALUES (9, 415);
INSERT INTO LanguageRel VALUES (9, 416);
INSERT INTO LanguageRel VALUES (9, 426);
INSERT INTO LanguageRel VALUES (9, 432);
INSERT INTO LanguageRel VALUES (9, 437);
INSERT INTO LanguageRel VALUES (9, 439);
INSERT INTO LanguageRel VALUES (9, 442);
INSERT INTO LanguageRel VALUES (9, 446);
INSERT INTO LanguageRel VALUES (9, 460);
INSERT INTO LanguageRel VALUES (9, 466);
INSERT INTO LanguageRel VALUES (9, 474);
INSERT INTO LanguageRel VALUES (9, 484);
INSERT INTO LanguageRel VALUES (9, 491);
INSERT INTO LanguageRel VALUES (9, 500);
INSERT INTO LanguageRel VALUES (9, 514);
INSERT INTO LanguageRel VALUES (9, 516);
INSERT INTO LanguageRel VALUES (9, 518);
INSERT INTO LanguageRel VALUES (9, 521);
INSERT INTO LanguageRel VALUES (9, 525);
INSERT INTO LanguageRel VALUES (9, 554);
INSERT INTO LanguageRel VALUES (9, 557);
INSERT INTO LanguageRel VALUES (9, 561);
INSERT INTO LanguageRel VALUES (9, 564);
INSERT INTO LanguageRel VALUES (9, 566);
INSERT INTO LanguageRel VALUES (9, 583);
INSERT INTO LanguageRel VALUES (9, 586);
INSERT INTO LanguageRel VALUES (9, 588);
INSERT INTO LanguageRel VALUES (9, 701);
INSERT INTO LanguageRel VALUES (9, 717);
INSERT INTO LanguageRel VALUES (9, 719);
INSERT INTO LanguageRel VALUES (9, 735);
INSERT INTO LanguageRel VALUES (9, 739);
INSERT INTO LanguageRel VALUES (9, 740);
INSERT INTO LanguageRel VALUES (9, 741);
INSERT INTO LanguageRel VALUES (9, 747);
INSERT INTO LanguageRel VALUES (9, 748);
INSERT INTO LanguageRel VALUES (9, 753);
INSERT INTO LanguageRel VALUES (9, 754);
INSERT INTO LanguageRel VALUES (9, 755);
INSERT INTO LanguageRel VALUES (9, 766);
INSERT INTO LanguageRel VALUES (9, 769);
INSERT INTO LanguageRel VALUES (9, 784);
INSERT INTO LanguageRel VALUES (9, 788);
INSERT INTO LanguageRel VALUES (9, 794);
INSERT INTO LanguageRel VALUES (9, 795);
INSERT INTO LanguageRel VALUES (9, 803);
INSERT INTO LanguageRel VALUES (9, 818);
INSERT INTO LanguageRel VALUES (9, 839);
INSERT INTO LanguageRel VALUES (9, 842);
INSERT INTO LanguageRel VALUES (9, 851);
INSERT INTO LanguageRel VALUES (9, 857);
INSERT INTO LanguageRel VALUES (9, 881);
INSERT INTO LanguageRel VALUES (9, 887);
INSERT INTO LanguageRel VALUES (9, 902);
INSERT INTO LanguageRel VALUES (9, 905);
INSERT INTO LanguageRel VALUES (9, 911);
INSERT INTO LanguageRel VALUES (9, 962);
INSERT INTO LanguageRel VALUES (9, 965);
INSERT INTO LanguageRel VALUES (9, 1019);
INSERT INTO LanguageRel VALUES (9, 1025);
INSERT INTO LanguageRel VALUES (9, 1052);
INSERT INTO LanguageRel VALUES (9, 1055);
INSERT INTO LanguageRel VALUES (9, 1085);
INSERT INTO LanguageRel VALUES (10, 1);
INSERT INTO LanguageRel VALUES (10, 33);
INSERT INTO LanguageRel VALUES (10, 35);
INSERT INTO LanguageRel VALUES (10, 39);
INSERT INTO LanguageRel VALUES (10, 48);
INSERT INTO LanguageRel VALUES (10, 49);
INSERT INTO LanguageRel VALUES (10, 62);
INSERT INTO LanguageRel VALUES (10, 85);
INSERT INTO LanguageRel VALUES (10, 86);
INSERT INTO LanguageRel VALUES (10, 105);
INSERT INTO LanguageRel VALUES (10, 107);
INSERT INTO LanguageRel VALUES (10, 121);
INSERT INTO LanguageRel VALUES (10, 139);
INSERT INTO LanguageRel VALUES (10, 141);
INSERT INTO LanguageRel VALUES (10, 144);
INSERT INTO LanguageRel VALUES (10, 155);
INSERT INTO LanguageRel VALUES (10, 168);
INSERT INTO LanguageRel VALUES (10, 175);
INSERT INTO LanguageRel VALUES (10, 185);
INSERT INTO LanguageRel VALUES (10, 186);
INSERT INTO LanguageRel VALUES (10, 190);
INSERT INTO LanguageRel VALUES (10, 199);
INSERT INTO LanguageRel VALUES (10, 207);
INSERT INTO LanguageRel VALUES (10, 210);
INSERT INTO LanguageRel VALUES (10, 219);
INSERT INTO LanguageRel VALUES (10, 230);
INSERT INTO LanguageRel VALUES (10, 239);
INSERT INTO LanguageRel VALUES (10, 240);
INSERT INTO LanguageRel VALUES (10, 244);
INSERT INTO LanguageRel VALUES (10, 248);
INSERT INTO LanguageRel VALUES (10, 262);
INSERT INTO LanguageRel VALUES (10, 272);
INSERT INTO LanguageRel VALUES (10, 285);
INSERT INTO LanguageRel VALUES (10, 288);
INSERT INTO LanguageRel VALUES (10, 293);
INSERT INTO LanguageRel VALUES (10, 313);
INSERT INTO LanguageRel VALUES (10, 326);
INSERT INTO LanguageRel VALUES (10, 343);
INSERT INTO LanguageRel VALUES (10, 346);
INSERT INTO LanguageRel VALUES (10, 348);
INSERT INTO LanguageRel VALUES (10, 358);
INSERT INTO LanguageRel VALUES (10, 359);
INSERT INTO LanguageRel VALUES (10, 361);
INSERT INTO LanguageRel VALUES (10, 379);
INSERT INTO LanguageRel VALUES (10, 388);
INSERT INTO LanguageRel VALUES (10, 395);
INSERT INTO LanguageRel VALUES (10, 403);
INSERT INTO LanguageRel VALUES (10, 404);
INSERT INTO LanguageRel VALUES (10, 408);
INSERT INTO LanguageRel VALUES (10, 415);
INSERT INTO LanguageRel VALUES (10, 428);
INSERT INTO LanguageRel VALUES (10, 429);
INSERT INTO LanguageRel VALUES (10, 441);
INSERT INTO LanguageRel VALUES (10, 444);
INSERT INTO LanguageRel VALUES (10, 453);
INSERT INTO LanguageRel VALUES (10, 460);
INSERT INTO LanguageRel VALUES (10, 462);
INSERT INTO LanguageRel VALUES (10, 470);
INSERT INTO LanguageRel VALUES (10, 485);
INSERT INTO LanguageRel VALUES (10, 497);
INSERT INTO LanguageRel VALUES (10, 505);
INSERT INTO LanguageRel VALUES (10, 522);
INSERT INTO LanguageRel VALUES (10, 523);
INSERT INTO LanguageRel VALUES (10, 524);
INSERT INTO LanguageRel VALUES (10, 546);
INSERT INTO LanguageRel VALUES (10, 549);
INSERT INTO LanguageRel VALUES (10, 555);
INSERT INTO LanguageRel VALUES (10, 556);
INSERT INTO LanguageRel VALUES (10, 557);
INSERT INTO LanguageRel VALUES (10, 581);
INSERT INTO LanguageRel VALUES (10, 585);
INSERT INTO LanguageRel VALUES (10, 588);
INSERT INTO LanguageRel VALUES (10, 703);
INSERT INTO LanguageRel VALUES (10, 713);
INSERT INTO LanguageRel VALUES (10, 715);
INSERT INTO LanguageRel VALUES (10, 742);
INSERT INTO LanguageRel VALUES (10, 755);
INSERT INTO LanguageRel VALUES (10, 761);
INSERT INTO LanguageRel VALUES (10, 763);
INSERT INTO LanguageRel VALUES (10, 765);
INSERT INTO LanguageRel VALUES (10, 767);
INSERT INTO LanguageRel VALUES (10, 780);
INSERT INTO LanguageRel VALUES (10, 800);
INSERT INTO LanguageRel VALUES (10, 803);
INSERT INTO LanguageRel VALUES (10, 851);
INSERT INTO LanguageRel VALUES (10, 863);
INSERT INTO LanguageRel VALUES (10, 875);
INSERT INTO LanguageRel VALUES (10, 890);
INSERT INTO LanguageRel VALUES (10, 944);
INSERT INTO LanguageRel VALUES (10, 962);
INSERT INTO LanguageRel VALUES (10, 977);
INSERT INTO LanguageRel VALUES (10, 989);
INSERT INTO LanguageRel VALUES (10, 1007);
INSERT INTO LanguageRel VALUES (10, 1016);
INSERT INTO LanguageRel VALUES (10, 1028);
INSERT INTO LanguageRel VALUES (10, 1043);
INSERT INTO LanguageRel VALUES (10, 1052);
INSERT INTO LanguageRel VALUES (10, 1061);
INSERT INTO LanguageRel VALUES (10, 1064);
INSERT INTO LanguageRel VALUES (10, 1091);
INSERT INTO LanguageRel VALUES (10, 1097);
INSERT INTO LanguageRel VALUES (11, 3);
INSERT INTO LanguageRel VALUES (11, 21);
INSERT INTO LanguageRel VALUES (11, 30);
INSERT INTO LanguageRel VALUES (11, 81);
INSERT INTO LanguageRel VALUES (11, 82);
INSERT INTO LanguageRel VALUES (11, 83);
INSERT INTO LanguageRel VALUES (11, 87);
INSERT INTO LanguageRel VALUES (11, 90);
INSERT INTO LanguageRel VALUES (11, 96);
INSERT INTO LanguageRel VALUES (11, 97);
INSERT INTO LanguageRel VALUES (11, 113);
INSERT INTO LanguageRel VALUES (11, 121);
INSERT INTO LanguageRel VALUES (11, 123);
INSERT INTO LanguageRel VALUES (11, 127);
INSERT INTO LanguageRel VALUES (11, 153);
INSERT INTO LanguageRel VALUES (11, 155);
INSERT INTO LanguageRel VALUES (11, 159);
INSERT INTO LanguageRel VALUES (11, 172);
INSERT INTO LanguageRel VALUES (11, 199);
INSERT INTO LanguageRel VALUES (11, 200);
INSERT INTO LanguageRel VALUES (11, 202);
INSERT INTO LanguageRel VALUES (11, 203);
INSERT INTO LanguageRel VALUES (11, 207);
INSERT INTO LanguageRel VALUES (11, 212);
INSERT INTO LanguageRel VALUES (11, 219);
INSERT INTO LanguageRel VALUES (11, 223);
INSERT INTO LanguageRel VALUES (11, 226);
INSERT INTO LanguageRel VALUES (11, 261);
INSERT INTO LanguageRel VALUES (11, 265);
INSERT INTO LanguageRel VALUES (11, 267);
INSERT INTO LanguageRel VALUES (11, 271);
INSERT INTO LanguageRel VALUES (11, 280);
INSERT INTO LanguageRel VALUES (11, 283);
INSERT INTO LanguageRel VALUES (11, 297);
INSERT INTO LanguageRel VALUES (11, 317);
INSERT INTO LanguageRel VALUES (11, 327);
INSERT INTO LanguageRel VALUES (11, 328);
INSERT INTO LanguageRel VALUES (11, 329);
INSERT INTO LanguageRel VALUES (11, 330);
INSERT INTO LanguageRel VALUES (11, 342);
INSERT INTO LanguageRel VALUES (11, 343);
INSERT INTO LanguageRel VALUES (11, 347);
INSERT INTO LanguageRel VALUES (11, 348);
INSERT INTO LanguageRel VALUES (11, 353);
INSERT INTO LanguageRel VALUES (11, 356);
INSERT INTO LanguageRel VALUES (11, 363);
INSERT INTO LanguageRel VALUES (11, 366);
INSERT INTO LanguageRel VALUES (11, 394);
INSERT INTO LanguageRel VALUES (11, 399);
INSERT INTO LanguageRel VALUES (11, 418);
INSERT INTO LanguageRel VALUES (11, 426);
INSERT INTO LanguageRel VALUES (11, 428);
INSERT INTO LanguageRel VALUES (11, 429);
INSERT INTO LanguageRel VALUES (11, 441);
INSERT INTO LanguageRel VALUES (11, 446);
INSERT INTO LanguageRel VALUES (11, 459);
INSERT INTO LanguageRel VALUES (11, 467);
INSERT INTO LanguageRel VALUES (11, 474);
INSERT INTO LanguageRel VALUES (11, 476);
INSERT INTO LanguageRel VALUES (11, 502);
INSERT INTO LanguageRel VALUES (11, 510);
INSERT INTO LanguageRel VALUES (11, 519);
INSERT INTO LanguageRel VALUES (11, 521);
INSERT INTO LanguageRel VALUES (11, 531);
INSERT INTO LanguageRel VALUES (11, 540);
INSERT INTO LanguageRel VALUES (11, 544);
INSERT INTO LanguageRel VALUES (11, 545);
INSERT INTO LanguageRel VALUES (11, 546);
INSERT INTO LanguageRel VALUES (11, 555);
INSERT INTO LanguageRel VALUES (11, 574);
INSERT INTO LanguageRel VALUES (11, 577);
INSERT INTO LanguageRel VALUES (11, 581);
INSERT INTO LanguageRel VALUES (11, 599);
INSERT INTO LanguageRel VALUES (11, 601);
INSERT INTO LanguageRel VALUES (11, 718);
INSERT INTO LanguageRel VALUES (11, 721);
INSERT INTO LanguageRel VALUES (11, 723);
INSERT INTO LanguageRel VALUES (11, 724);
INSERT INTO LanguageRel VALUES (11, 725);
INSERT INTO LanguageRel VALUES (11, 734);
INSERT INTO LanguageRel VALUES (11, 736);
INSERT INTO LanguageRel VALUES (11, 737);
INSERT INTO LanguageRel VALUES (11, 746);
INSERT INTO LanguageRel VALUES (11, 751);
INSERT INTO LanguageRel VALUES (11, 758);
INSERT INTO LanguageRel VALUES (11, 759);
INSERT INTO LanguageRel VALUES (11, 769);
INSERT INTO LanguageRel VALUES (11, 770);
INSERT INTO LanguageRel VALUES (11, 774);
INSERT INTO LanguageRel VALUES (11, 792);
INSERT INTO LanguageRel VALUES (11, 800);
INSERT INTO LanguageRel VALUES (11, 803);
INSERT INTO LanguageRel VALUES (11, 806);
INSERT INTO LanguageRel VALUES (11, 830);
INSERT INTO LanguageRel VALUES (11, 875);
INSERT INTO LanguageRel VALUES (11, 887);
INSERT INTO LanguageRel VALUES (11, 953);
INSERT INTO LanguageRel VALUES (11, 962);
INSERT INTO LanguageRel VALUES (11, 968);
INSERT INTO LanguageRel VALUES (11, 977);
INSERT INTO LanguageRel VALUES (11, 989);
INSERT INTO LanguageRel VALUES (11, 995);
INSERT INTO LanguageRel VALUES (11, 1028);
INSERT INTO LanguageRel VALUES (11, 1049);
INSERT INTO LanguageRel VALUES (11, 1091);
INSERT INTO LanguageRel VALUES (12, 14);
INSERT INTO LanguageRel VALUES (12, 36);
INSERT INTO LanguageRel VALUES (12, 58);
INSERT INTO LanguageRel VALUES (12, 59);
INSERT INTO LanguageRel VALUES (12, 70);
INSERT INTO LanguageRel VALUES (12, 81);
INSERT INTO LanguageRel VALUES (12, 105);
INSERT INTO LanguageRel VALUES (12, 107);
INSERT INTO LanguageRel VALUES (12, 112);
INSERT INTO LanguageRel VALUES (12, 124);
INSERT INTO LanguageRel VALUES (12, 133);
INSERT INTO LanguageRel VALUES (12, 136);
INSERT INTO LanguageRel VALUES (12, 149);
INSERT INTO LanguageRel VALUES (12, 167);
INSERT INTO LanguageRel VALUES (12, 168);
INSERT INTO LanguageRel VALUES (12, 181);
INSERT INTO LanguageRel VALUES (12, 182);
INSERT INTO LanguageRel VALUES (12, 189);
INSERT INTO LanguageRel VALUES (12, 192);
INSERT INTO LanguageRel VALUES (12, 206);
INSERT INTO LanguageRel VALUES (12, 210);
INSERT INTO LanguageRel VALUES (12, 223);
INSERT INTO LanguageRel VALUES (12, 228);
INSERT INTO LanguageRel VALUES (12, 238);
INSERT INTO LanguageRel VALUES (12, 239);
INSERT INTO LanguageRel VALUES (12, 243);
INSERT INTO LanguageRel VALUES (12, 245);
INSERT INTO LanguageRel VALUES (12, 249);
INSERT INTO LanguageRel VALUES (12, 257);
INSERT INTO LanguageRel VALUES (12, 258);
INSERT INTO LanguageRel VALUES (12, 260);
INSERT INTO LanguageRel VALUES (12, 271);
INSERT INTO LanguageRel VALUES (12, 277);
INSERT INTO LanguageRel VALUES (12, 284);
INSERT INTO LanguageRel VALUES (12, 306);
INSERT INTO LanguageRel VALUES (12, 316);
INSERT INTO LanguageRel VALUES (12, 320);
INSERT INTO LanguageRel VALUES (12, 323);
INSERT INTO LanguageRel VALUES (12, 327);
INSERT INTO LanguageRel VALUES (12, 350);
INSERT INTO LanguageRel VALUES (12, 353);
INSERT INTO LanguageRel VALUES (12, 358);
INSERT INTO LanguageRel VALUES (12, 362);
INSERT INTO LanguageRel VALUES (12, 386);
INSERT INTO LanguageRel VALUES (12, 395);
INSERT INTO LanguageRel VALUES (12, 397);
INSERT INTO LanguageRel VALUES (12, 398);
INSERT INTO LanguageRel VALUES (12, 407);
INSERT INTO LanguageRel VALUES (12, 415);
INSERT INTO LanguageRel VALUES (12, 416);
INSERT INTO LanguageRel VALUES (12, 417);
INSERT INTO LanguageRel VALUES (12, 418);
INSERT INTO LanguageRel VALUES (12, 422);
INSERT INTO LanguageRel VALUES (12, 437);
INSERT INTO LanguageRel VALUES (12, 449);
INSERT INTO LanguageRel VALUES (12, 472);
INSERT INTO LanguageRel VALUES (12, 475);
INSERT INTO LanguageRel VALUES (12, 485);
INSERT INTO LanguageRel VALUES (12, 490);
INSERT INTO LanguageRel VALUES (12, 500);
INSERT INTO LanguageRel VALUES (12, 505);
INSERT INTO LanguageRel VALUES (12, 510);
INSERT INTO LanguageRel VALUES (12, 520);
INSERT INTO LanguageRel VALUES (12, 521);
INSERT INTO LanguageRel VALUES (12, 525);
INSERT INTO LanguageRel VALUES (12, 533);
INSERT INTO LanguageRel VALUES (12, 536);
INSERT INTO LanguageRel VALUES (12, 539);
INSERT INTO LanguageRel VALUES (12, 542);
INSERT INTO LanguageRel VALUES (12, 549);
INSERT INTO LanguageRel VALUES (12, 550);
INSERT INTO LanguageRel VALUES (12, 551);
INSERT INTO LanguageRel VALUES (12, 552);
INSERT INTO LanguageRel VALUES (12, 557);
INSERT INTO LanguageRel VALUES (12, 581);
INSERT INTO LanguageRel VALUES (12, 583);
INSERT INTO LanguageRel VALUES (12, 595);
INSERT INTO LanguageRel VALUES (12, 598);
INSERT INTO LanguageRel VALUES (12, 602);
INSERT INTO LanguageRel VALUES (12, 606);
INSERT INTO LanguageRel VALUES (12, 702);
INSERT INTO LanguageRel VALUES (12, 711);
INSERT INTO LanguageRel VALUES (12, 716);
INSERT INTO LanguageRel VALUES (12, 726);
INSERT INTO LanguageRel VALUES (12, 734);
INSERT INTO LanguageRel VALUES (12, 735);
INSERT INTO LanguageRel VALUES (12, 738);
INSERT INTO LanguageRel VALUES (12, 740);
INSERT INTO LanguageRel VALUES (12, 742);
INSERT INTO LanguageRel VALUES (12, 750);
INSERT INTO LanguageRel VALUES (12, 758);
INSERT INTO LanguageRel VALUES (12, 759);
INSERT INTO LanguageRel VALUES (12, 760);
INSERT INTO LanguageRel VALUES (12, 773);
INSERT INTO LanguageRel VALUES (12, 777);
INSERT INTO LanguageRel VALUES (12, 787);
INSERT INTO LanguageRel VALUES (12, 845);
INSERT INTO LanguageRel VALUES (12, 854);
INSERT INTO LanguageRel VALUES (12, 887);
INSERT INTO LanguageRel VALUES (12, 896);
INSERT INTO LanguageRel VALUES (12, 911);
INSERT INTO LanguageRel VALUES (12, 941);
INSERT INTO LanguageRel VALUES (12, 965);
INSERT INTO LanguageRel VALUES (12, 977);
INSERT INTO LanguageRel VALUES (12, 980);
INSERT INTO LanguageRel VALUES (12, 992);
INSERT INTO LanguageRel VALUES (12, 1004);
INSERT INTO LanguageRel VALUES (12, 1013);
INSERT INTO LanguageRel VALUES (12, 1034);
INSERT INTO LanguageRel VALUES (12, 1040);
INSERT INTO LanguageRel VALUES (12, 1088);
INSERT INTO LanguageRel VALUES (12, 1091);
INSERT INTO LanguageRel VALUES (13, 2);
INSERT INTO LanguageRel VALUES (13, 24);
INSERT INTO LanguageRel VALUES (13, 25);
INSERT INTO LanguageRel VALUES (13, 35);
INSERT INTO LanguageRel VALUES (13, 48);
INSERT INTO LanguageRel VALUES (13, 56);
INSERT INTO LanguageRel VALUES (13, 70);
INSERT INTO LanguageRel VALUES (13, 72);
INSERT INTO LanguageRel VALUES (13, 78);
INSERT INTO LanguageRel VALUES (13, 84);
INSERT INTO LanguageRel VALUES (13, 99);
INSERT INTO LanguageRel VALUES (13, 100);
INSERT INTO LanguageRel VALUES (13, 105);
INSERT INTO LanguageRel VALUES (13, 106);
INSERT INTO LanguageRel VALUES (13, 138);
INSERT INTO LanguageRel VALUES (13, 146);
INSERT INTO LanguageRel VALUES (13, 151);
INSERT INTO LanguageRel VALUES (13, 166);
INSERT INTO LanguageRel VALUES (13, 172);
INSERT INTO LanguageRel VALUES (13, 177);
INSERT INTO LanguageRel VALUES (13, 182);
INSERT INTO LanguageRel VALUES (13, 185);
INSERT INTO LanguageRel VALUES (13, 187);
INSERT INTO LanguageRel VALUES (13, 191);
INSERT INTO LanguageRel VALUES (13, 201);
INSERT INTO LanguageRel VALUES (13, 206);
INSERT INTO LanguageRel VALUES (13, 220);
INSERT INTO LanguageRel VALUES (13, 232);
INSERT INTO LanguageRel VALUES (13, 250);
INSERT INTO LanguageRel VALUES (13, 251);
INSERT INTO LanguageRel VALUES (13, 252);
INSERT INTO LanguageRel VALUES (13, 267);
INSERT INTO LanguageRel VALUES (13, 278);
INSERT INTO LanguageRel VALUES (13, 281);
INSERT INTO LanguageRel VALUES (13, 284);
INSERT INTO LanguageRel VALUES (13, 295);
INSERT INTO LanguageRel VALUES (13, 302);
INSERT INTO LanguageRel VALUES (13, 303);
INSERT INTO LanguageRel VALUES (13, 311);
INSERT INTO LanguageRel VALUES (13, 312);
INSERT INTO LanguageRel VALUES (13, 329);
INSERT INTO LanguageRel VALUES (13, 335);
INSERT INTO LanguageRel VALUES (13, 360);
INSERT INTO LanguageRel VALUES (13, 369);
INSERT INTO LanguageRel VALUES (13, 378);
INSERT INTO LanguageRel VALUES (13, 386);
INSERT INTO LanguageRel VALUES (13, 387);
INSERT INTO LanguageRel VALUES (13, 391);
INSERT INTO LanguageRel VALUES (13, 403);
INSERT INTO LanguageRel VALUES (13, 417);
INSERT INTO LanguageRel VALUES (13, 422);
INSERT INTO LanguageRel VALUES (13, 431);
INSERT INTO LanguageRel VALUES (13, 437);
INSERT INTO LanguageRel VALUES (13, 447);
INSERT INTO LanguageRel VALUES (13, 465);
INSERT INTO LanguageRel VALUES (13, 473);
INSERT INTO LanguageRel VALUES (13, 474);
INSERT INTO LanguageRel VALUES (13, 479);
INSERT INTO LanguageRel VALUES (13, 497);
INSERT INTO LanguageRel VALUES (13, 498);
INSERT INTO LanguageRel VALUES (13, 499);
INSERT INTO LanguageRel VALUES (13, 500);
INSERT INTO LanguageRel VALUES (13, 522);
INSERT INTO LanguageRel VALUES (13, 523);
INSERT INTO LanguageRel VALUES (13, 527);
INSERT INTO LanguageRel VALUES (13, 530);
INSERT INTO LanguageRel VALUES (13, 543);
INSERT INTO LanguageRel VALUES (13, 551);
INSERT INTO LanguageRel VALUES (13, 563);
INSERT INTO LanguageRel VALUES (13, 564);
INSERT INTO LanguageRel VALUES (13, 566);
INSERT INTO LanguageRel VALUES (13, 571);
INSERT INTO LanguageRel VALUES (13, 577);
INSERT INTO LanguageRel VALUES (13, 578);
INSERT INTO LanguageRel VALUES (13, 584);
INSERT INTO LanguageRel VALUES (13, 593);
INSERT INTO LanguageRel VALUES (13, 704);
INSERT INTO LanguageRel VALUES (13, 706);
INSERT INTO LanguageRel VALUES (13, 707);
INSERT INTO LanguageRel VALUES (13, 720);
INSERT INTO LanguageRel VALUES (13, 721);
INSERT INTO LanguageRel VALUES (13, 723);
INSERT INTO LanguageRel VALUES (13, 726);
INSERT INTO LanguageRel VALUES (13, 739);
INSERT INTO LanguageRel VALUES (13, 742);
INSERT INTO LanguageRel VALUES (13, 745);
INSERT INTO LanguageRel VALUES (13, 746);
INSERT INTO LanguageRel VALUES (13, 748);
INSERT INTO LanguageRel VALUES (13, 749);
INSERT INTO LanguageRel VALUES (13, 752);
INSERT INTO LanguageRel VALUES (13, 772);
INSERT INTO LanguageRel VALUES (13, 775);
INSERT INTO LanguageRel VALUES (13, 780);
INSERT INTO LanguageRel VALUES (13, 792);
INSERT INTO LanguageRel VALUES (13, 800);
INSERT INTO LanguageRel VALUES (13, 824);
INSERT INTO LanguageRel VALUES (13, 833);
INSERT INTO LanguageRel VALUES (13, 857);
INSERT INTO LanguageRel VALUES (13, 896);
INSERT INTO LanguageRel VALUES (13, 911);
INSERT INTO LanguageRel VALUES (13, 920);
INSERT INTO LanguageRel VALUES (13, 944);
INSERT INTO LanguageRel VALUES (13, 980);
INSERT INTO LanguageRel VALUES (13, 986);
INSERT INTO LanguageRel VALUES (13, 1031);
INSERT INTO LanguageRel VALUES (13, 1037);
INSERT INTO LanguageRel VALUES (13, 1040);
INSERT INTO LanguageRel VALUES (13, 1049);
INSERT INTO LanguageRel VALUES (13, 1082);
INSERT INTO LanguageRel VALUES (13, 1097);
INSERT INTO LanguageRel VALUES (13, 1106);
INSERT INTO LanguageRel VALUES (14, 2);
INSERT INTO LanguageRel VALUES (14, 7);
INSERT INTO LanguageRel VALUES (14, 45);
INSERT INTO LanguageRel VALUES (14, 70);
INSERT INTO LanguageRel VALUES (14, 76);
INSERT INTO LanguageRel VALUES (14, 83);
INSERT INTO LanguageRel VALUES (14, 93);
INSERT INTO LanguageRel VALUES (14, 94);
INSERT INTO LanguageRel VALUES (14, 100);
INSERT INTO LanguageRel VALUES (14, 102);
INSERT INTO LanguageRel VALUES (14, 104);
INSERT INTO LanguageRel VALUES (14, 107);
INSERT INTO LanguageRel VALUES (14, 136);
INSERT INTO LanguageRel VALUES (14, 139);
INSERT INTO LanguageRel VALUES (14, 151);
INSERT INTO LanguageRel VALUES (14, 152);
INSERT INTO LanguageRel VALUES (14, 157);
INSERT INTO LanguageRel VALUES (14, 159);
INSERT INTO LanguageRel VALUES (14, 160);
INSERT INTO LanguageRel VALUES (14, 161);
INSERT INTO LanguageRel VALUES (14, 165);
INSERT INTO LanguageRel VALUES (14, 169);
INSERT INTO LanguageRel VALUES (14, 178);
INSERT INTO LanguageRel VALUES (14, 180);
INSERT INTO LanguageRel VALUES (14, 183);
INSERT INTO LanguageRel VALUES (14, 203);
INSERT INTO LanguageRel VALUES (14, 204);
INSERT INTO LanguageRel VALUES (14, 212);
INSERT INTO LanguageRel VALUES (14, 229);
INSERT INTO LanguageRel VALUES (14, 243);
INSERT INTO LanguageRel VALUES (14, 244);
INSERT INTO LanguageRel VALUES (14, 245);
INSERT INTO LanguageRel VALUES (14, 246);
INSERT INTO LanguageRel VALUES (14, 249);
INSERT INTO LanguageRel VALUES (14, 256);
INSERT INTO LanguageRel VALUES (14, 260);
INSERT INTO LanguageRel VALUES (14, 272);
INSERT INTO LanguageRel VALUES (14, 274);
INSERT INTO LanguageRel VALUES (14, 275);
INSERT INTO LanguageRel VALUES (14, 288);
INSERT INTO LanguageRel VALUES (14, 308);
INSERT INTO LanguageRel VALUES (14, 326);
INSERT INTO LanguageRel VALUES (14, 346);
INSERT INTO LanguageRel VALUES (14, 359);
INSERT INTO LanguageRel VALUES (14, 363);
INSERT INTO LanguageRel VALUES (14, 387);
INSERT INTO LanguageRel VALUES (14, 389);
INSERT INTO LanguageRel VALUES (14, 399);
INSERT INTO LanguageRel VALUES (14, 402);
INSERT INTO LanguageRel VALUES (14, 404);
INSERT INTO LanguageRel VALUES (14, 407);
INSERT INTO LanguageRel VALUES (14, 410);
INSERT INTO LanguageRel VALUES (14, 411);
INSERT INTO LanguageRel VALUES (14, 431);
INSERT INTO LanguageRel VALUES (14, 440);
INSERT INTO LanguageRel VALUES (14, 444);
INSERT INTO LanguageRel VALUES (14, 450);
INSERT INTO LanguageRel VALUES (14, 453);
INSERT INTO LanguageRel VALUES (14, 470);
INSERT INTO LanguageRel VALUES (14, 485);
INSERT INTO LanguageRel VALUES (14, 497);
INSERT INTO LanguageRel VALUES (14, 499);
INSERT INTO LanguageRel VALUES (14, 505);
INSERT INTO LanguageRel VALUES (14, 508);
INSERT INTO LanguageRel VALUES (14, 510);
INSERT INTO LanguageRel VALUES (14, 526);
INSERT INTO LanguageRel VALUES (14, 528);
INSERT INTO LanguageRel VALUES (14, 531);
INSERT INTO LanguageRel VALUES (14, 533);
INSERT INTO LanguageRel VALUES (14, 535);
INSERT INTO LanguageRel VALUES (14, 544);
INSERT INTO LanguageRel VALUES (14, 551);
INSERT INTO LanguageRel VALUES (14, 559);
INSERT INTO LanguageRel VALUES (14, 563);
INSERT INTO LanguageRel VALUES (14, 580);
INSERT INTO LanguageRel VALUES (14, 583);
INSERT INTO LanguageRel VALUES (14, 593);
INSERT INTO LanguageRel VALUES (14, 707);
INSERT INTO LanguageRel VALUES (14, 711);
INSERT INTO LanguageRel VALUES (14, 712);
INSERT INTO LanguageRel VALUES (14, 714);
INSERT INTO LanguageRel VALUES (14, 717);
INSERT INTO LanguageRel VALUES (14, 722);
INSERT INTO LanguageRel VALUES (14, 726);
INSERT INTO LanguageRel VALUES (14, 728);
INSERT INTO LanguageRel VALUES (14, 730);
INSERT INTO LanguageRel VALUES (14, 732);
INSERT INTO LanguageRel VALUES (14, 735);
INSERT INTO LanguageRel VALUES (14, 746);
INSERT INTO LanguageRel VALUES (14, 756);
INSERT INTO LanguageRel VALUES (14, 764);
INSERT INTO LanguageRel VALUES (14, 770);
INSERT INTO LanguageRel VALUES (14, 773);
INSERT INTO LanguageRel VALUES (14, 778);
INSERT INTO LanguageRel VALUES (14, 780);
INSERT INTO LanguageRel VALUES (14, 785);
INSERT INTO LanguageRel VALUES (14, 789);
INSERT INTO LanguageRel VALUES (14, 795);
INSERT INTO LanguageRel VALUES (14, 800);
INSERT INTO LanguageRel VALUES (14, 833);
INSERT INTO LanguageRel VALUES (14, 839);
INSERT INTO LanguageRel VALUES (14, 857);
INSERT INTO LanguageRel VALUES (14, 899);
INSERT INTO LanguageRel VALUES (14, 920);
INSERT INTO LanguageRel VALUES (14, 938);
INSERT INTO LanguageRel VALUES (14, 971);
INSERT INTO LanguageRel VALUES (14, 989);
INSERT INTO LanguageRel VALUES (14, 1004);
INSERT INTO LanguageRel VALUES (14, 1055);
INSERT INTO LanguageRel VALUES (14, 1079);
INSERT INTO LanguageRel VALUES (14, 1109);
INSERT INTO LanguageRel VALUES (15, 21);
INSERT INTO LanguageRel VALUES (15, 25);
INSERT INTO LanguageRel VALUES (15, 30);
INSERT INTO LanguageRel VALUES (15, 35);
INSERT INTO LanguageRel VALUES (15, 61);
INSERT INTO LanguageRel VALUES (15, 78);
INSERT INTO LanguageRel VALUES (15, 84);
INSERT INTO LanguageRel VALUES (15, 93);
INSERT INTO LanguageRel VALUES (15, 115);
INSERT INTO LanguageRel VALUES (15, 123);
INSERT INTO LanguageRel VALUES (15, 130);
INSERT INTO LanguageRel VALUES (15, 133);
INSERT INTO LanguageRel VALUES (15, 145);
INSERT INTO LanguageRel VALUES (15, 148);
INSERT INTO LanguageRel VALUES (15, 152);
INSERT INTO LanguageRel VALUES (15, 160);
INSERT INTO LanguageRel VALUES (15, 163);
INSERT INTO LanguageRel VALUES (15, 164);
INSERT INTO LanguageRel VALUES (15, 168);
INSERT INTO LanguageRel VALUES (15, 173);
INSERT INTO LanguageRel VALUES (15, 188);
INSERT INTO LanguageRel VALUES (15, 189);
INSERT INTO LanguageRel VALUES (15, 202);
INSERT INTO LanguageRel VALUES (15, 219);
INSERT INTO LanguageRel VALUES (15, 221);
INSERT INTO LanguageRel VALUES (15, 223);
INSERT INTO LanguageRel VALUES (15, 226);
INSERT INTO LanguageRel VALUES (15, 229);
INSERT INTO LanguageRel VALUES (15, 256);
INSERT INTO LanguageRel VALUES (15, 257);
INSERT INTO LanguageRel VALUES (15, 258);
INSERT INTO LanguageRel VALUES (15, 266);
INSERT INTO LanguageRel VALUES (15, 271);
INSERT INTO LanguageRel VALUES (15, 284);
INSERT INTO LanguageRel VALUES (15, 297);
INSERT INTO LanguageRel VALUES (15, 299);
INSERT INTO LanguageRel VALUES (15, 309);
INSERT INTO LanguageRel VALUES (15, 324);
INSERT INTO LanguageRel VALUES (15, 327);
INSERT INTO LanguageRel VALUES (15, 329);
INSERT INTO LanguageRel VALUES (15, 339);
INSERT INTO LanguageRel VALUES (15, 350);
INSERT INTO LanguageRel VALUES (15, 351);
INSERT INTO LanguageRel VALUES (15, 352);
INSERT INTO LanguageRel VALUES (15, 358);
INSERT INTO LanguageRel VALUES (15, 362);
INSERT INTO LanguageRel VALUES (15, 364);
INSERT INTO LanguageRel VALUES (15, 374);
INSERT INTO LanguageRel VALUES (15, 375);
INSERT INTO LanguageRel VALUES (15, 378);
INSERT INTO LanguageRel VALUES (15, 381);
INSERT INTO LanguageRel VALUES (15, 382);
INSERT INTO LanguageRel VALUES (15, 385);
INSERT INTO LanguageRel VALUES (15, 397);
INSERT INTO LanguageRel VALUES (15, 402);
INSERT INTO LanguageRel VALUES (16, 404);
INSERT INTO LanguageRel VALUES (15, 409);
INSERT INTO LanguageRel VALUES (15, 414);
INSERT INTO LanguageRel VALUES (15, 415);
INSERT INTO LanguageRel VALUES (15, 417);
INSERT INTO LanguageRel VALUES (15, 428);
INSERT INTO LanguageRel VALUES (15, 444);
INSERT INTO LanguageRel VALUES (15, 450);
INSERT INTO LanguageRel VALUES (15, 455);
INSERT INTO LanguageRel VALUES (15, 476);
INSERT INTO LanguageRel VALUES (15, 488);
INSERT INTO LanguageRel VALUES (15, 498);
INSERT INTO LanguageRel VALUES (15, 501);
INSERT INTO LanguageRel VALUES (15, 524);
INSERT INTO LanguageRel VALUES (15, 549);
INSERT INTO LanguageRel VALUES (15, 550);
INSERT INTO LanguageRel VALUES (15, 565);
INSERT INTO LanguageRel VALUES (15, 588);
INSERT INTO LanguageRel VALUES (15, 594);
INSERT INTO LanguageRel VALUES (15, 599);
INSERT INTO LanguageRel VALUES (15, 600);
INSERT INTO LanguageRel VALUES (15, 709);
INSERT INTO LanguageRel VALUES (15, 715);
INSERT INTO LanguageRel VALUES (15, 717);
INSERT INTO LanguageRel VALUES (15, 733);
INSERT INTO LanguageRel VALUES (15, 746);
INSERT INTO LanguageRel VALUES (15, 748);
INSERT INTO LanguageRel VALUES (15, 759);
INSERT INTO LanguageRel VALUES (15, 765);
INSERT INTO LanguageRel VALUES (20, 766);
INSERT INTO LanguageRel VALUES (15, 776);
INSERT INTO LanguageRel VALUES (15, 785);
INSERT INTO LanguageRel VALUES (15, 789);
INSERT INTO LanguageRel VALUES (15, 792);
INSERT INTO LanguageRel VALUES (15, 827);
INSERT INTO LanguageRel VALUES (15, 860);
INSERT INTO LanguageRel VALUES (15, 872);
INSERT INTO LanguageRel VALUES (15, 875);
INSERT INTO LanguageRel VALUES (15, 884);
INSERT INTO LanguageRel VALUES (15, 899);
INSERT INTO LanguageRel VALUES (15, 914);
INSERT INTO LanguageRel VALUES (15, 950);
INSERT INTO LanguageRel VALUES (15, 962);
INSERT INTO LanguageRel VALUES (15, 980);
INSERT INTO LanguageRel VALUES (15, 983);
INSERT INTO LanguageRel VALUES (15, 1010);
INSERT INTO LanguageRel VALUES (15, 1022);
INSERT INTO LanguageRel VALUES (15, 1058);
INSERT INTO LanguageRel VALUES (15, 1076);
INSERT INTO LanguageRel VALUES (15, 1097);
INSERT INTO LanguageRel VALUES (15, 1100);
INSERT INTO LanguageRel VALUES (16, 24);
INSERT INTO LanguageRel VALUES (16, 48);
INSERT INTO LanguageRel VALUES (16, 50);
INSERT INTO LanguageRel VALUES (16, 89);
INSERT INTO LanguageRel VALUES (16, 101);
INSERT INTO LanguageRel VALUES (16, 104);
INSERT INTO LanguageRel VALUES (16, 127);
INSERT INTO LanguageRel VALUES (16, 136);
INSERT INTO LanguageRel VALUES (16, 140);
INSERT INTO LanguageRel VALUES (16, 145);
INSERT INTO LanguageRel VALUES (16, 150);
INSERT INTO LanguageRel VALUES (16, 161);
INSERT INTO LanguageRel VALUES (16, 164);
INSERT INTO LanguageRel VALUES (16, 169);
INSERT INTO LanguageRel VALUES (16, 180);
INSERT INTO LanguageRel VALUES (16, 192);
INSERT INTO LanguageRel VALUES (16, 193);
INSERT INTO LanguageRel VALUES (16, 212);
INSERT INTO LanguageRel VALUES (16, 248);
INSERT INTO LanguageRel VALUES (16, 257);
INSERT INTO LanguageRel VALUES (16, 261);
INSERT INTO LanguageRel VALUES (16, 262);
INSERT INTO LanguageRel VALUES (16, 297);
INSERT INTO LanguageRel VALUES (16, 315);
INSERT INTO LanguageRel VALUES (16, 324);
INSERT INTO LanguageRel VALUES (16, 327);
INSERT INTO LanguageRel VALUES (16, 351);
INSERT INTO LanguageRel VALUES (16, 352);
INSERT INTO LanguageRel VALUES (16, 365);
INSERT INTO LanguageRel VALUES (16, 367);
INSERT INTO LanguageRel VALUES (16, 370);
INSERT INTO LanguageRel VALUES (16, 395);
INSERT INTO LanguageRel VALUES (16, 397);
INSERT INTO LanguageRel VALUES (16, 408);
INSERT INTO LanguageRel VALUES (16, 409);
INSERT INTO LanguageRel VALUES (16, 414);
INSERT INTO LanguageRel VALUES (16, 422);
INSERT INTO LanguageRel VALUES (16, 429);
INSERT INTO LanguageRel VALUES (16, 431);
INSERT INTO LanguageRel VALUES (16, 457);
INSERT INTO LanguageRel VALUES (16, 464);
INSERT INTO LanguageRel VALUES (16, 467);
INSERT INTO LanguageRel VALUES (16, 470);
INSERT INTO LanguageRel VALUES (16, 481);
INSERT INTO LanguageRel VALUES (16, 494);
INSERT INTO LanguageRel VALUES (16, 501);
INSERT INTO LanguageRel VALUES (16, 511);
INSERT INTO LanguageRel VALUES (16, 516);
INSERT INTO LanguageRel VALUES (16, 520);
INSERT INTO LanguageRel VALUES (16, 526);
INSERT INTO LanguageRel VALUES (16, 528);
INSERT INTO LanguageRel VALUES (16, 541);
INSERT INTO LanguageRel VALUES (16, 547);
INSERT INTO LanguageRel VALUES (16, 551);
INSERT INTO LanguageRel VALUES (16, 561);
INSERT INTO LanguageRel VALUES (16, 563);
INSERT INTO LanguageRel VALUES (16, 598);
INSERT INTO LanguageRel VALUES (16, 604);
INSERT INTO LanguageRel VALUES (16, 700);
INSERT INTO LanguageRel VALUES (16, 706);
INSERT INTO LanguageRel VALUES (16, 729);
INSERT INTO LanguageRel VALUES (16, 744);
INSERT INTO LanguageRel VALUES (16, 749);
INSERT INTO LanguageRel VALUES (16, 759);
INSERT INTO LanguageRel VALUES (16, 771);
INSERT INTO LanguageRel VALUES (16, 780);
INSERT INTO LanguageRel VALUES (16, 782);
INSERT INTO LanguageRel VALUES (16, 787);
INSERT INTO LanguageRel VALUES (16, 793);
INSERT INTO LanguageRel VALUES (16, 809);
INSERT INTO LanguageRel VALUES (16, 857);
INSERT INTO LanguageRel VALUES (16, 872);
INSERT INTO LanguageRel VALUES (16, 917);
INSERT INTO LanguageRel VALUES (16, 956);
INSERT INTO LanguageRel VALUES (16, 959);
INSERT INTO LanguageRel VALUES (16, 974);
INSERT INTO LanguageRel VALUES (16, 992);
INSERT INTO LanguageRel VALUES (16, 998);
INSERT INTO LanguageRel VALUES (16, 1010);
INSERT INTO LanguageRel VALUES (16, 1013);
INSERT INTO LanguageRel VALUES (16, 1022);
INSERT INTO LanguageRel VALUES (16, 1040);
INSERT INTO LanguageRel VALUES (16, 1055);
INSERT INTO LanguageRel VALUES (16, 1058);
INSERT INTO LanguageRel VALUES (16, 1073);
INSERT INTO LanguageRel VALUES (16, 1088);
INSERT INTO LanguageRel VALUES (16, 1097);
INSERT INTO LanguageRel VALUES (16, 1106);
INSERT INTO LanguageRel VALUES (17, 12);
INSERT INTO LanguageRel VALUES (17, 20);
INSERT INTO LanguageRel VALUES (17, 22);
INSERT INTO LanguageRel VALUES (17, 30);
INSERT INTO LanguageRel VALUES (17, 31);
INSERT INTO LanguageRel VALUES (17, 39);
INSERT INTO LanguageRel VALUES (17, 55);
INSERT INTO LanguageRel VALUES (17, 59);
INSERT INTO LanguageRel VALUES (17, 90);
INSERT INTO LanguageRel VALUES (17, 99);
INSERT INTO LanguageRel VALUES (17, 112);
INSERT INTO LanguageRel VALUES (17, 123);
INSERT INTO LanguageRel VALUES (17, 126);
INSERT INTO LanguageRel VALUES (17, 148);
INSERT INTO LanguageRel VALUES (17, 149);
INSERT INTO LanguageRel VALUES (17, 164);
INSERT INTO LanguageRel VALUES (17, 168);
INSERT INTO LanguageRel VALUES (17, 172);
INSERT INTO LanguageRel VALUES (17, 174);
INSERT INTO LanguageRel VALUES (17, 177);
INSERT INTO LanguageRel VALUES (17, 180);
INSERT INTO LanguageRel VALUES (17, 190);
INSERT INTO LanguageRel VALUES (17, 198);
INSERT INTO LanguageRel VALUES (17, 201);
INSERT INTO LanguageRel VALUES (17, 230);
INSERT INTO LanguageRel VALUES (17, 239);
INSERT INTO LanguageRel VALUES (17, 245);
INSERT INTO LanguageRel VALUES (17, 246);
INSERT INTO LanguageRel VALUES (17, 257);
INSERT INTO LanguageRel VALUES (17, 262);
INSERT INTO LanguageRel VALUES (17, 276);
INSERT INTO LanguageRel VALUES (17, 286);
INSERT INTO LanguageRel VALUES (17, 306);
INSERT INTO LanguageRel VALUES (17, 311);
INSERT INTO LanguageRel VALUES (17, 312);
INSERT INTO LanguageRel VALUES (17, 317);
INSERT INTO LanguageRel VALUES (17, 324);
INSERT INTO LanguageRel VALUES (17, 332);
INSERT INTO LanguageRel VALUES (17, 336);
INSERT INTO LanguageRel VALUES (17, 342);
INSERT INTO LanguageRel VALUES (17, 352);
INSERT INTO LanguageRel VALUES (17, 355);
INSERT INTO LanguageRel VALUES (17, 365);
INSERT INTO LanguageRel VALUES (17, 379);
INSERT INTO LanguageRel VALUES (17, 399);
INSERT INTO LanguageRel VALUES (17, 404);
INSERT INTO LanguageRel VALUES (17, 418);
INSERT INTO LanguageRel VALUES (17, 419);
INSERT INTO LanguageRel VALUES (17, 423);
INSERT INTO LanguageRel VALUES (17, 427);
INSERT INTO LanguageRel VALUES (17, 429);
INSERT INTO LanguageRel VALUES (17, 448);
INSERT INTO LanguageRel VALUES (17, 449);
INSERT INTO LanguageRel VALUES (17, 454);
INSERT INTO LanguageRel VALUES (17, 463);
INSERT INTO LanguageRel VALUES (17, 467);
INSERT INTO LanguageRel VALUES (17, 469);
INSERT INTO LanguageRel VALUES (17, 474);
INSERT INTO LanguageRel VALUES (17, 496);
INSERT INTO LanguageRel VALUES (17, 497);
INSERT INTO LanguageRel VALUES (17, 503);
INSERT INTO LanguageRel VALUES (17, 508);
INSERT INTO LanguageRel VALUES (17, 511);
INSERT INTO LanguageRel VALUES (17, 517);
INSERT INTO LanguageRel VALUES (17, 520);
INSERT INTO LanguageRel VALUES (17, 537);
INSERT INTO LanguageRel VALUES (17, 538);
INSERT INTO LanguageRel VALUES (17, 539);
INSERT INTO LanguageRel VALUES (17, 545);
INSERT INTO LanguageRel VALUES (17, 598);
INSERT INTO LanguageRel VALUES (17, 600);
INSERT INTO LanguageRel VALUES (17, 602);
INSERT INTO LanguageRel VALUES (17, 700);
INSERT INTO LanguageRel VALUES (17, 716);
INSERT INTO LanguageRel VALUES (17, 725);
INSERT INTO LanguageRel VALUES (17, 730);
INSERT INTO LanguageRel VALUES (17, 732);
INSERT INTO LanguageRel VALUES (17, 733);
INSERT INTO LanguageRel VALUES (17, 734);
INSERT INTO LanguageRel VALUES (17, 752);
INSERT INTO LanguageRel VALUES (17, 754);
INSERT INTO LanguageRel VALUES (17, 757);
INSERT INTO LanguageRel VALUES (17, 761);
INSERT INTO LanguageRel VALUES (17, 783);
INSERT INTO LanguageRel VALUES (17, 794);
INSERT INTO LanguageRel VALUES (17, 803);
INSERT INTO LanguageRel VALUES (17, 815);
INSERT INTO LanguageRel VALUES (17, 845);
INSERT INTO LanguageRel VALUES (17, 857);
INSERT INTO LanguageRel VALUES (17, 860);
INSERT INTO LanguageRel VALUES (17, 947);
INSERT INTO LanguageRel VALUES (17, 950);
INSERT INTO LanguageRel VALUES (17, 959);
INSERT INTO LanguageRel VALUES (17, 965);
INSERT INTO LanguageRel VALUES (17, 992);
INSERT INTO LanguageRel VALUES (17, 998);
INSERT INTO LanguageRel VALUES (17, 1025);
INSERT INTO LanguageRel VALUES (17, 1028);
INSERT INTO LanguageRel VALUES (17, 1031);
INSERT INTO LanguageRel VALUES (17, 1052);
INSERT INTO LanguageRel VALUES (17, 1055);
INSERT INTO LanguageRel VALUES (17, 1091);
INSERT INTO LanguageRel VALUES (18, 3);
INSERT INTO LanguageRel VALUES (18, 22);
INSERT INTO LanguageRel VALUES (18, 35);
INSERT INTO LanguageRel VALUES (18, 43);
INSERT INTO LanguageRel VALUES (18, 56);
INSERT INTO LanguageRel VALUES (18, 71);
INSERT INTO LanguageRel VALUES (18, 76);
INSERT INTO LanguageRel VALUES (18, 81);
INSERT INTO LanguageRel VALUES (18, 88);
INSERT INTO LanguageRel VALUES (18, 95);
INSERT INTO LanguageRel VALUES (18, 96);
INSERT INTO LanguageRel VALUES (18, 104);
INSERT INTO LanguageRel VALUES (18, 108);
INSERT INTO LanguageRel VALUES (18, 113);
INSERT INTO LanguageRel VALUES (18, 121);
INSERT INTO LanguageRel VALUES (18, 124);
INSERT INTO LanguageRel VALUES (18, 146);
INSERT INTO LanguageRel VALUES (18, 148);
INSERT INTO LanguageRel VALUES (18, 151);
INSERT INTO LanguageRel VALUES (18, 152);
INSERT INTO LanguageRel VALUES (18, 167);
INSERT INTO LanguageRel VALUES (18, 170);
INSERT INTO LanguageRel VALUES (18, 172);
INSERT INTO LanguageRel VALUES (18, 174);
INSERT INTO LanguageRel VALUES (18, 181);
INSERT INTO LanguageRel VALUES (18, 186);
INSERT INTO LanguageRel VALUES (18, 188);
INSERT INTO LanguageRel VALUES (18, 202);
INSERT INTO LanguageRel VALUES (18, 232);
INSERT INTO LanguageRel VALUES (18, 233);
INSERT INTO LanguageRel VALUES (18, 239);
INSERT INTO LanguageRel VALUES (18, 243);
INSERT INTO LanguageRel VALUES (18, 250);
INSERT INTO LanguageRel VALUES (18, 278);
INSERT INTO LanguageRel VALUES (18, 285);
INSERT INTO LanguageRel VALUES (18, 302);
INSERT INTO LanguageRel VALUES (18, 303);
INSERT INTO LanguageRel VALUES (18, 306);
INSERT INTO LanguageRel VALUES (18, 308);
INSERT INTO LanguageRel VALUES (18, 320);
INSERT INTO LanguageRel VALUES (18, 323);
INSERT INTO LanguageRel VALUES (18, 330);
INSERT INTO LanguageRel VALUES (18, 335);
INSERT INTO LanguageRel VALUES (18, 350);
INSERT INTO LanguageRel VALUES (18, 352);
INSERT INTO LanguageRel VALUES (18, 353);
INSERT INTO LanguageRel VALUES (18, 361);
INSERT INTO LanguageRel VALUES (18, 373);
INSERT INTO LanguageRel VALUES (18, 375);
INSERT INTO LanguageRel VALUES (18, 377);
INSERT INTO LanguageRel VALUES (18, 393);
INSERT INTO LanguageRel VALUES (18, 408);
INSERT INTO LanguageRel VALUES (18, 436);
INSERT INTO LanguageRel VALUES (18, 440);
INSERT INTO LanguageRel VALUES (18, 441);
INSERT INTO LanguageRel VALUES (18, 448);
INSERT INTO LanguageRel VALUES (18, 450);
INSERT INTO LanguageRel VALUES (18, 457);
INSERT INTO LanguageRel VALUES (18, 462);
INSERT INTO LanguageRel VALUES (18, 463);
INSERT INTO LanguageRel VALUES (18, 481);
INSERT INTO LanguageRel VALUES (18, 498);
INSERT INTO LanguageRel VALUES (18, 508);
INSERT INTO LanguageRel VALUES (18, 513);
INSERT INTO LanguageRel VALUES (18, 520);
INSERT INTO LanguageRel VALUES (18, 525);
INSERT INTO LanguageRel VALUES (18, 529);
INSERT INTO LanguageRel VALUES (18, 535);
INSERT INTO LanguageRel VALUES (18, 537);
INSERT INTO LanguageRel VALUES (18, 540);
INSERT INTO LanguageRel VALUES (18, 542);
INSERT INTO LanguageRel VALUES (18, 545);
INSERT INTO LanguageRel VALUES (18, 555);
INSERT INTO LanguageRel VALUES (18, 559);
INSERT INTO LanguageRel VALUES (18, 560);
INSERT INTO LanguageRel VALUES (18, 572);
INSERT INTO LanguageRel VALUES (18, 577);
INSERT INTO LanguageRel VALUES (18, 585);
INSERT INTO LanguageRel VALUES (18, 591);
INSERT INTO LanguageRel VALUES (18, 606);
INSERT INTO LanguageRel VALUES (18, 701);
INSERT INTO LanguageRel VALUES (18, 704);
INSERT INTO LanguageRel VALUES (18, 714);
INSERT INTO LanguageRel VALUES (18, 715);
INSERT INTO LanguageRel VALUES (18, 727);
INSERT INTO LanguageRel VALUES (18, 733);
INSERT INTO LanguageRel VALUES (18, 734);
INSERT INTO LanguageRel VALUES (18, 741);
INSERT INTO LanguageRel VALUES (18, 742);
INSERT INTO LanguageRel VALUES (18, 743);
INSERT INTO LanguageRel VALUES (18, 754);
INSERT INTO LanguageRel VALUES (18, 757);
INSERT INTO LanguageRel VALUES (18, 760);
INSERT INTO LanguageRel VALUES (18, 773);
INSERT INTO LanguageRel VALUES (18, 786);
INSERT INTO LanguageRel VALUES (18, 815);
INSERT INTO LanguageRel VALUES (18, 836);
INSERT INTO LanguageRel VALUES (18, 839);
INSERT INTO LanguageRel VALUES (18, 884);
INSERT INTO LanguageRel VALUES (18, 902);
INSERT INTO LanguageRel VALUES (18, 911);
INSERT INTO LanguageRel VALUES (18, 914);
INSERT INTO LanguageRel VALUES (18, 929);
INSERT INTO LanguageRel VALUES (18, 956);
INSERT INTO LanguageRel VALUES (18, 992);
INSERT INTO LanguageRel VALUES (18, 1040);
INSERT INTO LanguageRel VALUES (18, 1079);
INSERT INTO LanguageRel VALUES (18, 1085);
INSERT INTO LanguageRel VALUES (19, 7);
INSERT INTO LanguageRel VALUES (19, 33);
INSERT INTO LanguageRel VALUES (19, 50);
INSERT INTO LanguageRel VALUES (19, 71);
INSERT INTO LanguageRel VALUES (19, 76);
INSERT INTO LanguageRel VALUES (19, 81);
INSERT INTO LanguageRel VALUES (19, 84);
INSERT INTO LanguageRel VALUES (19, 91);
INSERT INTO LanguageRel VALUES (19, 107);
INSERT INTO LanguageRel VALUES (19, 112);
INSERT INTO LanguageRel VALUES (19, 125);
INSERT INTO LanguageRel VALUES (19, 127);
INSERT INTO LanguageRel VALUES (19, 132);
INSERT INTO LanguageRel VALUES (19, 133);
INSERT INTO LanguageRel VALUES (19, 161);
INSERT INTO LanguageRel VALUES (19, 167);
INSERT INTO LanguageRel VALUES (19, 183);
INSERT INTO LanguageRel VALUES (19, 191);
INSERT INTO LanguageRel VALUES (19, 192);
INSERT INTO LanguageRel VALUES (19, 200);
INSERT INTO LanguageRel VALUES (19, 217);
INSERT INTO LanguageRel VALUES (19, 221);
INSERT INTO LanguageRel VALUES (19, 232);
INSERT INTO LanguageRel VALUES (19, 233);
INSERT INTO LanguageRel VALUES (19, 252);
INSERT INTO LanguageRel VALUES (19, 254);
INSERT INTO LanguageRel VALUES (19, 266);
INSERT INTO LanguageRel VALUES (19, 283);
INSERT INTO LanguageRel VALUES (19, 284);
INSERT INTO LanguageRel VALUES (19, 287);
INSERT INTO LanguageRel VALUES (19, 307);
INSERT INTO LanguageRel VALUES (19, 323);
INSERT INTO LanguageRel VALUES (19, 328);
INSERT INTO LanguageRel VALUES (19, 332);
INSERT INTO LanguageRel VALUES (19, 339);
INSERT INTO LanguageRel VALUES (19, 343);
INSERT INTO LanguageRel VALUES (19, 355);
INSERT INTO LanguageRel VALUES (19, 360);
INSERT INTO LanguageRel VALUES (19, 370);
INSERT INTO LanguageRel VALUES (19, 386);
INSERT INTO LanguageRel VALUES (19, 403);
INSERT INTO LanguageRel VALUES (19, 405);
INSERT INTO LanguageRel VALUES (19, 410);
INSERT INTO LanguageRel VALUES (19, 418);
INSERT INTO LanguageRel VALUES (19, 421);
INSERT INTO LanguageRel VALUES (19, 422);
INSERT INTO LanguageRel VALUES (19, 428);
INSERT INTO LanguageRel VALUES (19, 446);
INSERT INTO LanguageRel VALUES (19, 451);
INSERT INTO LanguageRel VALUES (19, 458);
INSERT INTO LanguageRel VALUES (19, 459);
INSERT INTO LanguageRel VALUES (19, 466);
INSERT INTO LanguageRel VALUES (19, 469);
INSERT INTO LanguageRel VALUES (19, 475);
INSERT INTO LanguageRel VALUES (19, 476);
INSERT INTO LanguageRel VALUES (19, 482);
INSERT INTO LanguageRel VALUES (19, 484);
INSERT INTO LanguageRel VALUES (19, 485);
INSERT INTO LanguageRel VALUES (19, 501);
INSERT INTO LanguageRel VALUES (19, 512);
INSERT INTO LanguageRel VALUES (19, 518);
INSERT INTO LanguageRel VALUES (19, 521);
INSERT INTO LanguageRel VALUES (19, 532);
INSERT INTO LanguageRel VALUES (19, 538);
INSERT INTO LanguageRel VALUES (19, 539);
INSERT INTO LanguageRel VALUES (19, 541);
INSERT INTO LanguageRel VALUES (19, 544);
INSERT INTO LanguageRel VALUES (19, 546);
INSERT INTO LanguageRel VALUES (19, 561);
INSERT INTO LanguageRel VALUES (19, 589);
INSERT INTO LanguageRel VALUES (19, 601);
INSERT INTO LanguageRel VALUES (19, 606);
INSERT INTO LanguageRel VALUES (19, 700);
INSERT INTO LanguageRel VALUES (19, 717);
INSERT INTO LanguageRel VALUES (19, 731);
INSERT INTO LanguageRel VALUES (19, 733);
INSERT INTO LanguageRel VALUES (19, 737);
INSERT INTO LanguageRel VALUES (19, 738);
INSERT INTO LanguageRel VALUES (19, 740);
INSERT INTO LanguageRel VALUES (19, 745);
INSERT INTO LanguageRel VALUES (19, 747);
INSERT INTO LanguageRel VALUES (19, 760);
INSERT INTO LanguageRel VALUES (19, 762);
INSERT INTO LanguageRel VALUES (19, 772);
INSERT INTO LanguageRel VALUES (19, 779);
INSERT INTO LanguageRel VALUES (19, 780);
INSERT INTO LanguageRel VALUES (19, 786);
INSERT INTO LanguageRel VALUES (19, 790);
INSERT INTO LanguageRel VALUES (19, 818);
INSERT INTO LanguageRel VALUES (19, 821);
INSERT INTO LanguageRel VALUES (19, 839);
INSERT INTO LanguageRel VALUES (19, 866);
INSERT INTO LanguageRel VALUES (19, 884);
INSERT INTO LanguageRel VALUES (19, 896);
INSERT INTO LanguageRel VALUES (19, 908);
INSERT INTO LanguageRel VALUES (19, 911);
INSERT INTO LanguageRel VALUES (19, 914);
INSERT INTO LanguageRel VALUES (19, 932);
INSERT INTO LanguageRel VALUES (19, 935);
INSERT INTO LanguageRel VALUES (19, 941);
INSERT INTO LanguageRel VALUES (19, 947);
INSERT INTO LanguageRel VALUES (19, 956);
INSERT INTO LanguageRel VALUES (19, 959);
INSERT INTO LanguageRel VALUES (19, 992);
INSERT INTO LanguageRel VALUES (19, 998);
INSERT INTO LanguageRel VALUES (19, 1010);
INSERT INTO LanguageRel VALUES (19, 1025);
INSERT INTO LanguageRel VALUES (19, 1034);
INSERT INTO LanguageRel VALUES (19, 1097);
INSERT INTO LanguageRel VALUES (19, 1103);
INSERT INTO LanguageRel VALUES (20, 7);
INSERT INTO LanguageRel VALUES (20, 20);
INSERT INTO LanguageRel VALUES (20, 43);
INSERT INTO LanguageRel VALUES (20, 49);
INSERT INTO LanguageRel VALUES (20, 50);
INSERT INTO LanguageRel VALUES (20, 78);
INSERT INTO LanguageRel VALUES (20, 84);
INSERT INTO LanguageRel VALUES (20, 85);
INSERT INTO LanguageRel VALUES (20, 92);
INSERT INTO LanguageRel VALUES (20, 104);
INSERT INTO LanguageRel VALUES (20, 131);
INSERT INTO LanguageRel VALUES (20, 149);
INSERT INTO LanguageRel VALUES (20, 175);
INSERT INTO LanguageRel VALUES (20, 178);
INSERT INTO LanguageRel VALUES (20, 180);
INSERT INTO LanguageRel VALUES (20, 182);
INSERT INTO LanguageRel VALUES (20, 188);
INSERT INTO LanguageRel VALUES (20, 191);
INSERT INTO LanguageRel VALUES (20, 200);
INSERT INTO LanguageRel VALUES (20, 201);
INSERT INTO LanguageRel VALUES (20, 220);
INSERT INTO LanguageRel VALUES (20, 221);
INSERT INTO LanguageRel VALUES (20, 236);
INSERT INTO LanguageRel VALUES (20, 237);
INSERT INTO LanguageRel VALUES (20, 238);
INSERT INTO LanguageRel VALUES (20, 240);
INSERT INTO LanguageRel VALUES (20, 245);
INSERT INTO LanguageRel VALUES (20, 254);
INSERT INTO LanguageRel VALUES (20, 257);
INSERT INTO LanguageRel VALUES (20, 271);
INSERT INTO LanguageRel VALUES (20, 272);
INSERT INTO LanguageRel VALUES (20, 283);
INSERT INTO LanguageRel VALUES (20, 288);
INSERT INTO LanguageRel VALUES (20, 320);
INSERT INTO LanguageRel VALUES (20, 326);
INSERT INTO LanguageRel VALUES (20, 330);
INSERT INTO LanguageRel VALUES (20, 345);
INSERT INTO LanguageRel VALUES (20, 353);
INSERT INTO LanguageRel VALUES (20, 395);
INSERT INTO LanguageRel VALUES (20, 403);
INSERT INTO LanguageRel VALUES (20, 411);
INSERT INTO LanguageRel VALUES (20, 414);
INSERT INTO LanguageRel VALUES (20, 420);
INSERT INTO LanguageRel VALUES (20, 429);
INSERT INTO LanguageRel VALUES (20, 432);
INSERT INTO LanguageRel VALUES (20, 440);
INSERT INTO LanguageRel VALUES (20, 444);
INSERT INTO LanguageRel VALUES (20, 449);
INSERT INTO LanguageRel VALUES (20, 452);
INSERT INTO LanguageRel VALUES (20, 466);
INSERT INTO LanguageRel VALUES (20, 472);
INSERT INTO LanguageRel VALUES (20, 488);
INSERT INTO LanguageRel VALUES (20, 491);
INSERT INTO LanguageRel VALUES (20, 501);
INSERT INTO LanguageRel VALUES (20, 511);
INSERT INTO LanguageRel VALUES (20, 512);
INSERT INTO LanguageRel VALUES (20, 530);
INSERT INTO LanguageRel VALUES (20, 536);
INSERT INTO LanguageRel VALUES (20, 538);
INSERT INTO LanguageRel VALUES (20, 540);
INSERT INTO LanguageRel VALUES (20, 541);
INSERT INTO LanguageRel VALUES (20, 555);
INSERT INTO LanguageRel VALUES (20, 556);
INSERT INTO LanguageRel VALUES (20, 581);
INSERT INTO LanguageRel VALUES (20, 582);
INSERT INTO LanguageRel VALUES (20, 583);
INSERT INTO LanguageRel VALUES (20, 601);
INSERT INTO LanguageRel VALUES (20, 701);
INSERT INTO LanguageRel VALUES (20, 707);
INSERT INTO LanguageRel VALUES (20, 716);
INSERT INTO LanguageRel VALUES (20, 729);
INSERT INTO LanguageRel VALUES (20, 733);
INSERT INTO LanguageRel VALUES (20, 748);
INSERT INTO LanguageRel VALUES (20, 753);
INSERT INTO LanguageRel VALUES (20, 760);
INSERT INTO LanguageRel VALUES (20, 761);
INSERT INTO LanguageRel VALUES (20, 771);
INSERT INTO LanguageRel VALUES (20, 773);
INSERT INTO LanguageRel VALUES (20, 785);
INSERT INTO LanguageRel VALUES (20, 792);
INSERT INTO LanguageRel VALUES (20, 821);
INSERT INTO LanguageRel VALUES (20, 878);
INSERT INTO LanguageRel VALUES (20, 905);
INSERT INTO LanguageRel VALUES (20, 908);
INSERT INTO LanguageRel VALUES (20, 986);
INSERT INTO LanguageRel VALUES (20, 1007);
INSERT INTO LanguageRel VALUES (20, 1016);
INSERT INTO LanguageRel VALUES (20, 1043);
INSERT INTO LanguageRel VALUES (20, 1073);
INSERT INTO LanguageRel VALUES (20, 1085);
INSERT INTO Skill VALUES (1, 'Sniper');
INSERT INTO Skill VALUES (2, 'Demolition Expert');
INSERT INTO Skill VALUES (3, 'Driver');
INSERT INTO Skill VALUES (4, 'Computer Hacker');
INSERT INTO Skill VALUES (5, 'Communications');
INSERT INTO Skill VALUES (6, 'Electronic Engineer');
INSERT INTO Skill VALUES (7, 'Chemical Expert');
INSERT INTO Skill VALUES (8, 'Blackbelt - Karate');
INSERT INTO Skill VALUES (9, 'Cryptographer');
INSERT INTO Skill VALUES (10, 'Electronic Technicia');
INSERT INTO Skill VALUES (11, 'Biologist');
INSERT INTO Skill VALUES (12, 'Physicist');
INSERT INTO Skill VALUES (13, 'Information Technolo');
INSERT INTO Skill VALUES (14, 'Foreign Linguist');
INSERT INTO Skill VALUES (15, 'Intelligence Researc');
INSERT INTO Skill VALUES (16, 'Investigative Specia');
INSERT INTO Skill VALUES (17, 'Personnel Security S');
INSERT INTO Skill VALUES (18, 'Administrative Servi');
INSERT INTO Skill VALUES (19, 'Counterterrorism');
INSERT INTO Skill VALUES (20, 'Ethics Law Enforceme');
INSERT INTO Skill VALUES (21, 'Computer Forensics');
INSERT INTO Skill VALUES (22, 'Informant developmen');
INSERT INTO Skill VALUES (23, 'Evidence collection');
INSERT INTO Skill VALUES (24, 'Counterintelligence');
INSERT INTO Skill VALUES (25, 'Human Behavior');
INSERT INTO Skill VALUES (26, 'Constitutional Crimi');
INSERT INTO Skill VALUES (27, 'Physical Defense tac');
INSERT INTO Skill VALUES (28, 'Firearms');
INSERT INTO Skill VALUES (29, 'Logistics');
INSERT INTO Skill VALUES (30, 'Extraterrestrial Spe');
INSERT INTO Skill VALUES (31, 'DNA Forensics');
INSERT INTO Skill VALUES (32, 'Extra Sensory Percep');
INSERT INTO Skill VALUES (33, 'Smuggler');
INSERT INTO Skill VALUES (34, 'Diplomatic Specialis');
INSERT INTO Skill VALUES (35, 'Lip Reader');
INSERT INTO Skill VALUES (36, 'Speed Reader');
INSERT INTO Skill VALUES (37, 'Seduction/Sex Appeal');
INSERT INTO Skill VALUES (38, 'Charisma');
INSERT INTO Skill VALUES (39, 'Forgery');
INSERT INTO Skill VALUES (40, 'Leadership');
INSERT INTO Skill VALUES (41, 'Craftsman');
INSERT INTO Skill VALUES (42, 'Meteorology');
INSERT INTO Skill VALUES (43, 'Medicine');
INSERT INTO Skill VALUES (44, 'Calligraphy');
INSERT INTO Skill VALUES (45, 'Stenography');
INSERT INTO Skill VALUES (46, 'Torture');
INSERT INTO Skill VALUES (47, 'Theology');
INSERT INTO Skill VALUES (48, 'Pilot');
INSERT INTO Skill VALUES (49, 'Navigations Expert');
INSERT INTO Skill VALUES (50, 'Acrobatics');
INSERT INTO Skill VALUES (51, 'Financial Expert');
INSERT INTO Skill VALUES (52, 'Locksmith');
INSERT INTO Skill VALUES (53, 'Archeology');
INSERT INTO Skill VALUES (54, 'Kung Fu');
INSERT INTO Skill VALUES (55, 'VooDoo/Blackmagic');
INSERT INTO Skill VALUES (56, 'Agent Handling');
INSERT INTO Skill VALUES (57, 'Surveillance');
INSERT INTO Skill VALUES (58, 'Eavesdropping');
INSERT INTO Skill VALUES (59, 'Concealment Devices');
INSERT INTO Skill VALUES (60, 'Acounstics');
INSERT INTO Skill VALUES (61, 'Nuclear Intelligence');
INSERT INTO Skill VALUES (62, 'Radar Intelligence');
INSERT INTO Skill VALUES (63, 'Hostage retrieval');
INSERT INTO Skill VALUES (64, 'Assassination');
INSERT INTO Skill VALUES (65, 'Material Intelligenc');
INSERT INTO Skill VALUES (66, 'Interrogation');
INSERT INTO SkillRel VALUES (1, 168);
INSERT INTO SkillRel VALUES (1, 207);
INSERT INTO SkillRel VALUES (1, 543);
INSERT INTO SkillRel VALUES (2, 22);
INSERT INTO SkillRel VALUES (2, 36);
INSERT INTO SkillRel VALUES (2, 50);
INSERT INTO SkillRel VALUES (2, 101);
INSERT INTO SkillRel VALUES (2, 161);
INSERT INTO SkillRel VALUES (2, 175);
INSERT INTO SkillRel VALUES (2, 193);
INSERT INTO SkillRel VALUES (2, 204);
INSERT INTO SkillRel VALUES (2, 267);
INSERT INTO SkillRel VALUES (2, 278);
INSERT INTO SkillRel VALUES (2, 281);
INSERT INTO SkillRel VALUES (2, 312);
INSERT INTO SkillRel VALUES (2, 346);
INSERT INTO SkillRel VALUES (2, 350);
INSERT INTO SkillRel VALUES (2, 388);
INSERT INTO SkillRel VALUES (2, 517);
INSERT INTO SkillRel VALUES (2, 559);
INSERT INTO SkillRel VALUES (2, 703);
INSERT INTO SkillRel VALUES (2, 716);
INSERT INTO SkillRel VALUES (2, 723);
INSERT INTO SkillRel VALUES (2, 803);
INSERT INTO SkillRel VALUES (2, 821);
INSERT INTO SkillRel VALUES (2, 836);
INSERT INTO SkillRel VALUES (2, 1040);
INSERT INTO SkillRel VALUES (3, 4);
INSERT INTO SkillRel VALUES (3, 159);
INSERT INTO SkillRel VALUES (3, 193);
INSERT INTO SkillRel VALUES (3, 226);
INSERT INTO SkillRel VALUES (3, 277);
INSERT INTO SkillRel VALUES (3, 324);
INSERT INTO SkillRel VALUES (3, 339);
INSERT INTO SkillRel VALUES (3, 345);
INSERT INTO SkillRel VALUES (3, 362);
INSERT INTO SkillRel VALUES (3, 418);
INSERT INTO SkillRel VALUES (3, 426);
INSERT INTO SkillRel VALUES (3, 445);
INSERT INTO SkillRel VALUES (3, 451);
INSERT INTO SkillRel VALUES (3, 537);
INSERT INTO SkillRel VALUES (3, 555);
INSERT INTO SkillRel VALUES (3, 577);
INSERT INTO SkillRel VALUES (3, 581);
INSERT INTO SkillRel VALUES (3, 720);
INSERT INTO SkillRel VALUES (3, 729);
INSERT INTO SkillRel VALUES (3, 947);
INSERT INTO SkillRel VALUES (3, 983);
INSERT INTO SkillRel VALUES (3, 986);
INSERT INTO SkillRel VALUES (3, 1106);
INSERT INTO SkillRel VALUES (4, 30);
INSERT INTO SkillRel VALUES (4, 49);
INSERT INTO SkillRel VALUES (4, 72);
INSERT INTO SkillRel VALUES (4, 97);
INSERT INTO SkillRel VALUES (4, 121);
INSERT INTO SkillRel VALUES (4, 149);
INSERT INTO SkillRel VALUES (4, 178);
INSERT INTO SkillRel VALUES (4, 260);
INSERT INTO SkillRel VALUES (4, 303);
INSERT INTO SkillRel VALUES (4, 386);
INSERT INTO SkillRel VALUES (4, 398);
INSERT INTO SkillRel VALUES (4, 420);
INSERT INTO SkillRel VALUES (4, 425);
INSERT INTO SkillRel VALUES (4, 427);
INSERT INTO SkillRel VALUES (4, 442);
INSERT INTO SkillRel VALUES (4, 446);
INSERT INTO SkillRel VALUES (4, 455);
INSERT INTO SkillRel VALUES (4, 487);
INSERT INTO SkillRel VALUES (4, 500);
INSERT INTO SkillRel VALUES (4, 503);
INSERT INTO SkillRel VALUES (4, 559);
INSERT INTO SkillRel VALUES (4, 580);
INSERT INTO SkillRel VALUES (4, 581);
INSERT INTO SkillRel VALUES (4, 734);
INSERT INTO SkillRel VALUES (4, 863);
INSERT INTO SkillRel VALUES (4, 968);
INSERT INTO SkillRel VALUES (4, 1043);
INSERT INTO SkillRel VALUES (5, 35);
INSERT INTO SkillRel VALUES (5, 71);
INSERT INTO SkillRel VALUES (5, 80);
INSERT INTO SkillRel VALUES (5, 104);
INSERT INTO SkillRel VALUES (5, 134);
INSERT INTO SkillRel VALUES (5, 189);
INSERT INTO SkillRel VALUES (5, 227);
INSERT INTO SkillRel VALUES (5, 235);
INSERT INTO SkillRel VALUES (5, 313);
INSERT INTO SkillRel VALUES (5, 429);
INSERT INTO SkillRel VALUES (5, 439);
INSERT INTO SkillRel VALUES (5, 455);
INSERT INTO SkillRel VALUES (5, 479);
INSERT INTO SkillRel VALUES (5, 531);
INSERT INTO SkillRel VALUES (5, 559);
INSERT INTO SkillRel VALUES (5, 574);
INSERT INTO SkillRel VALUES (5, 725);
INSERT INTO SkillRel VALUES (5, 729);
INSERT INTO SkillRel VALUES (5, 739);
INSERT INTO SkillRel VALUES (5, 742);
INSERT INTO SkillRel VALUES (5, 750);
INSERT INTO SkillRel VALUES (5, 791);
INSERT INTO SkillRel VALUES (5, 803);
INSERT INTO SkillRel VALUES (5, 887);
INSERT INTO SkillRel VALUES (5, 998);
INSERT INTO SkillRel VALUES (5, 1055);
INSERT INTO SkillRel VALUES (6, 20);
INSERT INTO SkillRel VALUES (6, 33);
INSERT INTO SkillRel VALUES (6, 49);
INSERT INTO SkillRel VALUES (6, 74);
INSERT INTO SkillRel VALUES (6, 84);
INSERT INTO SkillRel VALUES (6, 88);
INSERT INTO SkillRel VALUES (6, 101);
INSERT INTO SkillRel VALUES (6, 102);
INSERT INTO SkillRel VALUES (6, 151);
INSERT INTO SkillRel VALUES (6, 177);
INSERT INTO SkillRel VALUES (6, 201);
INSERT INTO SkillRel VALUES (6, 206);
INSERT INTO SkillRel VALUES (6, 232);
INSERT INTO SkillRel VALUES (6, 311);
INSERT INTO SkillRel VALUES (6, 426);
INSERT INTO SkillRel VALUES (6, 437);
INSERT INTO SkillRel VALUES (6, 472);
INSERT INTO SkillRel VALUES (6, 476);
INSERT INTO SkillRel VALUES (6, 497);
INSERT INTO SkillRel VALUES (6, 521);
INSERT INTO SkillRel VALUES (6, 534);
INSERT INTO SkillRel VALUES (6, 599);
INSERT INTO SkillRel VALUES (6, 720);
INSERT INTO SkillRel VALUES (6, 760);
INSERT INTO SkillRel VALUES (6, 776);
INSERT INTO SkillRel VALUES (6, 926);
INSERT INTO SkillRel VALUES (7, 62);
INSERT INTO SkillRel VALUES (7, 64);
INSERT INTO SkillRel VALUES (7, 151);
INSERT INTO SkillRel VALUES (7, 160);
INSERT INTO SkillRel VALUES (7, 186);
INSERT INTO SkillRel VALUES (7, 192);
INSERT INTO SkillRel VALUES (7, 217);
INSERT INTO SkillRel VALUES (7, 223);
INSERT INTO SkillRel VALUES (7, 266);
INSERT INTO SkillRel VALUES (7, 280);
INSERT INTO SkillRel VALUES (7, 323);
INSERT INTO SkillRel VALUES (7, 348);
INSERT INTO SkillRel VALUES (7, 361);
INSERT INTO SkillRel VALUES (7, 369);
INSERT INTO SkillRel VALUES (7, 404);
INSERT INTO SkillRel VALUES (7, 409);
INSERT INTO SkillRel VALUES (7, 463);
INSERT INTO SkillRel VALUES (7, 489);
INSERT INTO SkillRel VALUES (7, 501);
INSERT INTO SkillRel VALUES (7, 516);
INSERT INTO SkillRel VALUES (7, 519);
INSERT INTO SkillRel VALUES (7, 529);
INSERT INTO SkillRel VALUES (7, 536);
INSERT INTO SkillRel VALUES (7, 723);
INSERT INTO SkillRel VALUES (7, 726);
INSERT INTO SkillRel VALUES (7, 732);
INSERT INTO SkillRel VALUES (7, 750);
INSERT INTO SkillRel VALUES (7, 755);
INSERT INTO SkillRel VALUES (7, 762);
INSERT INTO SkillRel VALUES (7, 775);
INSERT INTO SkillRel VALUES (7, 790);
INSERT INTO SkillRel VALUES (7, 881);
INSERT INTO SkillRel VALUES (7, 923);
INSERT INTO SkillRel VALUES (7, 938);
INSERT INTO SkillRel VALUES (7, 947);
INSERT INTO SkillRel VALUES (7, 1031);
INSERT INTO SkillRel VALUES (7, 1064);
INSERT INTO SkillRel VALUES (8, 4);
INSERT INTO SkillRel VALUES (8, 72);
INSERT INTO SkillRel VALUES (8, 144);
INSERT INTO SkillRel VALUES (8, 174);
INSERT INTO SkillRel VALUES (8, 183);
INSERT INTO SkillRel VALUES (8, 247);
INSERT INTO SkillRel VALUES (8, 249);
INSERT INTO SkillRel VALUES (8, 303);
INSERT INTO SkillRel VALUES (8, 366);
INSERT INTO SkillRel VALUES (8, 385);
INSERT INTO SkillRel VALUES (8, 396);
INSERT INTO SkillRel VALUES (8, 438);
INSERT INTO SkillRel VALUES (8, 445);
INSERT INTO SkillRel VALUES (8, 461);
INSERT INTO SkillRel VALUES (8, 485);
INSERT INTO SkillRel VALUES (8, 521);
INSERT INTO SkillRel VALUES (8, 547);
INSERT INTO SkillRel VALUES (8, 563);
INSERT INTO SkillRel VALUES (8, 588);
INSERT INTO SkillRel VALUES (8, 605);
INSERT INTO SkillRel VALUES (8, 720);
INSERT INTO SkillRel VALUES (8, 770);
INSERT INTO SkillRel VALUES (8, 773);
INSERT INTO SkillRel VALUES (8, 806);
INSERT INTO SkillRel VALUES (8, 860);
INSERT INTO SkillRel VALUES (8, 920);
INSERT INTO SkillRel VALUES (8, 959);
INSERT INTO SkillRel VALUES (8, 1076);
INSERT INTO SkillRel VALUES (8, 1100);
INSERT INTO SkillRel VALUES (9, 93);
INSERT INTO SkillRel VALUES (9, 137);
INSERT INTO SkillRel VALUES (9, 172);
INSERT INTO SkillRel VALUES (9, 179);
INSERT INTO SkillRel VALUES (9, 236);
INSERT INTO SkillRel VALUES (9, 265);
INSERT INTO SkillRel VALUES (9, 309);
INSERT INTO SkillRel VALUES (9, 328);
INSERT INTO SkillRel VALUES (9, 343);
INSERT INTO SkillRel VALUES (9, 352);
INSERT INTO SkillRel VALUES (9, 374);
INSERT INTO SkillRel VALUES (9, 380);
INSERT INTO SkillRel VALUES (9, 384);
INSERT INTO SkillRel VALUES (9, 411);
INSERT INTO SkillRel VALUES (9, 421);
INSERT INTO SkillRel VALUES (9, 427);
INSERT INTO SkillRel VALUES (9, 445);
INSERT INTO SkillRel VALUES (9, 451);
INSERT INTO SkillRel VALUES (9, 467);
INSERT INTO SkillRel VALUES (9, 490);
INSERT INTO SkillRel VALUES (9, 591);
INSERT INTO SkillRel VALUES (9, 702);
INSERT INTO SkillRel VALUES (9, 704);
INSERT INTO SkillRel VALUES (9, 708);
INSERT INTO SkillRel VALUES (9, 719);
INSERT INTO SkillRel VALUES (9, 724);
INSERT INTO SkillRel VALUES (9, 740);
INSERT INTO SkillRel VALUES (9, 761);
INSERT INTO SkillRel VALUES (9, 777);
INSERT INTO SkillRel VALUES (9, 781);
INSERT INTO SkillRel VALUES (9, 890);
INSERT INTO SkillRel VALUES (9, 1019);
INSERT INTO SkillRel VALUES (9, 1022);
INSERT INTO SkillRel VALUES (9, 1079);
INSERT INTO SkillRel VALUES (9, 1100);
INSERT INTO SkillRel VALUES (10, 22);
INSERT INTO SkillRel VALUES (10, 90);
INSERT INTO SkillRel VALUES (10, 100);
INSERT INTO SkillRel VALUES (10, 115);
INSERT INTO SkillRel VALUES (10, 122);
INSERT INTO SkillRel VALUES (10, 139);
INSERT INTO SkillRel VALUES (10, 206);
INSERT INTO SkillRel VALUES (10, 220);
INSERT INTO SkillRel VALUES (10, 240);
INSERT INTO SkillRel VALUES (10, 247);
INSERT INTO SkillRel VALUES (10, 302);
INSERT INTO SkillRel VALUES (10, 347);
INSERT INTO SkillRel VALUES (10, 388);
INSERT INTO SkillRel VALUES (10, 472);
INSERT INTO SkillRel VALUES (10, 496);
INSERT INTO SkillRel VALUES (10, 514);
INSERT INTO SkillRel VALUES (10, 546);
INSERT INTO SkillRel VALUES (10, 560);
INSERT INTO SkillRel VALUES (10, 591);
INSERT INTO SkillRel VALUES (10, 600);
INSERT INTO SkillRel VALUES (10, 603);
INSERT INTO SkillRel VALUES (10, 716);
INSERT INTO SkillRel VALUES (10, 725);
INSERT INTO SkillRel VALUES (10, 739);
INSERT INTO SkillRel VALUES (10, 792);
INSERT INTO SkillRel VALUES (10, 800);
INSERT INTO SkillRel VALUES (10, 893);
INSERT INTO SkillRel VALUES (10, 1034);
INSERT INTO SkillRel VALUES (11, 36);
INSERT INTO SkillRel VALUES (11, 50);
INSERT INTO SkillRel VALUES (11, 100);
INSERT INTO SkillRel VALUES (11, 102);
INSERT INTO SkillRel VALUES (11, 116);
INSERT INTO SkillRel VALUES (11, 137);
INSERT INTO SkillRel VALUES (11, 154);
INSERT INTO SkillRel VALUES (11, 188);
INSERT INTO SkillRel VALUES (11, 210);
INSERT INTO SkillRel VALUES (11, 233);
INSERT INTO SkillRel VALUES (11, 239);
INSERT INTO SkillRel VALUES (11, 271);
INSERT INTO SkillRel VALUES (11, 272);
INSERT INTO SkillRel VALUES (11, 283);
INSERT INTO SkillRel VALUES (11, 285);
INSERT INTO SkillRel VALUES (11, 288);
INSERT INTO SkillRel VALUES (11, 308);
INSERT INTO SkillRel VALUES (11, 320);
INSERT INTO SkillRel VALUES (11, 335);
INSERT INTO SkillRel VALUES (11, 336);
INSERT INTO SkillRel VALUES (11, 369);
INSERT INTO SkillRel VALUES (11, 375);
INSERT INTO SkillRel VALUES (11, 423);
INSERT INTO SkillRel VALUES (11, 501);
INSERT INTO SkillRel VALUES (11, 532);
INSERT INTO SkillRel VALUES (11, 604);
INSERT INTO SkillRel VALUES (11, 606);
INSERT INTO SkillRel VALUES (11, 704);
INSERT INTO SkillRel VALUES (11, 707);
INSERT INTO SkillRel VALUES (11, 737);
INSERT INTO SkillRel VALUES (11, 742);
INSERT INTO SkillRel VALUES (11, 754);
INSERT INTO SkillRel VALUES (11, 772);
INSERT INTO SkillRel VALUES (11, 806);
INSERT INTO SkillRel VALUES (11, 860);
INSERT INTO SkillRel VALUES (11, 980);
INSERT INTO SkillRel VALUES (11, 1007);
INSERT INTO SkillRel VALUES (11, 1013);
INSERT INTO SkillRel VALUES (11, 1028);
INSERT INTO SkillRel VALUES (11, 1040);
INSERT INTO SkillRel VALUES (11, 1046);
INSERT INTO SkillRel VALUES (11, 1085);
INSERT INTO SkillRel VALUES (12, 30);
INSERT INTO SkillRel VALUES (12, 99);
INSERT INTO SkillRel VALUES (12, 107);
INSERT INTO SkillRel VALUES (12, 150);
INSERT INTO SkillRel VALUES (12, 163);
INSERT INTO SkillRel VALUES (12, 173);
INSERT INTO SkillRel VALUES (12, 193);
INSERT INTO SkillRel VALUES (12, 240);
INSERT INTO SkillRel VALUES (12, 274);
INSERT INTO SkillRel VALUES (12, 307);
INSERT INTO SkillRel VALUES (12, 359);
INSERT INTO SkillRel VALUES (12, 410);
INSERT INTO SkillRel VALUES (12, 467);
INSERT INTO SkillRel VALUES (12, 470);
INSERT INTO SkillRel VALUES (12, 494);
INSERT INTO SkillRel VALUES (12, 496);
INSERT INTO SkillRel VALUES (12, 529);
INSERT INTO SkillRel VALUES (12, 557);
INSERT INTO SkillRel VALUES (12, 574);
INSERT INTO SkillRel VALUES (12, 747);
INSERT INTO SkillRel VALUES (12, 788);
INSERT INTO SkillRel VALUES (12, 848);
INSERT INTO SkillRel VALUES (12, 866);
INSERT INTO SkillRel VALUES (12, 965);
INSERT INTO SkillRel VALUES (12, 971);
INSERT INTO SkillRel VALUES (12, 1004);
INSERT INTO SkillRel VALUES (13, 22);
INSERT INTO SkillRel VALUES (13, 45);
INSERT INTO SkillRel VALUES (13, 50);
INSERT INTO SkillRel VALUES (13, 70);
INSERT INTO SkillRel VALUES (13, 100);
INSERT INTO SkillRel VALUES (13, 128);
INSERT INTO SkillRel VALUES (13, 139);
INSERT INTO SkillRel VALUES (13, 174);
INSERT INTO SkillRel VALUES (13, 190);
INSERT INTO SkillRel VALUES (13, 220);
INSERT INTO SkillRel VALUES (13, 269);
INSERT INTO SkillRel VALUES (13, 332);
INSERT INTO SkillRel VALUES (13, 380);
INSERT INTO SkillRel VALUES (13, 387);
INSERT INTO SkillRel VALUES (13, 407);
INSERT INTO SkillRel VALUES (13, 415);
INSERT INTO SkillRel VALUES (13, 425);
INSERT INTO SkillRel VALUES (13, 451);
INSERT INTO SkillRel VALUES (13, 466);
INSERT INTO SkillRel VALUES (13, 469);
INSERT INTO SkillRel VALUES (13, 481);
INSERT INTO SkillRel VALUES (13, 482);
INSERT INTO SkillRel VALUES (13, 484);
INSERT INTO SkillRel VALUES (13, 508);
INSERT INTO SkillRel VALUES (13, 527);
INSERT INTO SkillRel VALUES (13, 551);
INSERT INTO SkillRel VALUES (13, 591);
INSERT INTO SkillRel VALUES (13, 732);
INSERT INTO SkillRel VALUES (13, 737);
INSERT INTO SkillRel VALUES (13, 768);
INSERT INTO SkillRel VALUES (13, 786);
INSERT INTO SkillRel VALUES (13, 792);
INSERT INTO SkillRel VALUES (13, 962);
INSERT INTO SkillRel VALUES (13, 992);
INSERT INTO SkillRel VALUES (13, 1058);
INSERT INTO SkillRel VALUES (13, 1082);
INSERT INTO SkillRel VALUES (14, 33);
INSERT INTO SkillRel VALUES (14, 74);
INSERT INTO SkillRel VALUES (14, 90);
INSERT INTO SkillRel VALUES (14, 132);
INSERT INTO SkillRel VALUES (14, 178);
INSERT INTO SkillRel VALUES (14, 238);
INSERT INTO SkillRel VALUES (14, 261);
INSERT INTO SkillRel VALUES (14, 266);
INSERT INTO SkillRel VALUES (14, 267);
INSERT INTO SkillRel VALUES (14, 275);
INSERT INTO SkillRel VALUES (14, 283);
INSERT INTO SkillRel VALUES (14, 301);
INSERT INTO SkillRel VALUES (14, 324);
INSERT INTO SkillRel VALUES (14, 335);
INSERT INTO SkillRel VALUES (14, 354);
INSERT INTO SkillRel VALUES (14, 407);
INSERT INTO SkillRel VALUES (14, 417);
INSERT INTO SkillRel VALUES (14, 420);
INSERT INTO SkillRel VALUES (14, 440);
INSERT INTO SkillRel VALUES (14, 445);
INSERT INTO SkillRel VALUES (14, 454);
INSERT INTO SkillRel VALUES (14, 463);
INSERT INTO SkillRel VALUES (14, 473);
INSERT INTO SkillRel VALUES (14, 475);
INSERT INTO SkillRel VALUES (14, 490);
INSERT INTO SkillRel VALUES (14, 534);
INSERT INTO SkillRel VALUES (14, 539);
INSERT INTO SkillRel VALUES (14, 589);
INSERT INTO SkillRel VALUES (14, 599);
INSERT INTO SkillRel VALUES (14, 722);
INSERT INTO SkillRel VALUES (14, 729);
INSERT INTO SkillRel VALUES (14, 731);
INSERT INTO SkillRel VALUES (14, 775);
INSERT INTO SkillRel VALUES (14, 781);
INSERT INTO SkillRel VALUES (14, 818);
INSERT INTO SkillRel VALUES (14, 827);
INSERT INTO SkillRel VALUES (14, 842);
INSERT INTO SkillRel VALUES (14, 1049);
INSERT INTO SkillRel VALUES (14, 1073);
INSERT INTO SkillRel VALUES (14, 1085);
INSERT INTO SkillRel VALUES (15, 8);
INSERT INTO SkillRel VALUES (15, 58);
INSERT INTO SkillRel VALUES (15, 81);
INSERT INTO SkillRel VALUES (15, 92);
INSERT INTO SkillRel VALUES (15, 116);
INSERT INTO SkillRel VALUES (15, 186);
INSERT INTO SkillRel VALUES (15, 230);
INSERT INTO SkillRel VALUES (15, 262);
INSERT INTO SkillRel VALUES (15, 359);
INSERT INTO SkillRel VALUES (15, 429);
INSERT INTO SkillRel VALUES (15, 438);
INSERT INTO SkillRel VALUES (15, 449);
INSERT INTO SkillRel VALUES (15, 465);
INSERT INTO SkillRel VALUES (15, 500);
INSERT INTO SkillRel VALUES (15, 522);
INSERT INTO SkillRel VALUES (15, 726);
INSERT INTO SkillRel VALUES (15, 746);
INSERT INTO SkillRel VALUES (15, 755);
INSERT INTO SkillRel VALUES (15, 818);
INSERT INTO SkillRel VALUES (15, 836);
INSERT INTO SkillRel VALUES (15, 899);
INSERT INTO SkillRel VALUES (15, 941);
INSERT INTO SkillRel VALUES (15, 944);
INSERT INTO SkillRel VALUES (15, 1097);
INSERT INTO SkillRel VALUES (16, 24);
INSERT INTO SkillRel VALUES (16, 31);
INSERT INTO SkillRel VALUES (16, 59);
INSERT INTO SkillRel VALUES (16, 129);
INSERT INTO SkillRel VALUES (16, 140);
INSERT INTO SkillRel VALUES (16, 146);
INSERT INTO SkillRel VALUES (16, 185);
INSERT INTO SkillRel VALUES (16, 199);
INSERT INTO SkillRel VALUES (16, 299);
INSERT INTO SkillRel VALUES (16, 370);
INSERT INTO SkillRel VALUES (16, 374);
INSERT INTO SkillRel VALUES (16, 378);
INSERT INTO SkillRel VALUES (16, 386);
INSERT INTO SkillRel VALUES (16, 420);
INSERT INTO SkillRel VALUES (16, 423);
INSERT INTO SkillRel VALUES (16, 446);
INSERT INTO SkillRel VALUES (16, 470);
INSERT INTO SkillRel VALUES (16, 474);
INSERT INTO SkillRel VALUES (16, 504);
INSERT INTO SkillRel VALUES (16, 507);
INSERT INTO SkillRel VALUES (16, 527);
INSERT INTO SkillRel VALUES (16, 528);
INSERT INTO SkillRel VALUES (16, 536);
INSERT INTO SkillRel VALUES (16, 557);
INSERT INTO SkillRel VALUES (16, 584);
INSERT INTO SkillRel VALUES (16, 713);
INSERT INTO SkillRel VALUES (16, 722);
INSERT INTO SkillRel VALUES (16, 739);
INSERT INTO SkillRel VALUES (16, 941);
INSERT INTO SkillRel VALUES (16, 1040);
INSERT INTO SkillRel VALUES (16, 1064);
INSERT INTO SkillRel VALUES (17, 7);
INSERT INTO SkillRel VALUES (17, 12);
INSERT INTO SkillRel VALUES (17, 14);
INSERT INTO SkillRel VALUES (17, 141);
INSERT INTO SkillRel VALUES (17, 150);
INSERT INTO SkillRel VALUES (17, 169);
INSERT INTO SkillRel VALUES (17, 187);
INSERT INTO SkillRel VALUES (17, 221);
INSERT INTO SkillRel VALUES (17, 227);
INSERT INTO SkillRel VALUES (17, 260);
INSERT INTO SkillRel VALUES (17, 262);
INSERT INTO SkillRel VALUES (17, 359);
INSERT INTO SkillRel VALUES (17, 373);
INSERT INTO SkillRel VALUES (17, 385);
INSERT INTO SkillRel VALUES (17, 409);
INSERT INTO SkillRel VALUES (17, 426);
INSERT INTO SkillRel VALUES (17, 439);
INSERT INTO SkillRel VALUES (17, 514);
INSERT INTO SkillRel VALUES (17, 519);
INSERT INTO SkillRel VALUES (17, 538);
INSERT INTO SkillRel VALUES (17, 549);
INSERT INTO SkillRel VALUES (17, 563);
INSERT INTO SkillRel VALUES (17, 721);
INSERT INTO SkillRel VALUES (17, 767);
INSERT INTO SkillRel VALUES (17, 773);
INSERT INTO SkillRel VALUES (17, 786);
INSERT INTO SkillRel VALUES (17, 793);
INSERT INTO SkillRel VALUES (17, 812);
INSERT INTO SkillRel VALUES (17, 923);
INSERT INTO SkillRel VALUES (17, 986);
INSERT INTO SkillRel VALUES (17, 989);
INSERT INTO SkillRel VALUES (17, 1031);
INSERT INTO SkillRel VALUES (17, 1034);
INSERT INTO SkillRel VALUES (18, 1);
INSERT INTO SkillRel VALUES (18, 69);
INSERT INTO SkillRel VALUES (18, 74);
INSERT INTO SkillRel VALUES (18, 175);
INSERT INTO SkillRel VALUES (18, 185);
INSERT INTO SkillRel VALUES (18, 201);
INSERT INTO SkillRel VALUES (18, 209);
INSERT INTO SkillRel VALUES (18, 228);
INSERT INTO SkillRel VALUES (18, 232);
INSERT INTO SkillRel VALUES (18, 303);
INSERT INTO SkillRel VALUES (18, 360);
INSERT INTO SkillRel VALUES (18, 363);
INSERT INTO SkillRel VALUES (18, 420);
INSERT INTO SkillRel VALUES (18, 477);
INSERT INTO SkillRel VALUES (18, 494);
INSERT INTO SkillRel VALUES (18, 518);
INSERT INTO SkillRel VALUES (18, 543);
INSERT INTO SkillRel VALUES (18, 560);
INSERT INTO SkillRel VALUES (18, 599);
INSERT INTO SkillRel VALUES (18, 711);
INSERT INTO SkillRel VALUES (18, 760);
INSERT INTO SkillRel VALUES (18, 785);
INSERT INTO SkillRel VALUES (18, 821);
INSERT INTO SkillRel VALUES (18, 851);
INSERT INTO SkillRel VALUES (18, 944);
INSERT INTO SkillRel VALUES (18, 977);
INSERT INTO SkillRel VALUES (18, 992);
INSERT INTO SkillRel VALUES (18, 1043);
INSERT INTO SkillRel VALUES (19, 48);
INSERT INTO SkillRel VALUES (19, 56);
INSERT INTO SkillRel VALUES (19, 125);
INSERT INTO SkillRel VALUES (19, 153);
INSERT INTO SkillRel VALUES (19, 161);
INSERT INTO SkillRel VALUES (19, 174);
INSERT INTO SkillRel VALUES (19, 180);
INSERT INTO SkillRel VALUES (19, 203);
INSERT INTO SkillRel VALUES (19, 209);
INSERT INTO SkillRel VALUES (19, 272);
INSERT INTO SkillRel VALUES (19, 293);
INSERT INTO SkillRel VALUES (19, 346);
INSERT INTO SkillRel VALUES (19, 352);
INSERT INTO SkillRel VALUES (19, 401);
INSERT INTO SkillRel VALUES (19, 405);
INSERT INTO SkillRel VALUES (19, 417);
INSERT INTO SkillRel VALUES (19, 441);
INSERT INTO SkillRel VALUES (19, 482);
INSERT INTO SkillRel VALUES (19, 490);
INSERT INTO SkillRel VALUES (19, 501);
INSERT INTO SkillRel VALUES (19, 523);
INSERT INTO SkillRel VALUES (19, 552);
INSERT INTO SkillRel VALUES (19, 574);
INSERT INTO SkillRel VALUES (19, 582);
INSERT INTO SkillRel VALUES (19, 705);
INSERT INTO SkillRel VALUES (19, 764);
INSERT INTO SkillRel VALUES (19, 899);
INSERT INTO SkillRel VALUES (19, 1004);
INSERT INTO SkillRel VALUES (19, 1049);
INSERT INTO SkillRel VALUES (19, 1097);
INSERT INTO SkillRel VALUES (20, 12);
INSERT INTO SkillRel VALUES (20, 192);
INSERT INTO SkillRel VALUES (20, 243);
INSERT INTO SkillRel VALUES (20, 256);
INSERT INTO SkillRel VALUES (20, 260);
INSERT INTO SkillRel VALUES (20, 307);
INSERT INTO SkillRel VALUES (20, 323);
INSERT INTO SkillRel VALUES (20, 360);
INSERT INTO SkillRel VALUES (20, 393);
INSERT INTO SkillRel VALUES (20, 459);
INSERT INTO SkillRel VALUES (20, 460);
INSERT INTO SkillRel VALUES (20, 470);
INSERT INTO SkillRel VALUES (20, 485);
INSERT INTO SkillRel VALUES (20, 490);
INSERT INTO SkillRel VALUES (20, 538);
INSERT INTO SkillRel VALUES (20, 550);
INSERT INTO SkillRel VALUES (20, 705);
INSERT INTO SkillRel VALUES (20, 738);
INSERT INTO SkillRel VALUES (20, 757);
INSERT INTO SkillRel VALUES (20, 795);
INSERT INTO SkillRel VALUES (20, 833);
INSERT INTO SkillRel VALUES (20, 860);
INSERT INTO SkillRel VALUES (20, 1049);
INSERT INTO SkillRel VALUES (20, 1097);
INSERT INTO SkillRel VALUES (20, 1106);
INSERT INTO SkillRel VALUES (21, 8);
INSERT INTO SkillRel VALUES (21, 106);
INSERT INTO SkillRel VALUES (21, 153);
INSERT INTO SkillRel VALUES (21, 174);
INSERT INTO SkillRel VALUES (21, 184);
INSERT INTO SkillRel VALUES (21, 203);
INSERT INTO SkillRel VALUES (21, 276);
INSERT INTO SkillRel VALUES (21, 301);
INSERT INTO SkillRel VALUES (21, 324);
INSERT INTO SkillRel VALUES (21, 348);
INSERT INTO SkillRel VALUES (21, 373);
INSERT INTO SkillRel VALUES (21, 436);
INSERT INTO SkillRel VALUES (21, 487);
INSERT INTO SkillRel VALUES (21, 603);
INSERT INTO SkillRel VALUES (21, 731);
INSERT INTO SkillRel VALUES (21, 766);
INSERT INTO SkillRel VALUES (21, 824);
INSERT INTO SkillRel VALUES (21, 830);
INSERT INTO SkillRel VALUES (21, 854);
INSERT INTO SkillRel VALUES (21, 947);
INSERT INTO SkillRel VALUES (21, 956);
INSERT INTO SkillRel VALUES (21, 980);
INSERT INTO SkillRel VALUES (21, 983);
INSERT INTO SkillRel VALUES (21, 1007);
INSERT INTO SkillRel VALUES (22, 3);
INSERT INTO SkillRel VALUES (22, 65);
INSERT INTO SkillRel VALUES (22, 81);
INSERT INTO SkillRel VALUES (22, 89);
INSERT INTO SkillRel VALUES (22, 113);
INSERT INTO SkillRel VALUES (22, 122);
INSERT INTO SkillRel VALUES (22, 124);
INSERT INTO SkillRel VALUES (22, 186);
INSERT INTO SkillRel VALUES (22, 212);
INSERT INTO SkillRel VALUES (22, 227);
INSERT INTO SkillRel VALUES (22, 258);
INSERT INTO SkillRel VALUES (22, 297);
INSERT INTO SkillRel VALUES (22, 345);
INSERT INTO SkillRel VALUES (22, 352);
INSERT INTO SkillRel VALUES (22, 416);
INSERT INTO SkillRel VALUES (22, 421);
INSERT INTO SkillRel VALUES (22, 466);
INSERT INTO SkillRel VALUES (22, 477);
INSERT INTO SkillRel VALUES (22, 513);
INSERT INTO SkillRel VALUES (22, 522);
INSERT INTO SkillRel VALUES (22, 532);
INSERT INTO SkillRel VALUES (22, 541);
INSERT INTO SkillRel VALUES (22, 558);
INSERT INTO SkillRel VALUES (22, 705);
INSERT INTO SkillRel VALUES (22, 734);
INSERT INTO SkillRel VALUES (22, 738);
INSERT INTO SkillRel VALUES (22, 788);
INSERT INTO SkillRel VALUES (22, 806);
INSERT INTO SkillRel VALUES (22, 809);
INSERT INTO SkillRel VALUES (22, 953);
INSERT INTO SkillRel VALUES (23, 70);
INSERT INTO SkillRel VALUES (23, 104);
INSERT INTO SkillRel VALUES (23, 168);
INSERT INTO SkillRel VALUES (23, 230);
INSERT INTO SkillRel VALUES (23, 238);
INSERT INTO SkillRel VALUES (23, 245);
INSERT INTO SkillRel VALUES (23, 284);
INSERT INTO SkillRel VALUES (23, 316);
INSERT INTO SkillRel VALUES (23, 364);
INSERT INTO SkillRel VALUES (23, 395);
INSERT INTO SkillRel VALUES (23, 403);
INSERT INTO SkillRel VALUES (23, 427);
INSERT INTO SkillRel VALUES (23, 436);
INSERT INTO SkillRel VALUES (23, 440);
INSERT INTO SkillRel VALUES (23, 529);
INSERT INTO SkillRel VALUES (23, 556);
INSERT INTO SkillRel VALUES (23, 558);
INSERT INTO SkillRel VALUES (23, 722);
INSERT INTO SkillRel VALUES (23, 756);
INSERT INTO SkillRel VALUES (23, 763);
INSERT INTO SkillRel VALUES (23, 854);
INSERT INTO SkillRel VALUES (23, 869);
INSERT INTO SkillRel VALUES (23, 902);
INSERT INTO SkillRel VALUES (23, 992);
INSERT INTO SkillRel VALUES (23, 1019);
INSERT INTO SkillRel VALUES (23, 1067);
INSERT INTO SkillRel VALUES (24, 3);
INSERT INTO SkillRel VALUES (24, 59);
INSERT INTO SkillRel VALUES (24, 64);
INSERT INTO SkillRel VALUES (24, 81);
INSERT INTO SkillRel VALUES (24, 82);
INSERT INTO SkillRel VALUES (24, 95);
INSERT INTO SkillRel VALUES (24, 106);
INSERT INTO SkillRel VALUES (24, 108);
INSERT INTO SkillRel VALUES (24, 125);
INSERT INTO SkillRel VALUES (24, 139);
INSERT INTO SkillRel VALUES (24, 177);
INSERT INTO SkillRel VALUES (24, 178);
INSERT INTO SkillRel VALUES (24, 182);
INSERT INTO SkillRel VALUES (24, 209);
INSERT INTO SkillRel VALUES (24, 271);
INSERT INTO SkillRel VALUES (24, 320);
INSERT INTO SkillRel VALUES (24, 332);
INSERT INTO SkillRel VALUES (24, 362);
INSERT INTO SkillRel VALUES (24, 386);
INSERT INTO SkillRel VALUES (24, 402);
INSERT INTO SkillRel VALUES (24, 461);
INSERT INTO SkillRel VALUES (24, 466);
INSERT INTO SkillRel VALUES (24, 503);
INSERT INTO SkillRel VALUES (24, 524);
INSERT INTO SkillRel VALUES (24, 534);
INSERT INTO SkillRel VALUES (24, 541);
INSERT INTO SkillRel VALUES (24, 563);
INSERT INTO SkillRel VALUES (24, 588);
INSERT INTO SkillRel VALUES (24, 707);
INSERT INTO SkillRel VALUES (24, 712);
INSERT INTO SkillRel VALUES (24, 747);
INSERT INTO SkillRel VALUES (24, 758);
INSERT INTO SkillRel VALUES (24, 770);
INSERT INTO SkillRel VALUES (24, 782);
INSERT INTO SkillRel VALUES (24, 815);
INSERT INTO SkillRel VALUES (24, 920);
INSERT INTO SkillRel VALUES (24, 932);
INSERT INTO SkillRel VALUES (24, 974);
INSERT INTO SkillRel VALUES (24, 1040);
INSERT INTO SkillRel VALUES (24, 1082);
INSERT INTO SkillRel VALUES (25, 8);
INSERT INTO SkillRel VALUES (25, 33);
INSERT INTO SkillRel VALUES (25, 91);
INSERT INTO SkillRel VALUES (25, 108);
INSERT INTO SkillRel VALUES (25, 133);
INSERT INTO SkillRel VALUES (25, 179);
INSERT INTO SkillRel VALUES (25, 204);
INSERT INTO SkillRel VALUES (25, 249);
INSERT INTO SkillRel VALUES (25, 281);
INSERT INTO SkillRel VALUES (25, 287);
INSERT INTO SkillRel VALUES (25, 307);
INSERT INTO SkillRel VALUES (25, 354);
INSERT INTO SkillRel VALUES (25, 359);
INSERT INTO SkillRel VALUES (25, 384);
INSERT INTO SkillRel VALUES (25, 386);
INSERT INTO SkillRel VALUES (25, 409);
INSERT INTO SkillRel VALUES (25, 513);
INSERT INTO SkillRel VALUES (25, 523);
INSERT INTO SkillRel VALUES (25, 535);
INSERT INTO SkillRel VALUES (25, 539);
INSERT INTO SkillRel VALUES (25, 543);
INSERT INTO SkillRel VALUES (25, 546);
INSERT INTO SkillRel VALUES (25, 713);
INSERT INTO SkillRel VALUES (25, 716);
INSERT INTO SkillRel VALUES (25, 718);
INSERT INTO SkillRel VALUES (25, 782);
INSERT INTO SkillRel VALUES (25, 896);
INSERT INTO SkillRel VALUES (25, 1070);
INSERT INTO SkillRel VALUES (26, 4);
INSERT INTO SkillRel VALUES (26, 87);
INSERT INTO SkillRel VALUES (26, 160);
INSERT INTO SkillRel VALUES (26, 182);
INSERT INTO SkillRel VALUES (26, 193);
INSERT INTO SkillRel VALUES (26, 240);
INSERT INTO SkillRel VALUES (26, 276);
INSERT INTO SkillRel VALUES (26, 303);
INSERT INTO SkillRel VALUES (26, 346);
INSERT INTO SkillRel VALUES (26, 377);
INSERT INTO SkillRel VALUES (26, 388);
INSERT INTO SkillRel VALUES (26, 412);
INSERT INTO SkillRel VALUES (26, 428);
INSERT INTO SkillRel VALUES (26, 476);
INSERT INTO SkillRel VALUES (26, 530);
INSERT INTO SkillRel VALUES (26, 542);
INSERT INTO SkillRel VALUES (26, 550);
INSERT INTO SkillRel VALUES (26, 559);
INSERT INTO SkillRel VALUES (26, 703);
INSERT INTO SkillRel VALUES (26, 740);
INSERT INTO SkillRel VALUES (26, 767);
INSERT INTO SkillRel VALUES (26, 768);
INSERT INTO SkillRel VALUES (26, 769);
INSERT INTO SkillRel VALUES (26, 771);
INSERT INTO SkillRel VALUES (26, 787);
INSERT INTO SkillRel VALUES (26, 791);
INSERT INTO SkillRel VALUES (26, 863);
INSERT INTO SkillRel VALUES (26, 893);
INSERT INTO SkillRel VALUES (26, 1061);
INSERT INTO SkillRel VALUES (26, 1067);
INSERT INTO SkillRel VALUES (26, 1097);
INSERT INTO SkillRel VALUES (27, 125);
INSERT INTO SkillRel VALUES (27, 205);
INSERT INTO SkillRel VALUES (27, 219);
INSERT INTO SkillRel VALUES (27, 250);
INSERT INTO SkillRel VALUES (27, 284);
INSERT INTO SkillRel VALUES (27, 288);
INSERT INTO SkillRel VALUES (27, 321);
INSERT INTO SkillRel VALUES (27, 342);
INSERT INTO SkillRel VALUES (27, 355);
INSERT INTO SkillRel VALUES (27, 423);
INSERT INTO SkillRel VALUES (27, 488);
INSERT INTO SkillRel VALUES (27, 489);
INSERT INTO SkillRel VALUES (27, 556);
INSERT INTO SkillRel VALUES (27, 565);
INSERT INTO SkillRel VALUES (27, 587);
INSERT INTO SkillRel VALUES (27, 605);
INSERT INTO SkillRel VALUES (27, 721);
INSERT INTO SkillRel VALUES (27, 746);
INSERT INTO SkillRel VALUES (27, 763);
INSERT INTO SkillRel VALUES (27, 787);
INSERT INTO SkillRel VALUES (27, 839);
INSERT INTO SkillRel VALUES (27, 866);
INSERT INTO SkillRel VALUES (27, 869);
INSERT INTO SkillRel VALUES (27, 899);
INSERT INTO SkillRel VALUES (27, 902);
INSERT INTO SkillRel VALUES (27, 905);
INSERT INTO SkillRel VALUES (27, 965);
INSERT INTO SkillRel VALUES (27, 986);
INSERT INTO SkillRel VALUES (27, 1010);
INSERT INTO SkillRel VALUES (27, 1109);
INSERT INTO SkillRel VALUES (28, 1);
INSERT INTO SkillRel VALUES (28, 24);
INSERT INTO SkillRel VALUES (28, 30);
INSERT INTO SkillRel VALUES (28, 45);
INSERT INTO SkillRel VALUES (28, 56);
INSERT INTO SkillRel VALUES (28, 70);
INSERT INTO SkillRel VALUES (28, 89);
INSERT INTO SkillRel VALUES (28, 153);
INSERT INTO SkillRel VALUES (28, 187);
INSERT INTO SkillRel VALUES (28, 201);
INSERT INTO SkillRel VALUES (28, 202);
INSERT INTO SkillRel VALUES (28, 206);
INSERT INTO SkillRel VALUES (28, 244);
INSERT INTO SkillRel VALUES (28, 257);
INSERT INTO SkillRel VALUES (28, 258);
INSERT INTO SkillRel VALUES (28, 276);
INSERT INTO SkillRel VALUES (28, 284);
INSERT INTO SkillRel VALUES (28, 316);
INSERT INTO SkillRel VALUES (28, 323);
INSERT INTO SkillRel VALUES (28, 339);
INSERT INTO SkillRel VALUES (28, 373);
INSERT INTO SkillRel VALUES (28, 428);
INSERT INTO SkillRel VALUES (28, 429);
INSERT INTO SkillRel VALUES (28, 437);
INSERT INTO SkillRel VALUES (28, 446);
INSERT INTO SkillRel VALUES (28, 461);
INSERT INTO SkillRel VALUES (28, 514);
INSERT INTO SkillRel VALUES (28, 540);
INSERT INTO SkillRel VALUES (28, 543);
INSERT INTO SkillRel VALUES (28, 577);
INSERT INTO SkillRel VALUES (28, 756);
INSERT INTO SkillRel VALUES (28, 787);
INSERT INTO SkillRel VALUES (28, 809);
INSERT INTO SkillRel VALUES (28, 908);
INSERT INTO SkillRel VALUES (28, 986);
INSERT INTO SkillRel VALUES (28, 1001);
INSERT INTO SkillRel VALUES (28, 1004);
INSERT INTO SkillRel VALUES (28, 1010);
INSERT INTO SkillRel VALUES (28, 1022);
INSERT INTO SkillRel VALUES (28, 1025);
INSERT INTO SkillRel VALUES (28, 1031);
INSERT INTO SkillRel VALUES (28, 1091);
INSERT INTO SkillRel VALUES (29, 37);
INSERT INTO SkillRel VALUES (29, 85);
INSERT INTO SkillRel VALUES (29, 90);
INSERT INTO SkillRel VALUES (29, 96);
INSERT INTO SkillRel VALUES (29, 145);
INSERT INTO SkillRel VALUES (29, 165);
INSERT INTO SkillRel VALUES (29, 220);
INSERT INTO SkillRel VALUES (29, 229);
INSERT INTO SkillRel VALUES (29, 239);
INSERT INTO SkillRel VALUES (29, 246);
INSERT INTO SkillRel VALUES (29, 247);
INSERT INTO SkillRel VALUES (29, 306);
INSERT INTO SkillRel VALUES (29, 370);
INSERT INTO SkillRel VALUES (29, 389);
INSERT INTO SkillRel VALUES (29, 414);
INSERT INTO SkillRel VALUES (29, 425);
INSERT INTO SkillRel VALUES (29, 510);
INSERT INTO SkillRel VALUES (29, 540);
INSERT INTO SkillRel VALUES (29, 731);
INSERT INTO SkillRel VALUES (29, 753);
INSERT INTO SkillRel VALUES (29, 756);
INSERT INTO SkillRel VALUES (29, 764);
INSERT INTO SkillRel VALUES (29, 767);
INSERT INTO SkillRel VALUES (29, 780);
INSERT INTO SkillRel VALUES (29, 794);
INSERT INTO SkillRel VALUES (29, 827);
INSERT INTO SkillRel VALUES (29, 1082);
INSERT INTO SkillRel VALUES (30, 39);
INSERT INTO SkillRel VALUES (30, 55);
INSERT INTO SkillRel VALUES (30, 96);
INSERT INTO SkillRel VALUES (30, 142);
INSERT INTO SkillRel VALUES (30, 143);
INSERT INTO SkillRel VALUES (30, 249);
INSERT INTO SkillRel VALUES (30, 261);
INSERT INTO SkillRel VALUES (30, 323);
INSERT INTO SkillRel VALUES (30, 327);
INSERT INTO SkillRel VALUES (30, 332);
INSERT INTO SkillRel VALUES (30, 361);
INSERT INTO SkillRel VALUES (30, 370);
INSERT INTO SkillRel VALUES (30, 378);
INSERT INTO SkillRel VALUES (30, 379);
INSERT INTO SkillRel VALUES (30, 411);
INSERT INTO SkillRel VALUES (30, 441);
INSERT INTO SkillRel VALUES (30, 462);
INSERT INTO SkillRel VALUES (30, 467);
INSERT INTO SkillRel VALUES (30, 513);
INSERT INTO SkillRel VALUES (30, 516);
INSERT INTO SkillRel VALUES (30, 528);
INSERT INTO SkillRel VALUES (30, 538);
INSERT INTO SkillRel VALUES (30, 559);
INSERT INTO SkillRel VALUES (30, 586);
INSERT INTO SkillRel VALUES (30, 598);
INSERT INTO SkillRel VALUES (30, 707);
INSERT INTO SkillRel VALUES (30, 766);
INSERT INTO SkillRel VALUES (30, 775);
INSERT INTO SkillRel VALUES (30, 776);
INSERT INTO SkillRel VALUES (30, 779);
INSERT INTO SkillRel VALUES (30, 908);
INSERT INTO SkillRel VALUES (30, 986);
INSERT INTO SkillRel VALUES (30, 1025);
INSERT INTO SkillRel VALUES (30, 1055);
INSERT INTO SkillRel VALUES (30, 1076);
INSERT INTO SkillRel VALUES (31, 94);
INSERT INTO SkillRel VALUES (31, 97);
INSERT INTO SkillRel VALUES (31, 152);
INSERT INTO SkillRel VALUES (31, 184);
INSERT INTO SkillRel VALUES (31, 198);
INSERT INTO SkillRel VALUES (31, 199);
INSERT INTO SkillRel VALUES (31, 220);
INSERT INTO SkillRel VALUES (31, 245);
INSERT INTO SkillRel VALUES (31, 249);
INSERT INTO SkillRel VALUES (31, 254);
INSERT INTO SkillRel VALUES (31, 258);
INSERT INTO SkillRel VALUES (31, 274);
INSERT INTO SkillRel VALUES (31, 309);
INSERT INTO SkillRel VALUES (31, 364);
INSERT INTO SkillRel VALUES (31, 499);
INSERT INTO SkillRel VALUES (31, 503);
INSERT INTO SkillRel VALUES (31, 517);
INSERT INTO SkillRel VALUES (31, 587);
INSERT INTO SkillRel VALUES (31, 727);
INSERT INTO SkillRel VALUES (31, 860);
INSERT INTO SkillRel VALUES (31, 941);
INSERT INTO SkillRel VALUES (31, 953);
INSERT INTO SkillRel VALUES (31, 983);
INSERT INTO SkillRel VALUES (31, 995);
INSERT INTO SkillRel VALUES (31, 1052);
INSERT INTO SkillRel VALUES (32, 31);
INSERT INTO SkillRel VALUES (32, 39);
INSERT INTO SkillRel VALUES (32, 148);
INSERT INTO SkillRel VALUES (32, 152);
INSERT INTO SkillRel VALUES (32, 185);
INSERT INTO SkillRel VALUES (32, 190);
INSERT INTO SkillRel VALUES (32, 254);
INSERT INTO SkillRel VALUES (32, 343);
INSERT INTO SkillRel VALUES (32, 388);
INSERT INTO SkillRel VALUES (32, 412);
INSERT INTO SkillRel VALUES (32, 458);
INSERT INTO SkillRel VALUES (32, 514);
INSERT INTO SkillRel VALUES (32, 545);
INSERT INTO SkillRel VALUES (32, 546);
INSERT INTO SkillRel VALUES (32, 551);
INSERT INTO SkillRel VALUES (32, 583);
INSERT INTO SkillRel VALUES (32, 719);
INSERT INTO SkillRel VALUES (32, 726);
INSERT INTO SkillRel VALUES (32, 748);
INSERT INTO SkillRel VALUES (32, 774);
INSERT INTO SkillRel VALUES (32, 917);
INSERT INTO SkillRel VALUES (32, 923);
INSERT INTO SkillRel VALUES (32, 983);
INSERT INTO SkillRel VALUES (32, 1034);
INSERT INTO SkillRel VALUES (32, 1079);
INSERT INTO SkillRel VALUES (33, 61);
INSERT INTO SkillRel VALUES (33, 104);
INSERT INTO SkillRel VALUES (33, 112);
INSERT INTO SkillRel VALUES (33, 121);
INSERT INTO SkillRel VALUES (33, 144);
INSERT INTO SkillRel VALUES (33, 148);
INSERT INTO SkillRel VALUES (33, 152);
INSERT INTO SkillRel VALUES (33, 168);
INSERT INTO SkillRel VALUES (33, 227);
INSERT INTO SkillRel VALUES (33, 327);
INSERT INTO SkillRel VALUES (33, 428);
INSERT INTO SkillRel VALUES (33, 450);
INSERT INTO SkillRel VALUES (33, 477);
INSERT INTO SkillRel VALUES (33, 489);
INSERT INTO SkillRel VALUES (33, 565);
INSERT INTO SkillRel VALUES (33, 584);
INSERT INTO SkillRel VALUES (33, 605);
INSERT INTO SkillRel VALUES (33, 723);
INSERT INTO SkillRel VALUES (33, 738);
INSERT INTO SkillRel VALUES (33, 753);
INSERT INTO SkillRel VALUES (33, 774);
INSERT INTO SkillRel VALUES (33, 781);
INSERT INTO SkillRel VALUES (33, 827);
INSERT INTO SkillRel VALUES (33, 851);
INSERT INTO SkillRel VALUES (33, 887);
INSERT INTO SkillRel VALUES (33, 971);
INSERT INTO SkillRel VALUES (33, 998);
INSERT INTO SkillRel VALUES (34, 27);
INSERT INTO SkillRel VALUES (34, 61);
INSERT INTO SkillRel VALUES (34, 170);
INSERT INTO SkillRel VALUES (34, 182);
INSERT INTO SkillRel VALUES (34, 319);
INSERT INTO SkillRel VALUES (34, 325);
INSERT INTO SkillRel VALUES (34, 473);
INSERT INTO SkillRel VALUES (34, 496);
INSERT INTO SkillRel VALUES (34, 502);
INSERT INTO SkillRel VALUES (34, 518);
INSERT INTO SkillRel VALUES (34, 549);
INSERT INTO SkillRel VALUES (34, 555);
INSERT INTO SkillRel VALUES (34, 584);
INSERT INTO SkillRel VALUES (34, 733);
INSERT INTO SkillRel VALUES (34, 887);
INSERT INTO SkillRel VALUES (34, 995);
INSERT INTO SkillRel VALUES (34, 1013);
INSERT INTO SkillRel VALUES (34, 1019);
INSERT INTO SkillRel VALUES (34, 1070);
INSERT INTO SkillRel VALUES (35, 14);
INSERT INTO SkillRel VALUES (35, 21);
INSERT INTO SkillRel VALUES (35, 33);
INSERT INTO SkillRel VALUES (35, 59);
INSERT INTO SkillRel VALUES (35, 82);
INSERT INTO SkillRel VALUES (35, 192);
INSERT INTO SkillRel VALUES (35, 272);
INSERT INTO SkillRel VALUES (35, 283);
INSERT INTO SkillRel VALUES (35, 365);
INSERT INTO SkillRel VALUES (35, 411);
INSERT INTO SkillRel VALUES (35, 419);
INSERT INTO SkillRel VALUES (35, 441);
INSERT INTO SkillRel VALUES (35, 453);
INSERT INTO SkillRel VALUES (35, 510);
INSERT INTO SkillRel VALUES (35, 517);
INSERT INTO SkillRel VALUES (35, 529);
INSERT INTO SkillRel VALUES (35, 534);
INSERT INTO SkillRel VALUES (35, 560);
INSERT INTO SkillRel VALUES (35, 578);
INSERT INTO SkillRel VALUES (35, 603);
INSERT INTO SkillRel VALUES (35, 605);
INSERT INTO SkillRel VALUES (35, 705);
INSERT INTO SkillRel VALUES (35, 715);
INSERT INTO SkillRel VALUES (35, 851);
INSERT INTO SkillRel VALUES (35, 926);
INSERT INTO SkillRel VALUES (35, 959);
INSERT INTO SkillRel VALUES (35, 1085);
INSERT INTO SkillRel VALUES (36, 1);
INSERT INTO SkillRel VALUES (36, 71);
INSERT INTO SkillRel VALUES (36, 113);
INSERT INTO SkillRel VALUES (36, 115);
INSERT INTO SkillRel VALUES (36, 160);
INSERT INTO SkillRel VALUES (36, 182);
INSERT INTO SkillRel VALUES (36, 183);
INSERT INTO SkillRel VALUES (36, 200);
INSERT INTO SkillRel VALUES (36, 238);
INSERT INTO SkillRel VALUES (36, 248);
INSERT INTO SkillRel VALUES (36, 260);
INSERT INTO SkillRel VALUES (36, 319);
INSERT INTO SkillRel VALUES (36, 379);
INSERT INTO SkillRel VALUES (36, 384);
INSERT INTO SkillRel VALUES (36, 408);
INSERT INTO SkillRel VALUES (36, 421);
INSERT INTO SkillRel VALUES (36, 492);
INSERT INTO SkillRel VALUES (36, 526);
INSERT INTO SkillRel VALUES (36, 547);
INSERT INTO SkillRel VALUES (36, 552);
INSERT INTO SkillRel VALUES (36, 701);
INSERT INTO SkillRel VALUES (36, 719);
INSERT INTO SkillRel VALUES (36, 756);
INSERT INTO SkillRel VALUES (36, 851);
INSERT INTO SkillRel VALUES (36, 887);
INSERT INTO SkillRel VALUES (36, 917);
INSERT INTO SkillRel VALUES (36, 953);
INSERT INTO SkillRel VALUES (36, 1073);
INSERT INTO SkillRel VALUES (37, 5);
INSERT INTO SkillRel VALUES (37, 92);
INSERT INTO SkillRel VALUES (37, 166);
INSERT INTO SkillRel VALUES (37, 179);
INSERT INTO SkillRel VALUES (37, 202);
INSERT INTO SkillRel VALUES (37, 235);
INSERT INTO SkillRel VALUES (37, 250);
INSERT INTO SkillRel VALUES (37, 352);
INSERT INTO SkillRel VALUES (37, 394);
INSERT INTO SkillRel VALUES (37, 401);
INSERT INTO SkillRel VALUES (37, 416);
INSERT INTO SkillRel VALUES (37, 508);
INSERT INTO SkillRel VALUES (37, 512);
INSERT INTO SkillRel VALUES (37, 513);
INSERT INTO SkillRel VALUES (37, 537);
INSERT INTO SkillRel VALUES (37, 542);
INSERT INTO SkillRel VALUES (37, 722);
INSERT INTO SkillRel VALUES (37, 745);
INSERT INTO SkillRel VALUES (37, 771);
INSERT INTO SkillRel VALUES (37, 809);
INSERT INTO SkillRel VALUES (37, 896);
INSERT INTO SkillRel VALUES (37, 998);
INSERT INTO SkillRel VALUES (37, 1031);
INSERT INTO SkillRel VALUES (37, 1037);
INSERT INTO SkillRel VALUES (37, 1076);
INSERT INTO SkillRel VALUES (38, 61);
INSERT INTO SkillRel VALUES (38, 65);
INSERT INTO SkillRel VALUES (38, 89);
INSERT INTO SkillRel VALUES (38, 152);
INSERT INTO SkillRel VALUES (38, 174);
INSERT INTO SkillRel VALUES (38, 179);
INSERT INTO SkillRel VALUES (38, 249);
INSERT INTO SkillRel VALUES (38, 272);
INSERT INTO SkillRel VALUES (38, 288);
INSERT INTO SkillRel VALUES (38, 339);
INSERT INTO SkillRel VALUES (38, 381);
INSERT INTO SkillRel VALUES (38, 426);
INSERT INTO SkillRel VALUES (38, 450);
INSERT INTO SkillRel VALUES (38, 451);
INSERT INTO SkillRel VALUES (38, 458);
INSERT INTO SkillRel VALUES (38, 474);
INSERT INTO SkillRel VALUES (38, 484);
INSERT INTO SkillRel VALUES (38, 527);
INSERT INTO SkillRel VALUES (38, 535);
INSERT INTO SkillRel VALUES (38, 551);
INSERT INTO SkillRel VALUES (38, 587);
INSERT INTO SkillRel VALUES (38, 588);
INSERT INTO SkillRel VALUES (38, 717);
INSERT INTO SkillRel VALUES (38, 724);
INSERT INTO SkillRel VALUES (38, 725);
INSERT INTO SkillRel VALUES (38, 734);
INSERT INTO SkillRel VALUES (38, 781);
INSERT INTO SkillRel VALUES (38, 836);
INSERT INTO SkillRel VALUES (38, 854);
INSERT INTO SkillRel VALUES (38, 857);
INSERT INTO SkillRel VALUES (38, 884);
INSERT INTO SkillRel VALUES (38, 974);
INSERT INTO SkillRel VALUES (38, 1004);
INSERT INTO SkillRel VALUES (38, 1013);
INSERT INTO SkillRel VALUES (38, 1034);
INSERT INTO SkillRel VALUES (39, 1);
INSERT INTO SkillRel VALUES (39, 95);
INSERT INTO SkillRel VALUES (39, 124);
INSERT INTO SkillRel VALUES (39, 139);
INSERT INTO SkillRel VALUES (39, 170);
INSERT INTO SkillRel VALUES (39, 221);
INSERT INTO SkillRel VALUES (39, 276);
INSERT INTO SkillRel VALUES (39, 326);
INSERT INTO SkillRel VALUES (39, 378);
INSERT INTO SkillRel VALUES (39, 429);
INSERT INTO SkillRel VALUES (39, 447);
INSERT INTO SkillRel VALUES (39, 469);
INSERT INTO SkillRel VALUES (39, 488);
INSERT INTO SkillRel VALUES (39, 523);
INSERT INTO SkillRel VALUES (39, 538);
INSERT INTO SkillRel VALUES (39, 552);
INSERT INTO SkillRel VALUES (39, 557);
INSERT INTO SkillRel VALUES (39, 561);
INSERT INTO SkillRel VALUES (39, 601);
INSERT INTO SkillRel VALUES (39, 766);
INSERT INTO SkillRel VALUES (39, 767);
INSERT INTO SkillRel VALUES (39, 830);
INSERT INTO SkillRel VALUES (39, 887);
INSERT INTO SkillRel VALUES (39, 947);
INSERT INTO SkillRel VALUES (39, 1022);
INSERT INTO SkillRel VALUES (39, 1055);
INSERT INTO SkillRel VALUES (39, 1085);
INSERT INTO SkillRel VALUES (40, 50);
INSERT INTO SkillRel VALUES (40, 56);
INSERT INTO SkillRel VALUES (40, 108);
INSERT INTO SkillRel VALUES (40, 155);
INSERT INTO SkillRel VALUES (40, 177);
INSERT INTO SkillRel VALUES (40, 188);
INSERT INTO SkillRel VALUES (40, 207);
INSERT INTO SkillRel VALUES (40, 212);
INSERT INTO SkillRel VALUES (40, 227);
INSERT INTO SkillRel VALUES (40, 237);
INSERT INTO SkillRel VALUES (40, 251);
INSERT INTO SkillRel VALUES (40, 262);
INSERT INTO SkillRel VALUES (40, 280);
INSERT INTO SkillRel VALUES (40, 287);
INSERT INTO SkillRel VALUES (40, 293);
INSERT INTO SkillRel VALUES (40, 330);
INSERT INTO SkillRel VALUES (40, 332);
INSERT INTO SkillRel VALUES (40, 396);
INSERT INTO SkillRel VALUES (40, 457);
INSERT INTO SkillRel VALUES (40, 474);
INSERT INTO SkillRel VALUES (40, 564);
INSERT INTO SkillRel VALUES (40, 582);
INSERT INTO SkillRel VALUES (40, 598);
INSERT INTO SkillRel VALUES (40, 792);
INSERT INTO SkillRel VALUES (40, 1022);
INSERT INTO SkillRel VALUES (40, 1043);
INSERT INTO SkillRel VALUES (40, 1055);
INSERT INTO SkillRel VALUES (40, 1073);
INSERT INTO SkillRel VALUES (40, 1085);
INSERT INTO SkillRel VALUES (40, 1106);
INSERT INTO SkillRel VALUES (41, 49);
INSERT INTO SkillRel VALUES (41, 50);
INSERT INTO SkillRel VALUES (41, 56);
INSERT INTO SkillRel VALUES (41, 90);
INSERT INTO SkillRel VALUES (41, 124);
INSERT INTO SkillRel VALUES (41, 150);
INSERT INTO SkillRel VALUES (41, 157);
INSERT INTO SkillRel VALUES (41, 175);
INSERT INTO SkillRel VALUES (41, 210);
INSERT INTO SkillRel VALUES (41, 229);
INSERT INTO SkillRel VALUES (41, 274);
INSERT INTO SkillRel VALUES (41, 295);
INSERT INTO SkillRel VALUES (41, 306);
INSERT INTO SkillRel VALUES (41, 335);
INSERT INTO SkillRel VALUES (41, 345);
INSERT INTO SkillRel VALUES (41, 355);
INSERT INTO SkillRel VALUES (41, 409);
INSERT INTO SkillRel VALUES (41, 416);
INSERT INTO SkillRel VALUES (41, 428);
INSERT INTO SkillRel VALUES (41, 441);
INSERT INTO SkillRel VALUES (41, 476);
INSERT INTO SkillRel VALUES (41, 519);
INSERT INTO SkillRel VALUES (41, 533);
INSERT INTO SkillRel VALUES (41, 571);
INSERT INTO SkillRel VALUES (41, 599);
INSERT INTO SkillRel VALUES (41, 715);
INSERT INTO SkillRel VALUES (41, 743);
INSERT INTO SkillRel VALUES (41, 793);
INSERT INTO SkillRel VALUES (41, 872);
INSERT INTO SkillRel VALUES (41, 884);
INSERT INTO SkillRel VALUES (41, 962);
INSERT INTO SkillRel VALUES (42, 7);
INSERT INTO SkillRel VALUES (42, 48);
INSERT INTO SkillRel VALUES (42, 55);
INSERT INTO SkillRel VALUES (42, 70);
INSERT INTO SkillRel VALUES (42, 113);
INSERT INTO SkillRel VALUES (42, 164);
INSERT INTO SkillRel VALUES (42, 168);
INSERT INTO SkillRel VALUES (42, 281);
INSERT INTO SkillRel VALUES (42, 311);
INSERT INTO SkillRel VALUES (42, 317);
INSERT INTO SkillRel VALUES (42, 329);
INSERT INTO SkillRel VALUES (42, 360);
INSERT INTO SkillRel VALUES (42, 361);
INSERT INTO SkillRel VALUES (42, 374);
INSERT INTO SkillRel VALUES (42, 409);
INSERT INTO SkillRel VALUES (42, 423);
INSERT INTO SkillRel VALUES (42, 439);
INSERT INTO SkillRel VALUES (42, 462);
INSERT INTO SkillRel VALUES (42, 466);
INSERT INTO SkillRel VALUES (42, 474);
INSERT INTO SkillRel VALUES (42, 482);
INSERT INTO SkillRel VALUES (42, 530);
INSERT INTO SkillRel VALUES (42, 537);
INSERT INTO SkillRel VALUES (42, 563);
INSERT INTO SkillRel VALUES (42, 565);
INSERT INTO SkillRel VALUES (42, 710);
INSERT INTO SkillRel VALUES (42, 758);
INSERT INTO SkillRel VALUES (42, 971);
INSERT INTO SkillRel VALUES (42, 1007);
INSERT INTO SkillRel VALUES (43, 83);
INSERT INTO SkillRel VALUES (43, 102);
INSERT INTO SkillRel VALUES (43, 150);
INSERT INTO SkillRel VALUES (43, 167);
INSERT INTO SkillRel VALUES (43, 210);
INSERT INTO SkillRel VALUES (43, 211);
INSERT INTO SkillRel VALUES (43, 250);
INSERT INTO SkillRel VALUES (43, 275);
INSERT INTO SkillRel VALUES (43, 277);
INSERT INTO SkillRel VALUES (43, 295);
INSERT INTO SkillRel VALUES (43, 339);
INSERT INTO SkillRel VALUES (43, 365);
INSERT INTO SkillRel VALUES (43, 415);
INSERT INTO SkillRel VALUES (43, 520);
INSERT INTO SkillRel VALUES (43, 531);
INSERT INTO SkillRel VALUES (43, 537);
INSERT INTO SkillRel VALUES (43, 554);
INSERT INTO SkillRel VALUES (43, 556);
INSERT INTO SkillRel VALUES (43, 564);
INSERT INTO SkillRel VALUES (43, 577);
INSERT INTO SkillRel VALUES (43, 585);
INSERT INTO SkillRel VALUES (43, 711);
INSERT INTO SkillRel VALUES (43, 714);
INSERT INTO SkillRel VALUES (43, 768);
INSERT INTO SkillRel VALUES (43, 854);
INSERT INTO SkillRel VALUES (43, 866);
INSERT INTO SkillRel VALUES (44, 39);
INSERT INTO SkillRel VALUES (44, 45);
INSERT INTO SkillRel VALUES (44, 58);
INSERT INTO SkillRel VALUES (44, 61);
INSERT INTO SkillRel VALUES (44, 85);
INSERT INTO SkillRel VALUES (44, 104);
INSERT INTO SkillRel VALUES (44, 113);
INSERT INTO SkillRel VALUES (44, 124);
INSERT INTO SkillRel VALUES (44, 169);
INSERT INTO SkillRel VALUES (44, 186);
INSERT INTO SkillRel VALUES (44, 256);
INSERT INTO SkillRel VALUES (44, 320);
INSERT INTO SkillRel VALUES (44, 365);
INSERT INTO SkillRel VALUES (44, 408);
INSERT INTO SkillRel VALUES (44, 419);
INSERT INTO SkillRel VALUES (44, 441);
INSERT INTO SkillRel VALUES (44, 442);
INSERT INTO SkillRel VALUES (44, 528);
INSERT INTO SkillRel VALUES (44, 552);
INSERT INTO SkillRel VALUES (44, 557);
INSERT INTO SkillRel VALUES (44, 604);
INSERT INTO SkillRel VALUES (44, 606);
INSERT INTO SkillRel VALUES (44, 714);
INSERT INTO SkillRel VALUES (44, 721);
INSERT INTO SkillRel VALUES (44, 752);
INSERT INTO SkillRel VALUES (44, 795);
INSERT INTO SkillRel VALUES (44, 851);
INSERT INTO SkillRel VALUES (44, 1064);
INSERT INTO SkillRel VALUES (45, 69);
INSERT INTO SkillRel VALUES (45, 71);
INSERT INTO SkillRel VALUES (45, 106);
INSERT INTO SkillRel VALUES (45, 116);
INSERT INTO SkillRel VALUES (45, 144);
INSERT INTO SkillRel VALUES (45, 145);
INSERT INTO SkillRel VALUES (45, 146);
INSERT INTO SkillRel VALUES (45, 152);
INSERT INTO SkillRel VALUES (45, 159);
INSERT INTO SkillRel VALUES (45, 199);
INSERT INTO SkillRel VALUES (45, 244);
INSERT INTO SkillRel VALUES (45, 252);
INSERT INTO SkillRel VALUES (45, 256);
INSERT INTO SkillRel VALUES (45, 284);
INSERT INTO SkillRel VALUES (45, 293);
INSERT INTO SkillRel VALUES (45, 343);
INSERT INTO SkillRel VALUES (45, 356);
INSERT INTO SkillRel VALUES (45, 379);
INSERT INTO SkillRel VALUES (45, 402);
INSERT INTO SkillRel VALUES (45, 408);
INSERT INTO SkillRel VALUES (45, 415);
INSERT INTO SkillRel VALUES (45, 502);
INSERT INTO SkillRel VALUES (45, 513);
INSERT INTO SkillRel VALUES (45, 580);
INSERT INTO SkillRel VALUES (45, 581);
INSERT INTO SkillRel VALUES (45, 595);
INSERT INTO SkillRel VALUES (45, 603);
INSERT INTO SkillRel VALUES (45, 713);
INSERT INTO SkillRel VALUES (45, 718);
INSERT INTO SkillRel VALUES (45, 728);
INSERT INTO SkillRel VALUES (45, 739);
INSERT INTO SkillRel VALUES (45, 783);
INSERT INTO SkillRel VALUES (45, 809);
INSERT INTO SkillRel VALUES (45, 896);
INSERT INTO SkillRel VALUES (45, 1016);
INSERT INTO SkillRel VALUES (45, 1094);
INSERT INTO SkillRel VALUES (46, 69);
INSERT INTO SkillRel VALUES (46, 70);
INSERT INTO SkillRel VALUES (46, 72);
INSERT INTO SkillRel VALUES (46, 93);
INSERT INTO SkillRel VALUES (46, 169);
INSERT INTO SkillRel VALUES (46, 189);
INSERT INTO SkillRel VALUES (46, 206);
INSERT INTO SkillRel VALUES (46, 219);
INSERT INTO SkillRel VALUES (46, 250);
INSERT INTO SkillRel VALUES (46, 261);
INSERT INTO SkillRel VALUES (46, 265);
INSERT INTO SkillRel VALUES (46, 283);
INSERT INTO SkillRel VALUES (46, 293);
INSERT INTO SkillRel VALUES (46, 295);
INSERT INTO SkillRel VALUES (46, 354);
INSERT INTO SkillRel VALUES (46, 363);
INSERT INTO SkillRel VALUES (46, 453);
INSERT INTO SkillRel VALUES (46, 520);
INSERT INTO SkillRel VALUES (46, 531);
INSERT INTO SkillRel VALUES (46, 546);
INSERT INTO SkillRel VALUES (46, 709);
INSERT INTO SkillRel VALUES (46, 721);
INSERT INTO SkillRel VALUES (46, 731);
INSERT INTO SkillRel VALUES (46, 735);
INSERT INTO SkillRel VALUES (46, 747);
INSERT INTO SkillRel VALUES (46, 766);
INSERT INTO SkillRel VALUES (46, 772);
INSERT INTO SkillRel VALUES (46, 935);
INSERT INTO SkillRel VALUES (47, 49);
INSERT INTO SkillRel VALUES (47, 64);
INSERT INTO SkillRel VALUES (47, 65);
INSERT INTO SkillRel VALUES (47, 76);
INSERT INTO SkillRel VALUES (47, 144);
INSERT INTO SkillRel VALUES (47, 226);
INSERT INTO SkillRel VALUES (47, 245);
INSERT INTO SkillRel VALUES (47, 287);
INSERT INTO SkillRel VALUES (47, 377);
INSERT INTO SkillRel VALUES (47, 385);
INSERT INTO SkillRel VALUES (47, 412);
INSERT INTO SkillRel VALUES (47, 432);
INSERT INTO SkillRel VALUES (47, 440);
INSERT INTO SkillRel VALUES (47, 461);
INSERT INTO SkillRel VALUES (47, 470);
INSERT INTO SkillRel VALUES (47, 494);
INSERT INTO SkillRel VALUES (47, 503);
INSERT INTO SkillRel VALUES (47, 506);
INSERT INTO SkillRel VALUES (47, 530);
INSERT INTO SkillRel VALUES (47, 535);
INSERT INTO SkillRel VALUES (47, 738);
INSERT INTO SkillRel VALUES (47, 744);
INSERT INTO SkillRel VALUES (47, 759);
INSERT INTO SkillRel VALUES (47, 770);
INSERT INTO SkillRel VALUES (47, 772);
INSERT INTO SkillRel VALUES (47, 875);
INSERT INTO SkillRel VALUES (47, 899);
INSERT INTO SkillRel VALUES (47, 917);
INSERT INTO SkillRel VALUES (47, 1013);
INSERT INTO SkillRel VALUES (48, 30);
INSERT INTO SkillRel VALUES (48, 72);
INSERT INTO SkillRel VALUES (48, 131);
INSERT INTO SkillRel VALUES (48, 136);
INSERT INTO SkillRel VALUES (48, 139);
INSERT INTO SkillRel VALUES (48, 157);
INSERT INTO SkillRel VALUES (48, 201);
INSERT INTO SkillRel VALUES (48, 217);
INSERT INTO SkillRel VALUES (48, 221);
INSERT INTO SkillRel VALUES (48, 228);
INSERT INTO SkillRel VALUES (48, 236);
INSERT INTO SkillRel VALUES (48, 271);
INSERT INTO SkillRel VALUES (48, 275);
INSERT INTO SkillRel VALUES (48, 299);
INSERT INTO SkillRel VALUES (48, 316);
INSERT INTO SkillRel VALUES (48, 319);
INSERT INTO SkillRel VALUES (48, 373);
INSERT INTO SkillRel VALUES (48, 393);
INSERT INTO SkillRel VALUES (48, 412);
INSERT INTO SkillRel VALUES (48, 506);
INSERT INTO SkillRel VALUES (48, 517);
INSERT INTO SkillRel VALUES (48, 539);
INSERT INTO SkillRel VALUES (48, 540);
INSERT INTO SkillRel VALUES (48, 566);
INSERT INTO SkillRel VALUES (48, 593);
INSERT INTO SkillRel VALUES (48, 704);
INSERT INTO SkillRel VALUES (48, 706);
INSERT INTO SkillRel VALUES (48, 707);
INSERT INTO SkillRel VALUES (48, 726);
INSERT INTO SkillRel VALUES (48, 746);
INSERT INTO SkillRel VALUES (48, 750);
INSERT INTO SkillRel VALUES (48, 752);
INSERT INTO SkillRel VALUES (48, 769);
INSERT INTO SkillRel VALUES (48, 783);
INSERT INTO SkillRel VALUES (48, 869);
INSERT INTO SkillRel VALUES (48, 893);
INSERT INTO SkillRel VALUES (48, 911);
INSERT INTO SkillRel VALUES (48, 926);
INSERT INTO SkillRel VALUES (48, 980);
INSERT INTO SkillRel VALUES (48, 1001);
INSERT INTO SkillRel VALUES (48, 1007);
INSERT INTO SkillRel VALUES (48, 1019);
INSERT INTO SkillRel VALUES (48, 1106);
INSERT INTO SkillRel VALUES (49, 21);
INSERT INTO SkillRel VALUES (49, 93);
INSERT INTO SkillRel VALUES (49, 97);
INSERT INTO SkillRel VALUES (49, 100);
INSERT INTO SkillRel VALUES (49, 144);
INSERT INTO SkillRel VALUES (49, 183);
INSERT INTO SkillRel VALUES (49, 191);
INSERT INTO SkillRel VALUES (49, 203);
INSERT INTO SkillRel VALUES (49, 220);
INSERT INTO SkillRel VALUES (49, 232);
INSERT INTO SkillRel VALUES (49, 279);
INSERT INTO SkillRel VALUES (49, 359);
INSERT INTO SkillRel VALUES (49, 382);
INSERT INTO SkillRel VALUES (49, 440);
INSERT INTO SkillRel VALUES (49, 516);
INSERT INTO SkillRel VALUES (49, 525);
INSERT INTO SkillRel VALUES (49, 544);
INSERT INTO SkillRel VALUES (49, 566);
INSERT INTO SkillRel VALUES (49, 582);
INSERT INTO SkillRel VALUES (49, 595);
INSERT INTO SkillRel VALUES (49, 703);
INSERT INTO SkillRel VALUES (49, 715);
INSERT INTO SkillRel VALUES (49, 727);
INSERT INTO SkillRel VALUES (49, 755);
INSERT INTO SkillRel VALUES (49, 763);
INSERT INTO SkillRel VALUES (49, 765);
INSERT INTO SkillRel VALUES (49, 781);
INSERT INTO SkillRel VALUES (49, 793);
INSERT INTO SkillRel VALUES (49, 827);
INSERT INTO SkillRel VALUES (49, 839);
INSERT INTO SkillRel VALUES (49, 1079);
INSERT INTO SkillRel VALUES (50, 20);
INSERT INTO SkillRel VALUES (50, 45);
INSERT INTO SkillRel VALUES (50, 84);
INSERT INTO SkillRel VALUES (50, 133);
INSERT INTO SkillRel VALUES (50, 146);
INSERT INTO SkillRel VALUES (50, 159);
INSERT INTO SkillRel VALUES (50, 191);
INSERT INTO SkillRel VALUES (50, 199);
INSERT INTO SkillRel VALUES (50, 233);
INSERT INTO SkillRel VALUES (50, 266);
INSERT INTO SkillRel VALUES (50, 271);
INSERT INTO SkillRel VALUES (50, 277);
INSERT INTO SkillRel VALUES (50, 311);
INSERT INTO SkillRel VALUES (50, 342);
INSERT INTO SkillRel VALUES (50, 369);
INSERT INTO SkillRel VALUES (50, 370);
INSERT INTO SkillRel VALUES (50, 375);
INSERT INTO SkillRel VALUES (50, 404);
INSERT INTO SkillRel VALUES (50, 431);
INSERT INTO SkillRel VALUES (50, 450);
INSERT INTO SkillRel VALUES (50, 453);
INSERT INTO SkillRel VALUES (50, 465);
INSERT INTO SkillRel VALUES (50, 500);
INSERT INTO SkillRel VALUES (50, 538);
INSERT INTO SkillRel VALUES (50, 713);
INSERT INTO SkillRel VALUES (50, 722);
INSERT INTO SkillRel VALUES (50, 729);
INSERT INTO SkillRel VALUES (50, 742);
INSERT INTO SkillRel VALUES (50, 743);
INSERT INTO SkillRel VALUES (50, 806);
INSERT INTO SkillRel VALUES (50, 842);
INSERT INTO SkillRel VALUES (50, 845);
INSERT INTO SkillRel VALUES (50, 1061);
INSERT INTO SkillRel VALUES (51, 84);
INSERT INTO SkillRel VALUES (51, 99);
INSERT INTO SkillRel VALUES (51, 123);
INSERT INTO SkillRel VALUES (51, 160);
INSERT INTO SkillRel VALUES (51, 168);
INSERT INTO SkillRel VALUES (51, 186);
INSERT INTO SkillRel VALUES (51, 244);
INSERT INTO SkillRel VALUES (51, 317);
INSERT INTO SkillRel VALUES (51, 321);
INSERT INTO SkillRel VALUES (51, 361);
INSERT INTO SkillRel VALUES (51, 391);
INSERT INTO SkillRel VALUES (51, 438);
INSERT INTO SkillRel VALUES (51, 454);
INSERT INTO SkillRel VALUES (51, 465);
INSERT INTO SkillRel VALUES (51, 473);
INSERT INTO SkillRel VALUES (51, 508);
INSERT INTO SkillRel VALUES (51, 540);
INSERT INTO SkillRel VALUES (51, 551);
INSERT INTO SkillRel VALUES (51, 572);
INSERT INTO SkillRel VALUES (51, 708);
INSERT INTO SkillRel VALUES (51, 712);
INSERT INTO SkillRel VALUES (51, 743);
INSERT INTO SkillRel VALUES (51, 788);
INSERT INTO SkillRel VALUES (51, 902);
INSERT INTO SkillRel VALUES (51, 923);
INSERT INTO SkillRel VALUES (51, 935);
INSERT INTO SkillRel VALUES (52, 2);
INSERT INTO SkillRel VALUES (52, 65);
INSERT INTO SkillRel VALUES (52, 78);
INSERT INTO SkillRel VALUES (52, 157);
INSERT INTO SkillRel VALUES (52, 170);
INSERT INTO SkillRel VALUES (52, 175);
INSERT INTO SkillRel VALUES (52, 183);
INSERT INTO SkillRel VALUES (52, 187);
INSERT INTO SkillRel VALUES (52, 207);
INSERT INTO SkillRel VALUES (52, 230);
INSERT INTO SkillRel VALUES (52, 233);
INSERT INTO SkillRel VALUES (52, 256);
INSERT INTO SkillRel VALUES (52, 258);
INSERT INTO SkillRel VALUES (52, 269);
INSERT INTO SkillRel VALUES (52, 346);
INSERT INTO SkillRel VALUES (52, 373);
INSERT INTO SkillRel VALUES (52, 380);
INSERT INTO SkillRel VALUES (52, 397);
INSERT INTO SkillRel VALUES (52, 405);
INSERT INTO SkillRel VALUES (52, 419);
INSERT INTO SkillRel VALUES (52, 425);
INSERT INTO SkillRel VALUES (52, 440);
INSERT INTO SkillRel VALUES (52, 446);
INSERT INTO SkillRel VALUES (52, 454);
INSERT INTO SkillRel VALUES (52, 460);
INSERT INTO SkillRel VALUES (52, 481);
INSERT INTO SkillRel VALUES (52, 485);
INSERT INTO SkillRel VALUES (52, 496);
INSERT INTO SkillRel VALUES (52, 505);
INSERT INTO SkillRel VALUES (52, 526);
INSERT INTO SkillRel VALUES (52, 543);
INSERT INTO SkillRel VALUES (52, 571);
INSERT INTO SkillRel VALUES (52, 584);
INSERT INTO SkillRel VALUES (52, 591);
INSERT INTO SkillRel VALUES (52, 602);
INSERT INTO SkillRel VALUES (52, 603);
INSERT INTO SkillRel VALUES (52, 733);
INSERT INTO SkillRel VALUES (52, 748);
INSERT INTO SkillRel VALUES (52, 760);
INSERT INTO SkillRel VALUES (52, 763);
INSERT INTO SkillRel VALUES (52, 766);
INSERT INTO SkillRel VALUES (52, 791);
INSERT INTO SkillRel VALUES (52, 815);
INSERT INTO SkillRel VALUES (52, 893);
INSERT INTO SkillRel VALUES (52, 941);
INSERT INTO SkillRel VALUES (52, 950);
INSERT INTO SkillRel VALUES (52, 1007);
INSERT INTO SkillRel VALUES (52, 1064);
INSERT INTO SkillRel VALUES (53, 43);
INSERT INTO SkillRel VALUES (53, 121);
INSERT INTO SkillRel VALUES (53, 133);
INSERT INTO SkillRel VALUES (53, 151);
INSERT INTO SkillRel VALUES (53, 207);
INSERT INTO SkillRel VALUES (53, 278);
INSERT INTO SkillRel VALUES (53, 320);
INSERT INTO SkillRel VALUES (53, 327);
INSERT INTO SkillRel VALUES (53, 343);
INSERT INTO SkillRel VALUES (53, 429);
INSERT INTO SkillRel VALUES (53, 432);
INSERT INTO SkillRel VALUES (53, 451);
INSERT INTO SkillRel VALUES (53, 494);
INSERT INTO SkillRel VALUES (53, 504);
INSERT INTO SkillRel VALUES (53, 511);
INSERT INTO SkillRel VALUES (53, 526);
INSERT INTO SkillRel VALUES (53, 535);
INSERT INTO SkillRel VALUES (53, 552);
INSERT INTO SkillRel VALUES (53, 702);
INSERT INTO SkillRel VALUES (53, 735);
INSERT INTO SkillRel VALUES (53, 746);
INSERT INTO SkillRel VALUES (53, 778);
INSERT INTO SkillRel VALUES (53, 791);
INSERT INTO SkillRel VALUES (53, 833);
INSERT INTO SkillRel VALUES (53, 896);
INSERT INTO SkillRel VALUES (53, 956);
INSERT INTO SkillRel VALUES (53, 971);
INSERT INTO SkillRel VALUES (53, 1025);
INSERT INTO SkillRel VALUES (54, 2);
INSERT INTO SkillRel VALUES (54, 21);
INSERT INTO SkillRel VALUES (54, 65);
INSERT INTO SkillRel VALUES (54, 179);
INSERT INTO SkillRel VALUES (54, 190);
INSERT INTO SkillRel VALUES (54, 223);
INSERT INTO SkillRel VALUES (54, 257);
INSERT INTO SkillRel VALUES (54, 286);
INSERT INTO SkillRel VALUES (54, 288);
INSERT INTO SkillRel VALUES (54, 316);
INSERT INTO SkillRel VALUES (54, 423);
INSERT INTO SkillRel VALUES (54, 426);
INSERT INTO SkillRel VALUES (54, 436);
INSERT INTO SkillRel VALUES (54, 445);
INSERT INTO SkillRel VALUES (54, 477);
INSERT INTO SkillRel VALUES (54, 487);
INSERT INTO SkillRel VALUES (54, 503);
INSERT INTO SkillRel VALUES (54, 504);
INSERT INTO SkillRel VALUES (54, 506);
INSERT INTO SkillRel VALUES (54, 512);
INSERT INTO SkillRel VALUES (54, 519);
INSERT INTO SkillRel VALUES (54, 526);
INSERT INTO SkillRel VALUES (54, 555);
INSERT INTO SkillRel VALUES (54, 580);
INSERT INTO SkillRel VALUES (54, 589);
INSERT INTO SkillRel VALUES (54, 600);
INSERT INTO SkillRel VALUES (54, 601);
INSERT INTO SkillRel VALUES (54, 728);
INSERT INTO SkillRel VALUES (54, 736);
INSERT INTO SkillRel VALUES (54, 765);
INSERT INTO SkillRel VALUES (54, 773);
INSERT INTO SkillRel VALUES (54, 785);
INSERT INTO SkillRel VALUES (54, 788);
INSERT INTO SkillRel VALUES (54, 917);
INSERT INTO SkillRel VALUES (54, 965);
INSERT INTO SkillRel VALUES (54, 995);
INSERT INTO SkillRel VALUES (55, 82);
INSERT INTO SkillRel VALUES (55, 181);
INSERT INTO SkillRel VALUES (55, 187);
INSERT INTO SkillRel VALUES (55, 283);
INSERT INTO SkillRel VALUES (55, 306);
INSERT INTO SkillRel VALUES (55, 332);
INSERT INTO SkillRel VALUES (55, 353);
INSERT INTO SkillRel VALUES (55, 364);
INSERT INTO SkillRel VALUES (55, 369);
INSERT INTO SkillRel VALUES (55, 412);
INSERT INTO SkillRel VALUES (55, 448);
INSERT INTO SkillRel VALUES (55, 491);
INSERT INTO SkillRel VALUES (55, 498);
INSERT INTO SkillRel VALUES (55, 502);
INSERT INTO SkillRel VALUES (55, 558);
INSERT INTO SkillRel VALUES (55, 571);
INSERT INTO SkillRel VALUES (55, 712);
INSERT INTO SkillRel VALUES (55, 734);
INSERT INTO SkillRel VALUES (55, 735);
INSERT INTO SkillRel VALUES (55, 738);
INSERT INTO SkillRel VALUES (55, 783);
INSERT INTO SkillRel VALUES (55, 845);
INSERT INTO SkillRel VALUES (55, 899);
INSERT INTO SkillRel VALUES (55, 1001);
INSERT INTO SkillRel VALUES (56, 43);
INSERT INTO SkillRel VALUES (56, 48);
INSERT INTO SkillRel VALUES (56, 86);
INSERT INTO SkillRel VALUES (56, 116);
INSERT INTO SkillRel VALUES (56, 136);
INSERT INTO SkillRel VALUES (56, 145);
INSERT INTO SkillRel VALUES (56, 149);
INSERT INTO SkillRel VALUES (56, 166);
INSERT INTO SkillRel VALUES (56, 178);
INSERT INTO SkillRel VALUES (56, 247);
INSERT INTO SkillRel VALUES (56, 321);
INSERT INTO SkillRel VALUES (56, 422);
INSERT INTO SkillRel VALUES (56, 450);
INSERT INTO SkillRel VALUES (56, 473);
INSERT INTO SkillRel VALUES (56, 488);
INSERT INTO SkillRel VALUES (56, 518);
INSERT INTO SkillRel VALUES (56, 549);
INSERT INTO SkillRel VALUES (56, 555);
INSERT INTO SkillRel VALUES (56, 565);
INSERT INTO SkillRel VALUES (56, 700);
INSERT INTO SkillRel VALUES (56, 714);
INSERT INTO SkillRel VALUES (56, 732);
INSERT INTO SkillRel VALUES (56, 743);
INSERT INTO SkillRel VALUES (56, 783);
INSERT INTO SkillRel VALUES (56, 795);
INSERT INTO SkillRel VALUES (56, 821);
INSERT INTO SkillRel VALUES (56, 1043);
INSERT INTO SkillRel VALUES (56, 1079);
INSERT INTO SkillRel VALUES (57, 1);
INSERT INTO SkillRel VALUES (57, 21);
INSERT INTO SkillRel VALUES (57, 45);
INSERT INTO SkillRel VALUES (57, 95);
INSERT INTO SkillRel VALUES (57, 99);
INSERT INTO SkillRel VALUES (57, 104);
INSERT INTO SkillRel VALUES (57, 184);
INSERT INTO SkillRel VALUES (57, 209);
INSERT INTO SkillRel VALUES (57, 284);
INSERT INTO SkillRel VALUES (57, 303);
INSERT INTO SkillRel VALUES (57, 309);
INSERT INTO SkillRel VALUES (57, 342);
INSERT INTO SkillRel VALUES (57, 397);
INSERT INTO SkillRel VALUES (57, 419);
INSERT INTO SkillRel VALUES (57, 432);
INSERT INTO SkillRel VALUES (57, 454);
INSERT INTO SkillRel VALUES (57, 488);
INSERT INTO SkillRel VALUES (57, 500);
INSERT INTO SkillRel VALUES (57, 519);
INSERT INTO SkillRel VALUES (57, 537);
INSERT INTO SkillRel VALUES (57, 546);
INSERT INTO SkillRel VALUES (57, 583);
INSERT INTO SkillRel VALUES (57, 589);
INSERT INTO SkillRel VALUES (57, 606);
INSERT INTO SkillRel VALUES (57, 716);
INSERT INTO SkillRel VALUES (57, 730);
INSERT INTO SkillRel VALUES (57, 736);
INSERT INTO SkillRel VALUES (57, 929);
INSERT INTO SkillRel VALUES (57, 992);
INSERT INTO SkillRel VALUES (57, 1040);
INSERT INTO SkillRel VALUES (57, 1079);
INSERT INTO SkillRel VALUES (57, 1103);
INSERT INTO SkillRel VALUES (58, 12);
INSERT INTO SkillRel VALUES (58, 33);
INSERT INTO SkillRel VALUES (58, 101);
INSERT INTO SkillRel VALUES (58, 138);
INSERT INTO SkillRel VALUES (58, 159);
INSERT INTO SkillRel VALUES (58, 166);
INSERT INTO SkillRel VALUES (58, 199);
INSERT INTO SkillRel VALUES (58, 313);
INSERT INTO SkillRel VALUES (58, 363);
INSERT INTO SkillRel VALUES (58, 367);
INSERT INTO SkillRel VALUES (58, 378);
INSERT INTO SkillRel VALUES (58, 467);
INSERT INTO SkillRel VALUES (58, 504);
INSERT INTO SkillRel VALUES (58, 532);
INSERT INTO SkillRel VALUES (58, 594);
INSERT INTO SkillRel VALUES (58, 723);
INSERT INTO SkillRel VALUES (58, 733);
INSERT INTO SkillRel VALUES (58, 737);
INSERT INTO SkillRel VALUES (58, 784);
INSERT INTO SkillRel VALUES (58, 872);
INSERT INTO SkillRel VALUES (58, 905);
INSERT INTO SkillRel VALUES (58, 959);
INSERT INTO SkillRel VALUES (58, 965);
INSERT INTO SkillRel VALUES (58, 1025);
INSERT INTO SkillRel VALUES (59, 89);
INSERT INTO SkillRel VALUES (59, 90);
INSERT INTO SkillRel VALUES (59, 96);
INSERT INTO SkillRel VALUES (59, 129);
INSERT INTO SkillRel VALUES (59, 178);
INSERT INTO SkillRel VALUES (59, 182);
INSERT INTO SkillRel VALUES (59, 209);
INSERT INTO SkillRel VALUES (59, 210);
INSERT INTO SkillRel VALUES (59, 223);
INSERT INTO SkillRel VALUES (59, 266);
INSERT INTO SkillRel VALUES (59, 277);
INSERT INTO SkillRel VALUES (59, 280);
INSERT INTO SkillRel VALUES (59, 414);
INSERT INTO SkillRel VALUES (59, 415);
INSERT INTO SkillRel VALUES (59, 417);
INSERT INTO SkillRel VALUES (59, 472);
INSERT INTO SkillRel VALUES (59, 496);
INSERT INTO SkillRel VALUES (59, 499);
INSERT INTO SkillRel VALUES (59, 500);
INSERT INTO SkillRel VALUES (59, 556);
INSERT INTO SkillRel VALUES (59, 557);
INSERT INTO SkillRel VALUES (59, 604);
INSERT INTO SkillRel VALUES (59, 702);
INSERT INTO SkillRel VALUES (59, 721);
INSERT INTO SkillRel VALUES (59, 731);
INSERT INTO SkillRel VALUES (59, 756);
INSERT INTO SkillRel VALUES (59, 757);
INSERT INTO SkillRel VALUES (59, 845);
INSERT INTO SkillRel VALUES (59, 908);
INSERT INTO SkillRel VALUES (59, 920);
INSERT INTO SkillRel VALUES (59, 983);
INSERT INTO SkillRel VALUES (59, 1022);
INSERT INTO SkillRel VALUES (59, 1055);
INSERT INTO SkillRel VALUES (59, 1109);
INSERT INTO SkillRel VALUES (60, 27);
INSERT INTO SkillRel VALUES (60, 31);
INSERT INTO SkillRel VALUES (60, 56);
INSERT INTO SkillRel VALUES (60, 89);
INSERT INTO SkillRel VALUES (60, 94);
INSERT INTO SkillRel VALUES (60, 121);
INSERT INTO SkillRel VALUES (60, 124);
INSERT INTO SkillRel VALUES (60, 126);
INSERT INTO SkillRel VALUES (60, 130);
INSERT INTO SkillRel VALUES (60, 166);
INSERT INTO SkillRel VALUES (60, 269);
INSERT INTO SkillRel VALUES (60, 315);
INSERT INTO SkillRel VALUES (60, 335);
INSERT INTO SkillRel VALUES (60, 351);
INSERT INTO SkillRel VALUES (60, 353);
INSERT INTO SkillRel VALUES (60, 421);
INSERT INTO SkillRel VALUES (60, 436);
INSERT INTO SkillRel VALUES (60, 462);
INSERT INTO SkillRel VALUES (60, 523);
INSERT INTO SkillRel VALUES (60, 536);
INSERT INTO SkillRel VALUES (60, 547);
INSERT INTO SkillRel VALUES (60, 595);
INSERT INTO SkillRel VALUES (60, 703);
INSERT INTO SkillRel VALUES (60, 720);
INSERT INTO SkillRel VALUES (60, 732);
INSERT INTO SkillRel VALUES (60, 775);
INSERT INTO SkillRel VALUES (60, 789);
INSERT INTO SkillRel VALUES (60, 803);
INSERT INTO SkillRel VALUES (60, 833);
INSERT INTO SkillRel VALUES (60, 842);
INSERT INTO SkillRel VALUES (60, 869);
INSERT INTO SkillRel VALUES (60, 1076);
INSERT INTO SkillRel VALUES (61, 21);
INSERT INTO SkillRel VALUES (61, 25);
INSERT INTO SkillRel VALUES (61, 72);
INSERT INTO SkillRel VALUES (61, 87);
INSERT INTO SkillRel VALUES (61, 102);
INSERT INTO SkillRel VALUES (61, 105);
INSERT INTO SkillRel VALUES (61, 141);
INSERT INTO SkillRel VALUES (61, 187);
INSERT INTO SkillRel VALUES (61, 210);
INSERT INTO SkillRel VALUES (61, 243);
INSERT INTO SkillRel VALUES (61, 254);
INSERT INTO SkillRel VALUES (61, 313);
INSERT INTO SkillRel VALUES (61, 346);
INSERT INTO SkillRel VALUES (61, 354);
INSERT INTO SkillRel VALUES (61, 387);
INSERT INTO SkillRel VALUES (61, 401);
INSERT INTO SkillRel VALUES (61, 417);
INSERT INTO SkillRel VALUES (61, 420);
INSERT INTO SkillRel VALUES (61, 467);
INSERT INTO SkillRel VALUES (61, 502);
INSERT INTO SkillRel VALUES (61, 516);
INSERT INTO SkillRel VALUES (61, 595);
INSERT INTO SkillRel VALUES (61, 598);
INSERT INTO SkillRel VALUES (61, 702);
INSERT INTO SkillRel VALUES (61, 709);
INSERT INTO SkillRel VALUES (61, 723);
INSERT INTO SkillRel VALUES (61, 737);
INSERT INTO SkillRel VALUES (61, 741);
INSERT INTO SkillRel VALUES (61, 743);
INSERT INTO SkillRel VALUES (61, 747);
INSERT INTO SkillRel VALUES (61, 749);
INSERT INTO SkillRel VALUES (61, 779);
INSERT INTO SkillRel VALUES (61, 803);
INSERT INTO SkillRel VALUES (61, 878);
INSERT INTO SkillRel VALUES (61, 914);
INSERT INTO SkillRel VALUES (61, 944);
INSERT INTO SkillRel VALUES (61, 1013);
INSERT INTO SkillRel VALUES (61, 1043);
INSERT INTO SkillRel VALUES (61, 1088);
INSERT INTO SkillRel VALUES (61, 1103);
INSERT INTO SkillRel VALUES (62, 4);
INSERT INTO SkillRel VALUES (62, 61);
INSERT INTO SkillRel VALUES (62, 102);
INSERT INTO SkillRel VALUES (62, 128);
INSERT INTO SkillRel VALUES (62, 146);
INSERT INTO SkillRel VALUES (62, 161);
INSERT INTO SkillRel VALUES (62, 173);
INSERT INTO SkillRel VALUES (62, 238);
INSERT INTO SkillRel VALUES (62, 288);
INSERT INTO SkillRel VALUES (62, 311);
INSERT INTO SkillRel VALUES (62, 358);
INSERT INTO SkillRel VALUES (62, 375);
INSERT INTO SkillRel VALUES (62, 384);
INSERT INTO SkillRel VALUES (62, 453);
INSERT INTO SkillRel VALUES (62, 465);
INSERT INTO SkillRel VALUES (62, 466);
INSERT INTO SkillRel VALUES (62, 499);
INSERT INTO SkillRel VALUES (62, 504);
INSERT INTO SkillRel VALUES (62, 522);
INSERT INTO SkillRel VALUES (62, 579);
INSERT INTO SkillRel VALUES (62, 587);
INSERT INTO SkillRel VALUES (62, 715);
INSERT INTO SkillRel VALUES (62, 739);
INSERT INTO SkillRel VALUES (62, 775);
INSERT INTO SkillRel VALUES (62, 793);
INSERT INTO SkillRel VALUES (62, 857);
INSERT INTO SkillRel VALUES (62, 1070);
INSERT INTO SkillRel VALUES (62, 1109);
INSERT INTO SkillRel VALUES (63, 93);
INSERT INTO SkillRel VALUES (63, 100);
INSERT INTO SkillRel VALUES (63, 134);
INSERT INTO SkillRel VALUES (63, 237);
INSERT INTO SkillRel VALUES (63, 250);
INSERT INTO SkillRel VALUES (63, 265);
INSERT INTO SkillRel VALUES (63, 285);
INSERT INTO SkillRel VALUES (63, 306);
INSERT INTO SkillRel VALUES (63, 330);
INSERT INTO SkillRel VALUES (63, 354);
INSERT INTO SkillRel VALUES (63, 428);
INSERT INTO SkillRel VALUES (63, 501);
INSERT INTO SkillRel VALUES (63, 591);
INSERT INTO SkillRel VALUES (63, 602);
INSERT INTO SkillRel VALUES (63, 806);
INSERT INTO SkillRel VALUES (63, 815);
INSERT INTO SkillRel VALUES (63, 833);
INSERT INTO SkillRel VALUES (63, 953);
INSERT INTO SkillRel VALUES (63, 962);
INSERT INTO SkillRel VALUES (63, 995);
INSERT INTO SkillRel VALUES (64, 49);
INSERT INTO SkillRel VALUES (64, 58);
INSERT INTO SkillRel VALUES (64, 94);
INSERT INTO SkillRel VALUES (64, 116);
INSERT INTO SkillRel VALUES (64, 154);
INSERT INTO SkillRel VALUES (64, 301);
INSERT INTO SkillRel VALUES (64, 306);
INSERT INTO SkillRel VALUES (64, 308);
INSERT INTO SkillRel VALUES (64, 338);
INSERT INTO SkillRel VALUES (64, 352);
INSERT INTO SkillRel VALUES (64, 393);
INSERT INTO SkillRel VALUES (64, 416);
INSERT INTO SkillRel VALUES (64, 444);
INSERT INTO SkillRel VALUES (64, 464);
INSERT INTO SkillRel VALUES (64, 479);
INSERT INTO SkillRel VALUES (64, 505);
INSERT INTO SkillRel VALUES (64, 508);
INSERT INTO SkillRel VALUES (64, 566);
INSERT INTO SkillRel VALUES (64, 572);
INSERT INTO SkillRel VALUES (64, 595);
INSERT INTO SkillRel VALUES (64, 708);
INSERT INTO SkillRel VALUES (64, 742);
INSERT INTO SkillRel VALUES (64, 776);
INSERT INTO SkillRel VALUES (64, 815);
INSERT INTO SkillRel VALUES (64, 845);
INSERT INTO SkillRel VALUES (64, 980);
INSERT INTO SkillRel VALUES (64, 1016);
INSERT INTO SkillRel VALUES (64, 1058);
INSERT INTO SkillRel VALUES (65, 2);
INSERT INTO SkillRel VALUES (65, 58);
INSERT INTO SkillRel VALUES (65, 83);
INSERT INTO SkillRel VALUES (65, 92);
INSERT INTO SkillRel VALUES (65, 137);
INSERT INTO SkillRel VALUES (65, 149);
INSERT INTO SkillRel VALUES (65, 150);
INSERT INTO SkillRel VALUES (65, 204);
INSERT INTO SkillRel VALUES (65, 286);
INSERT INTO SkillRel VALUES (65, 287);
INSERT INTO SkillRel VALUES (65, 309);
INSERT INTO SkillRel VALUES (65, 313);
INSERT INTO SkillRel VALUES (65, 328);
INSERT INTO SkillRel VALUES (65, 369);
INSERT INTO SkillRel VALUES (65, 455);
INSERT INTO SkillRel VALUES (65, 460);
INSERT INTO SkillRel VALUES (65, 514);
INSERT INTO SkillRel VALUES (65, 541);
INSERT INTO SkillRel VALUES (65, 588);
INSERT INTO SkillRel VALUES (65, 589);
INSERT INTO SkillRel VALUES (65, 715);
INSERT INTO SkillRel VALUES (65, 716);
INSERT INTO SkillRel VALUES (65, 726);
INSERT INTO SkillRel VALUES (65, 762);
INSERT INTO SkillRel VALUES (65, 842);
INSERT INTO SkillRel VALUES (65, 1064);
INSERT INTO SkillRel VALUES (65, 1094);
INSERT INTO SkillRel VALUES (65, 1097);
INSERT INTO SkillRel VALUES (66, 64);
INSERT INTO SkillRel VALUES (66, 127);
INSERT INTO SkillRel VALUES (66, 129);
INSERT INTO SkillRel VALUES (66, 163);
INSERT INTO SkillRel VALUES (66, 232);
INSERT INTO SkillRel VALUES (66, 362);
INSERT INTO SkillRel VALUES (66, 377);
INSERT INTO SkillRel VALUES (66, 379);
INSERT INTO SkillRel VALUES (66, 399);
INSERT INTO SkillRel VALUES (66, 421);
INSERT INTO SkillRel VALUES (66, 450);
INSERT INTO SkillRel VALUES (66, 452);
INSERT INTO SkillRel VALUES (66, 482);
INSERT INTO SkillRel VALUES (66, 506);
INSERT INTO SkillRel VALUES (66, 549);
INSERT INTO SkillRel VALUES (66, 563);
INSERT INTO SkillRel VALUES (66, 578);
INSERT INTO SkillRel VALUES (66, 599);
INSERT INTO SkillRel VALUES (66, 605);
INSERT INTO SkillRel VALUES (66, 707);
INSERT INTO SkillRel VALUES (66, 737);
INSERT INTO SkillRel VALUES (66, 751);
INSERT INTO SkillRel VALUES (66, 774);
INSERT INTO SkillRel VALUES (66, 821);
INSERT INTO SkillRel VALUES (66, 848);
INSERT INTO SkillRel VALUES (66, 902);
INSERT INTO SkillRel VALUES (66, 1016);
INSERT INTO SkillRel VALUES (66, 1046);
INSERT INTO SkillRel VALUES (66, 1061);
INSERT INTO SkillRel VALUES (66, 1073);
INSERT INTO TeamRel VALUES (1, 168);
INSERT INTO TeamRel VALUES (1, 488);
INSERT INTO TeamRel VALUES (1, 560);
INSERT INTO TeamRel VALUES (1, 581);
INSERT INTO TeamRel VALUES (1, 604);
INSERT INTO TeamRel VALUES (1, 702);
INSERT INTO TeamRel VALUES (1, 730);
INSERT INTO TeamRel VALUES (1, 733);
INSERT INTO TeamRel VALUES (1, 753);
INSERT INTO TeamRel VALUES (1, 1085);
INSERT INTO TeamRel VALUES (2, 1);
INSERT INTO TeamRel VALUES (2, 152);
INSERT INTO TeamRel VALUES (2, 184);
INSERT INTO TeamRel VALUES (2, 281);
INSERT INTO TeamRel VALUES (2, 391);
INSERT INTO TeamRel VALUES (2, 458);
INSERT INTO TeamRel VALUES (2, 491);
INSERT INTO TeamRel VALUES (2, 502);
INSERT INTO TeamRel VALUES (2, 780);
INSERT INTO TeamRel VALUES (2, 788);
INSERT INTO TeamRel VALUES (3, 39);
INSERT INTO TeamRel VALUES (3, 87);
INSERT INTO TeamRel VALUES (3, 361);
INSERT INTO TeamRel VALUES (3, 452);
INSERT INTO TeamRel VALUES (3, 490);
INSERT INTO TeamRel VALUES (3, 491);
INSERT INTO TeamRel VALUES (3, 527);
INSERT INTO TeamRel VALUES (3, 543);
INSERT INTO TeamRel VALUES (3, 554);
INSERT INTO TeamRel VALUES (3, 974);
INSERT INTO TeamRel VALUES (4, 191);
INSERT INTO TeamRel VALUES (4, 233);
INSERT INTO TeamRel VALUES (4, 370);
INSERT INTO TeamRel VALUES (4, 554);
INSERT INTO TeamRel VALUES (4, 563);
INSERT INTO TeamRel VALUES (4, 1004);
INSERT INTO TeamRel VALUES (4, 1007);
INSERT INTO TeamRel VALUES (4, 1103);
INSERT INTO TeamRel VALUES (5, 198);
INSERT INTO TeamRel VALUES (5, 252);
INSERT INTO TeamRel VALUES (5, 324);
INSERT INTO TeamRel VALUES (5, 412);
INSERT INTO TeamRel VALUES (5, 461);
INSERT INTO TeamRel VALUES (5, 561);
INSERT INTO TeamRel VALUES (5, 769);
INSERT INTO TeamRel VALUES (5, 815);
INSERT INTO TeamRel VALUES (6, 5);
INSERT INTO TeamRel VALUES (6, 261);
INSERT INTO TeamRel VALUES (6, 281);
INSERT INTO TeamRel VALUES (6, 326);
INSERT INTO TeamRel VALUES (6, 389);
INSERT INTO TeamRel VALUES (6, 437);
INSERT INTO TeamRel VALUES (6, 492);
INSERT INTO TeamRel VALUES (6, 769);
INSERT INTO TeamRel VALUES (6, 947);
INSERT INTO TeamRel VALUES (7, 94);
INSERT INTO TeamRel VALUES (7, 108);
INSERT INTO TeamRel VALUES (7, 265);
INSERT INTO TeamRel VALUES (7, 315);
INSERT INTO TeamRel VALUES (7, 409);
INSERT INTO TeamRel VALUES (7, 440);
INSERT INTO TeamRel VALUES (7, 454);
INSERT INTO TeamRel VALUES (7, 469);
INSERT INTO TeamRel VALUES (7, 475);
INSERT INTO TeamRel VALUES (7, 481);
INSERT INTO TeamRel VALUES (8, 174);
INSERT INTO TeamRel VALUES (8, 186);
INSERT INTO TeamRel VALUES (8, 320);
INSERT INTO TeamRel VALUES (8, 476);
INSERT INTO TeamRel VALUES (8, 587);
INSERT INTO TeamRel VALUES (8, 719);
INSERT INTO TeamRel VALUES (8, 785);
INSERT INTO TeamRel VALUES (8, 818);
INSERT INTO TeamRel VALUES (8, 1007);
INSERT INTO TeamRel VALUES (8, 1073);
INSERT INTO TeamRel VALUES (9, 4);
INSERT INTO TeamRel VALUES (9, 131);
INSERT INTO TeamRel VALUES (9, 188);
INSERT INTO TeamRel VALUES (9, 206);
INSERT INTO TeamRel VALUES (9, 217);
INSERT INTO TeamRel VALUES (9, 488);
INSERT INTO TeamRel VALUES (9, 505);
INSERT INTO TeamRel VALUES (9, 735);
INSERT INTO TeamRel VALUES (9, 956);
INSERT INTO TeamRel VALUES (10, 101);
INSERT INTO TeamRel VALUES (10, 258);
INSERT INTO TeamRel VALUES (10, 336);
INSERT INTO TeamRel VALUES (10, 353);
INSERT INTO TeamRel VALUES (10, 498);
INSERT INTO TeamRel VALUES (10, 511);
INSERT INTO TeamRel VALUES (10, 706);
INSERT INTO TeamRel VALUES (10, 789);
INSERT INTO TeamRel VALUES (10, 812);
INSERT INTO TeamRel VALUES (10, 920);
INSERT INTO TeamRel VALUES (11, 59);
INSERT INTO TeamRel VALUES (11, 70);
INSERT INTO TeamRel VALUES (11, 81);
INSERT INTO TeamRel VALUES (11, 87);
INSERT INTO TeamRel VALUES (11, 101);
INSERT INTO TeamRel VALUES (11, 320);
INSERT INTO TeamRel VALUES (11, 367);
INSERT INTO TeamRel VALUES (11, 788);
INSERT INTO TeamRel VALUES (11, 899);
INSERT INTO TeamRel VALUES (11, 911);
INSERT INTO TeamRel VALUES (12, 55);
INSERT INTO TeamRel VALUES (12, 83);
INSERT INTO TeamRel VALUES (12, 84);
INSERT INTO TeamRel VALUES (12, 199);
INSERT INTO TeamRel VALUES (12, 252);
INSERT INTO TeamRel VALUES (12, 453);
INSERT INTO TeamRel VALUES (12, 528);
INSERT INTO TeamRel VALUES (12, 1025);
INSERT INTO TeamRel VALUES (12, 1097);
INSERT INTO TeamRel VALUES (13, 85);
INSERT INTO TeamRel VALUES (13, 145);
INSERT INTO TeamRel VALUES (13, 183);
INSERT INTO TeamRel VALUES (13, 274);
INSERT INTO TeamRel VALUES (13, 398);
INSERT INTO TeamRel VALUES (13, 401);
INSERT INTO TeamRel VALUES (13, 709);
INSERT INTO TeamRel VALUES (13, 836);
INSERT INTO TeamRel VALUES (13, 947);
INSERT INTO TeamRel VALUES (13, 950);
INSERT INTO TeamRel VALUES (14, 48);
INSERT INTO TeamRel VALUES (14, 95);
INSERT INTO TeamRel VALUES (14, 96);
INSERT INTO TeamRel VALUES (14, 172);
INSERT INTO TeamRel VALUES (14, 179);
INSERT INTO TeamRel VALUES (14, 295);
INSERT INTO TeamRel VALUES (14, 427);
INSERT INTO TeamRel VALUES (14, 571);
INSERT INTO TeamRel VALUES (14, 715);
INSERT INTO TeamRel VALUES (14, 953);
INSERT INTO TeamRel VALUES (15, 338);
INSERT INTO TeamRel VALUES (15, 352);
INSERT INTO TeamRel VALUES (15, 353);
INSERT INTO TeamRel VALUES (15, 408);
INSERT INTO TeamRel VALUES (15, 458);
INSERT INTO TeamRel VALUES (15, 741);
INSERT INTO TeamRel VALUES (15, 754);
INSERT INTO TeamRel VALUES (15, 755);
INSERT INTO TeamRel VALUES (15, 860);
INSERT INTO TeamRel VALUES (15, 1097);
INSERT INTO TeamRel VALUES (16, 70);
INSERT INTO TeamRel VALUES (16, 185);
INSERT INTO TeamRel VALUES (16, 359);
INSERT INTO TeamRel VALUES (16, 463);
INSERT INTO TeamRel VALUES (16, 489);
INSERT INTO TeamRel VALUES (16, 518);
INSERT INTO TeamRel VALUES (16, 542);
INSERT INTO TeamRel VALUES (16, 565);
INSERT INTO TeamRel VALUES (16, 743);
INSERT INTO TeamRel VALUES (16, 806);
INSERT INTO TeamRel VALUES (17, 122);
INSERT INTO TeamRel VALUES (17, 221);
INSERT INTO TeamRel VALUES (17, 410);
INSERT INTO TeamRel VALUES (17, 418);
INSERT INTO TeamRel VALUES (17, 425);
INSERT INTO TeamRel VALUES (17, 517);
INSERT INTO TeamRel VALUES (17, 518);
INSERT INTO TeamRel VALUES (17, 559);
INSERT INTO TeamRel VALUES (17, 583);
INSERT INTO TeamRel VALUES (17, 720);
INSERT INTO TeamRel VALUES (18, 3);
INSERT INTO TeamRel VALUES (18, 20);
INSERT INTO TeamRel VALUES (18, 256);
INSERT INTO TeamRel VALUES (18, 369);
INSERT INTO TeamRel VALUES (18, 554);
INSERT INTO TeamRel VALUES (18, 743);
INSERT INTO TeamRel VALUES (18, 753);
INSERT INTO TeamRel VALUES (18, 789);
INSERT INTO TeamRel VALUES (19, 107);
INSERT INTO TeamRel VALUES (19, 133);
INSERT INTO TeamRel VALUES (19, 219);
INSERT INTO TeamRel VALUES (19, 266);
INSERT INTO TeamRel VALUES (19, 355);
INSERT INTO TeamRel VALUES (19, 399);
INSERT INTO TeamRel VALUES (19, 549);
INSERT INTO TeamRel VALUES (19, 599);
INSERT INTO TeamRel VALUES (19, 896);
INSERT INTO TeamRel VALUES (20, 80);
INSERT INTO TeamRel VALUES (20, 131);
INSERT INTO TeamRel VALUES (20, 141);
INSERT INTO TeamRel VALUES (20, 223);
INSERT INTO TeamRel VALUES (20, 437);
INSERT INTO TeamRel VALUES (20, 438);
INSERT INTO TeamRel VALUES (20, 604);
INSERT INTO TeamRel VALUES (20, 776);
INSERT INTO TeamRel VALUES (20, 1043);
INSERT INTO TeamRel VALUES (21, 43);
INSERT INTO TeamRel VALUES (21, 148);
INSERT INTO TeamRel VALUES (21, 243);
INSERT INTO TeamRel VALUES (21, 332);
INSERT INTO TeamRel VALUES (21, 359);
INSERT INTO TeamRel VALUES (21, 361);
INSERT INTO TeamRel VALUES (21, 467);
INSERT INTO TeamRel VALUES (21, 550);
INSERT INTO TeamRel VALUES (21, 833);
INSERT INTO TeamRel VALUES (22, 375);
INSERT INTO TeamRel VALUES (22, 473);
INSERT INTO TeamRel VALUES (22, 492);
INSERT INTO TeamRel VALUES (22, 521);
INSERT INTO TeamRel VALUES (22, 540);
INSERT INTO TeamRel VALUES (22, 589);
INSERT INTO TeamRel VALUES (22, 714);
INSERT INTO TeamRel VALUES (22, 1037);
INSERT INTO TeamRel VALUES (23, 92);
INSERT INTO TeamRel VALUES (23, 190);
INSERT INTO TeamRel VALUES (23, 205);
INSERT INTO TeamRel VALUES (23, 332);
INSERT INTO TeamRel VALUES (23, 408);
INSERT INTO TeamRel VALUES (23, 474);
INSERT INTO TeamRel VALUES (23, 529);
INSERT INTO TeamRel VALUES (23, 554);
INSERT INTO TeamRel VALUES (23, 962);
INSERT INTO TeamRel VALUES (23, 1091);
INSERT INTO TeamRel VALUES (24, 124);
INSERT INTO TeamRel VALUES (24, 278);
INSERT INTO TeamRel VALUES (24, 448);
INSERT INTO TeamRel VALUES (24, 452);
INSERT INTO TeamRel VALUES (24, 460);
INSERT INTO TeamRel VALUES (24, 496);
INSERT INTO TeamRel VALUES (24, 521);
INSERT INTO TeamRel VALUES (24, 564);
INSERT INTO TeamRel VALUES (24, 721);
INSERT INTO TeamRel VALUES (24, 845);
INSERT INTO TeamRel VALUES (25, 139);
INSERT INTO TeamRel VALUES (25, 170);
INSERT INTO TeamRel VALUES (25, 192);
INSERT INTO TeamRel VALUES (25, 286);
INSERT INTO TeamRel VALUES (25, 306);
INSERT INTO TeamRel VALUES (25, 718);
INSERT INTO TeamRel VALUES (25, 959);
INSERT INTO TeamRel VALUES (25, 1085);
INSERT INTO TeamRel VALUES (26, 91);
INSERT INTO TeamRel VALUES (26, 277);
INSERT INTO TeamRel VALUES (26, 307);
INSERT INTO TeamRel VALUES (26, 309);
INSERT INTO TeamRel VALUES (26, 375);
INSERT INTO TeamRel VALUES (26, 378);
INSERT INTO TeamRel VALUES (26, 535);
INSERT INTO TeamRel VALUES (26, 572);
INSERT INTO TeamRel VALUES (26, 1034);
INSERT INTO TeamRel VALUES (27, 69);
INSERT INTO TeamRel VALUES (27, 181);
INSERT INTO TeamRel VALUES (27, 326);
INSERT INTO TeamRel VALUES (27, 356);
INSERT INTO TeamRel VALUES (27, 444);
INSERT INTO TeamRel VALUES (27, 447);
INSERT INTO TeamRel VALUES (27, 605);
INSERT INTO TeamRel VALUES (27, 787);
INSERT INTO TeamRel VALUES (27, 920);
INSERT INTO TeamRel VALUES (27, 1103);
INSERT INTO TeamRel VALUES (28, 226);
INSERT INTO TeamRel VALUES (28, 239);
INSERT INTO TeamRel VALUES (28, 539);
INSERT INTO TeamRel VALUES (28, 591);
INSERT INTO TeamRel VALUES (28, 604);
INSERT INTO TeamRel VALUES (28, 760);
INSERT INTO TeamRel VALUES (28, 781);
INSERT INTO TeamRel VALUES (28, 998);
INSERT INTO TeamRel VALUES (28, 1010);
INSERT INTO TeamRel VALUES (28, 1025);
INSERT INTO TeamRel VALUES (29, 4);
INSERT INTO TeamRel VALUES (29, 25);
INSERT INTO TeamRel VALUES (29, 160);
INSERT INTO TeamRel VALUES (29, 283);
INSERT INTO TeamRel VALUES (29, 379);
INSERT INTO TeamRel VALUES (29, 554);
INSERT INTO TeamRel VALUES (29, 780);
INSERT INTO TeamRel VALUES (29, 851);
INSERT INTO TeamRel VALUES (29, 1016);
INSERT INTO TeamRel VALUES (30, 186);
INSERT INTO TeamRel VALUES (30, 301);
INSERT INTO TeamRel VALUES (30, 386);
INSERT INTO TeamRel VALUES (30, 429);
INSERT INTO TeamRel VALUES (30, 579);
INSERT INTO TeamRel VALUES (30, 601);
INSERT INTO TeamRel VALUES (30, 604);
INSERT INTO TeamRel VALUES (30, 755);
INSERT INTO TeamRel VALUES (30, 774);
INSERT INTO TeamRel VALUES (31, 76);
INSERT INTO TeamRel VALUES (31, 108);
INSERT INTO TeamRel VALUES (31, 112);
INSERT INTO TeamRel VALUES (31, 126);
INSERT INTO TeamRel VALUES (31, 149);
INSERT INTO TeamRel VALUES (31, 454);
INSERT INTO TeamRel VALUES (31, 536);
INSERT INTO TeamRel VALUES (31, 755);
INSERT INTO TeamRel VALUES (31, 842);
INSERT INTO TeamRel VALUES (31, 899);
INSERT INTO TeamRel VALUES (32, 183);
INSERT INTO TeamRel VALUES (32, 198);
INSERT INTO TeamRel VALUES (32, 247);
INSERT INTO TeamRel VALUES (32, 258);
INSERT INTO TeamRel VALUES (32, 727);
INSERT INTO TeamRel VALUES (32, 740);
INSERT INTO TeamRel VALUES (32, 756);
INSERT INTO TeamRel VALUES (32, 815);
INSERT INTO TeamRel VALUES (32, 908);
INSERT INTO TeamRel VALUES (32, 956);
INSERT INTO TeamRel VALUES (33, 20);
INSERT INTO TeamRel VALUES (33, 113);
INSERT INTO TeamRel VALUES (33, 297);
INSERT INTO TeamRel VALUES (33, 549);
INSERT INTO TeamRel VALUES (33, 550);
INSERT INTO TeamRel VALUES (33, 561);
INSERT INTO TeamRel VALUES (33, 604);
INSERT INTO TeamRel VALUES (33, 747);
INSERT INTO TeamRel VALUES (33, 782);
INSERT INTO TeamRel VALUES (34, 219);
INSERT INTO TeamRel VALUES (34, 228);
INSERT INTO TeamRel VALUES (34, 303);
INSERT INTO TeamRel VALUES (34, 321);
INSERT INTO TeamRel VALUES (34, 404);
INSERT INTO TeamRel VALUES (34, 451);
INSERT INTO TeamRel VALUES (34, 593);
INSERT INTO TeamRel VALUES (34, 766);
INSERT INTO TeamRel VALUES (34, 914);
INSERT INTO TeamRel VALUES (35, 420);
INSERT INTO TeamRel VALUES (35, 541);
INSERT INTO TeamRel VALUES (35, 566);
INSERT INTO TeamRel VALUES (35, 571);
INSERT INTO TeamRel VALUES (35, 717);
INSERT INTO TeamRel VALUES (35, 836);
INSERT INTO TeamRel VALUES (35, 941);
INSERT INTO TeamRel VALUES (35, 1094);
INSERT INTO TeamRel VALUES (36, 105);
INSERT INTO TeamRel VALUES (36, 141);
INSERT INTO TeamRel VALUES (36, 189);
INSERT INTO TeamRel VALUES (36, 203);
INSERT INTO TeamRel VALUES (36, 477);
INSERT INTO TeamRel VALUES (36, 521);
INSERT INTO TeamRel VALUES (36, 787);
INSERT INTO TeamRel VALUES (36, 795);
INSERT INTO TeamRel VALUES (37, 174);
INSERT INTO TeamRel VALUES (37, 324);
INSERT INTO TeamRel VALUES (37, 391);
INSERT INTO TeamRel VALUES (37, 518);
INSERT INTO TeamRel VALUES (37, 580);
INSERT INTO TeamRel VALUES (37, 869);
INSERT INTO TeamRel VALUES (37, 1064);
INSERT INTO TeamRel VALUES (37, 1085);
INSERT INTO TeamRel VALUES (38, 22);
INSERT INTO TeamRel VALUES (38, 78);
INSERT INTO TeamRel VALUES (38, 113);
INSERT INTO TeamRel VALUES (38, 150);
INSERT INTO TeamRel VALUES (38, 155);
INSERT INTO TeamRel VALUES (38, 358);
INSERT INTO TeamRel VALUES (38, 498);
INSERT INTO TeamRel VALUES (38, 585);
INSERT INTO TeamRel VALUES (38, 962);
INSERT INTO TeamRel VALUES (39, 184);
INSERT INTO TeamRel VALUES (39, 271);
INSERT INTO TeamRel VALUES (39, 277);
INSERT INTO TeamRel VALUES (39, 449);
INSERT INTO TeamRel VALUES (39, 462);
INSERT INTO TeamRel VALUES (39, 473);
INSERT INTO TeamRel VALUES (39, 583);
INSERT INTO TeamRel VALUES (39, 709);
INSERT INTO TeamRel VALUES (40, 61);
INSERT INTO TeamRel VALUES (40, 191);
INSERT INTO TeamRel VALUES (40, 212);
INSERT INTO TeamRel VALUES (40, 317);
INSERT INTO TeamRel VALUES (40, 360);
INSERT INTO TeamRel VALUES (40, 378);
INSERT INTO TeamRel VALUES (40, 419);
INSERT INTO TeamRel VALUES (40, 770);
INSERT INTO TeamRel VALUES (40, 1076);
INSERT INTO TeamRel VALUES (40, 1109);
INSERT INTO TeamRel VALUES (42, 328);
INSERT INTO TeamRel VALUES (44, 106);
INSERT INTO TeamRel VALUES (44, 436);
INSERT INTO TeamRel VALUES (44, 603);
