﻿<parameters>
  <parameter name="IIS Web Application Name" defaultValue="Default Web Site/Copiosis" tags="IisApp">
    <parameterEntry kind="ProviderPath" scope="IisApp" match="^C:\\Users\\Aaron\\Documents\\GitHub\\Copiosis\\Copiosis\ Application\\obj\\Release\\Package\\PackageTmp$" />
    <parameterEntry kind="ProviderPath" scope="setAcl" match="^C:\\Users\\Aaron\\Documents\\GitHub\\Copiosis\\Copiosis\ Application\\obj\\Release\\Package\\PackageTmp$" />
  </parameter>
  <parameter name="CopiosisEntities-Web.config Connection String" defaultValue="metadata=res://*/DB_Data.CopiosisDBModel.csdl|res://*/DB_Data.CopiosisDBModel.ssdl|res://*/DB_Data.CopiosisDBModel.msl;provider=System.Data.SqlClient;provider connection string=&quot;data source=.\SQLEXPRESS;initial catalog=Copiosis;integrated security=True;MultipleActiveResultSets=True;App=EntityFramework&quot;">
    <parameterEntry kind="XmlFile" scope="C:\\Users\\Aaron\\Documents\\GitHub\\Copiosis\\Copiosis\ Application\\obj\\Release\\Package\\PackageTmp\\Web\.config$" match="/configuration/connectionStrings/add[@name='CopiosisEntities']/@connectionString" />
  </parameter>
  <parameter name="CopiosisConnection-Web.config Connection String" description="CopiosisConnection Connection String used in web.config by the application to access the database." defaultValue="Server=.\SQLEXPRESS;Database=Copiosis;integrated security=True;MultipleActiveResultSets=True;App=EntityFramework" tags="SqlConnectionString">
    <parameterEntry kind="XmlFile" scope="C:\\Users\\Aaron\\Documents\\GitHub\\Copiosis\\Copiosis\ Application\\obj\\Release\\Package\\PackageTmp\\Web\.config$" match="/configuration/connectionStrings/add[@name='CopiosisConnection']/@connectionString" />
  </parameter>
</parameters>